seed,family,noise,method,budget,rmse,mae,decision_agreement,missed_exceedance,mean_std,q95_std,label_change,critical_q95_std,confidence_q05,ambiguous_90,gate_fired,gate_budget,gate_success,exceedance_fraction,tp,fn,fp,tn,prevalence,recall,precision,false_positive_rate,balanced_accuracy
0,smooth,0.003,space_filling,100,0.002549454769275749,0.00201581124441355,0.9968,0.05263157894736842,0.012153785171622375,0.01866275627093908,0.0016,0.019320923522256433,0.7077258881121853,0.2512,False,,,0.0304,18,1,1,605,0.0304,0.9473684210526315,0.9473684210526315,0.0016501650165016502,0.972859128018065
0,smooth,0.003,geometry_only,100,0.0028118952015082784,0.0022664976619455944,0.9968,0.05263157894736842,0.013991870454434473,0.02542136193589012,0.0032,0.026011636437756603,0.6946098817676069,0.3488,False,,,0.0304,18,1,1,605,0.0304,0.9473684210526315,0.9473684210526315,0.0016501650165016502,0.972859128018065
0,smooth,0.003,uncertainty_only,100,0.0025371370831840023,0.0020449698231800695,0.9936,0.10526315789473684,0.012200202295916208,0.018738674338793563,0.0,0.019284616928467176,0.7397624443083167,0.2608,False,,,0.0304,17,2,2,604,0.0304,0.8947368421052632,0.8947368421052632,0.0033003300330033004,0.9457182560361299
0,smooth,0.003,evidence_gated,100,0.002761692366304775,0.002226971484755286,0.9984,0.0,0.012997602700106563,0.02160478126697967,0.0,0.02200448560854798,0.7890351333946097,0.296,False,,,0.0304,19,0,1,605,0.0304,1.0,0.95,0.0016501650165016502,0.9991749174917492
0,smooth,0.003,two_sided_straddle,100,0.002957748114437066,0.00233327745433387,0.9984,0.0,0.013300854688537162,0.02223339509386448,0.0,0.02240669140759094,0.7607136832243528,0.3376,False,,,0.0304,19,0,1,605,0.0304,1.0,0.95,0.0016501650165016502,0.9991749174917492
0,smooth,0.003,randomized_straddle,100,0.0037450068388523677,0.0029699392904277092,0.9984,0.0,0.015151947329621288,0.02646223332736385,0.0,0.026818311200124772,0.7464691810417532,0.432,False,,,0.0304,19,0,1,605,0.0304,1.0,0.95,0.0016501650165016502,0.9991749174917492
0,smooth,0.003,posterior_risk,100,0.003579647271857488,0.0027689749872604266,0.9984,0.0,0.01458548950968239,0.02373984821719537,0.0,0.024020074105692873,0.800356160687103,0.4032,False,,,0.0304,19,0,1,605,0.0304,1.0,0.95,0.0016501650165016502,0.9991749174917492
0,smooth,0.003,evidence_no_geometry,100,0.002611587468033711,0.0020702034147305932,0.9984,0.0,0.012963196155017667,0.020696319151992288,0.0,0.021001692317130463,0.7884669170341385,0.3024,False,,,0.0304,19,0,1,605,0.0304,1.0,0.95,0.0016501650165016502,0.9991749174917492
0,smooth,0.003,risk_geometry,100,0.0031428609117975874,0.0024944564610929467,0.9984,0.0,0.014156704706852208,0.02280966441707571,0.0,0.022990019938926156,0.8058187977501808,0.3664,False,,,0.0304,19,0,1,605,0.0304,1.0,0.95,0.0016501650165016502,0.9991749174917492
0,smooth,0.008,space_filling,100,0.006345727826779344,0.005126322452039426,0.984,0.3157894736842105,0.013908628451164015,0.019487944199375516,0.0,0.0199423812064004,0.7125392192677165,0.3248,False,,,0.0304,13,6,4,602,0.0304,0.6842105263157895,0.7647058823529411,0.006600660066006601,0.8388049331248915
0,smooth,0.008,geometry_only,100,0.006569032573616556,0.005292268154707078,0.9808,0.3684210526315789,0.015639820499339485,0.026185248375986587,0.0032,0.02658271590144486,0.7079128346321806,0.4096,False,,,0.0304,12,7,5,601,0.0304,0.631578947368421,0.7058823529411765,0.00825082508250825,0.8116640611429564
0,smooth,0.008,uncertainty_only,100,0.005410721086167175,0.004413502260636645,0.9952,0.10526315789473684,0.013804423940147309,0.018613044555696425,0.0016,0.01924454517588509,0.6954454282774638,0.3152,False,,,0.0304,17,2,1,605,0.0304,0.8947368421052632,0.9444444444444444,0.0016501650165016502,0.9465433385443808
0,smooth,0.008,evidence_gated,100,0.006408877698894594,0.005144696591877316,0.976,0.15789473684210525,0.01508155135688367,0.022176604344306284,0.0,0.02236963587518262,0.7325549028593459,0.3664,False,,,0.0304,16,3,12,594,0.0304,0.8421052631578947,0.5714285714285714,0.019801980198019802,0.9111516414799374
0,smooth,0.008,two_sided_straddle,100,0.006124640043130946,0.004786585342826038,0.984,0.05263157894736842,0.015338408035193169,0.024748973127267745,0.0032,0.02517197511391457,0.719271332935485,0.4336,False,,,0.0304,18,1,9,597,0.0304,0.9473684210526315,0.6666666666666666,0.01485148514851485,0.9662584679520583
0,smooth,0.008,randomized_straddle,100,0.005839077770956894,0.004650924162431049,0.9856,0.10526315789473684,0.016504494974969437,0.025651427786146645,0.0,0.025787235087556582,0.717947723047356,0.5152,False,,,0.0304,17,2,7,599,0.0304,0.8947368421052632,0.7083333333333334,0.01155115511551155,0.9415928434948758
0,smooth,0.008,posterior_risk,100,0.006937692008452583,0.005327801333616842,0.9824,0.21052631578947367,0.016745547384449666,0.025914443003232264,0.0,0.02600507993953831,0.764108343621356,0.5504,False,,,0.0304,15,4,7,599,0.0304,0.7894736842105263,0.6818181818181818,0.01155115511551155,0.8889612645475073
0,smooth,0.008,evidence_no_geometry,100,0.006591854986425342,0.005239153839681725,0.9792,0.10526315789473684,0.014878668259778943,0.021489048849922497,0.0016,0.021564731194649096,0.7197099842360242,0.408,False,,,0.0304,17,2,11,595,0.0304,0.8947368421052632,0.6071428571428571,0.018151815181518153,0.9382925134618725
0,smooth,0.008,risk_geometry,100,0.0069882550897485095,0.005562057889765586,0.9808,0.15789473684210525,0.01643554310615368,0.025224552796280036,0.0016,0.025286119177933535,0.7677911022238388,0.4736,False,,,0.0304,16,3,9,597,0.0304,0.8421052631578947,0.64,0.01485148514851485,0.9136268890046899
0,waviness,0.003,space_filling,100,0.005674750713716465,0.004295006021344096,0.9312,0.5,0.012153785171622375,0.01866275627093908,0.0032,0.01914444414129863,0.603626443319801,0.3456,False,,,0.1184,37,37,6,545,0.1184,0.5,0.8604651162790697,0.010889292196007259,0.7445553539019965
0,waviness,0.003,geometry_only,100,0.010189960491453338,0.006867098768716698,0.9296,0.581081081081081,0.013700349403757195,0.022701609541372576,0.0032,0.02298772834520077,0.6325582987378509,0.4368,False,,,0.1184,31,43,1,550,0.1184,0.4189189189189189,0.96875,0.0018148820326678765,0.7085520184431255
0,waviness,0.003,uncertainty_only,100,0.005959182216384558,0.004499506146519412,0.9376,0.5135135135135135,0.012200202295916208,0.018738674338793563,0.0032,0.019137301763658604,0.6089677592432595,0.32,False,,,0.1184,36,38,1,550,0.1184,0.4864864864864865,0.972972972972973,0.0018148820326678765,0.7423358022269093
0,waviness,0.003,evidence_gated,100,0.01021195187838151,0.00748664307529605,0.9536,0.33783783783783783,0.015032535377107257,0.02515963774888613,0.0,0.025668295170478805,0.7192728274039076,0.5152,False,,,0.1184,49,25,4,547,0.1184,0.6621621621621622,0.9245283018867925,0.007259528130671506,0.8274513170157454
0,waviness,0.003,two_sided_straddle,100,0.010359962394244542,0.007407858961008283,0.9568,0.28378378378378377,0.014210150633885973,0.024648856464012842,0.008,0.02472302786754672,0.6719827315762303,0.4224,False,,,0.1184,53,21,6,545,0.1184,0.7162162162162162,0.8983050847457628,0.010889292196007259,0.8526634620101046
0,waviness,0.003,randomized_straddle,100,0.012771758237627119,0.009159994344966591,0.9424,0.4189189189189189,0.015561568417813722,0.025720312790247352,0.0048,0.02591747279787584,0.7106521678427746,0.52,False,,,0.1184,43,31,5,546,0.1184,0.581081081081081,0.8958333333333334,0.009074410163339383,0.7860033354588708
0,waviness,0.003,posterior_risk,100,0.014114829515727777,0.0100983738602192,0.9504,0.36486486486486486,0.016641701552634055,0.02915700936253317,0.008,0.029408858765995704,0.6764296962212332,0.6096,False,,,0.1184,47,27,4,547,0.1184,0.6351351351351351,0.9215686274509803,0.007259528130671506,0.8139378035022318
0,waviness,0.003,evidence_no_geometry,100,0.011492809122920604,0.008299683733641226,0.9488,0.3918918918918919,0.014949029993514384,0.024862668238616714,0.0,0.025224229794124305,0.7231753788782355,0.4976,False,,,0.1184,45,29,3,548,0.1184,0.6081081081081081,0.9375,0.0054446460980036296,0.8013317310050523
0,waviness,0.003,risk_geometry,100,0.014456501439465289,0.010318601461124951,0.944,0.40540540540540543,0.01642278808528702,0.028478122130333662,0.0064,0.028717188693746527,0.689703906506799,0.592,False,,,0.1184,44,30,5,546,0.1184,0.5945945945945946,0.8979591836734694,0.009074410163339383,0.7927600922156276
0,waviness,0.008,space_filling,100,0.008894850423275138,0.007115434634274844,0.9168,0.5945945945945946,0.013908628451164015,0.019487944199375516,0.0112,0.019865076468208464,0.5857647515096608,0.4192,False,,,0.1184,30,44,8,543,0.1184,0.40540540540540543,0.7894736842105263,0.014519056261343012,0.6954431745720312
0,waviness,0.008,geometry_only,100,0.012568254439854432,0.00931069985202071,0.9136,0.5945945945945946,0.015348954333452852,0.023390581319829077,0.0048,0.02359606676130824,0.5930587282517356,0.5008,False,,,0.1184,30,44,10,541,0.1184,0.40540540540540543,0.75,0.018148820326678767,0.6936282925393633
0,waviness,0.008,uncertainty_only,100,0.008616155965370145,0.00695585936933664,0.9168,0.5540540540540541,0.013804423940147309,0.018613044555696425,0.0064,0.018816746913945463,0.5934485825856608,0.3856,False,,,0.1184,33,41,11,540,0.1184,0.44594594594594594,0.75,0.019963702359346643,0.7129911217932996
0,waviness,0.008,evidence_gated,100,0.013162353337978381,0.010240079084808167,0.9296,0.4864864864864865,0.016342685376189287,0.025500766346047404,0.008,0.025573253875736442,0.6372472595358879,0.6368,False,,,0.1184,38,36,8,543,0.1184,0.5135135135135135,0.8260869565217391,0.014519056261343012,0.7494972286260853
0,waviness,0.008,two_sided_straddle,100,0.01163837243743981,0.008965529997927183,0.9264,0.5540540540540541,0.015832405645740392,0.024353353771467932,0.0016,0.024412000155071816,0.641509189925239,0.52,False,,,0.1184,33,41,5,546,0.1184,0.44594594594594594,0.868421052631579,0.009074410163339383,0.7184357678913033
0,waviness,0.008,randomized_straddle,100,0.012447821319003283,0.009401056810528805,0.9312,0.47297297297297297,0.01707367961140546,0.027044562431271357,0.0128,0.027356883902510436,0.616593253783888,0.616,False,,,0.1184,39,35,8,543,0.1184,0.527027027027027,0.8297872340425532,0.014519056261343012,0.756253985382842
0,waviness,0.008,posterior_risk,100,0.016333198487591762,0.012126845392568857,0.9168,0.581081081081081,0.0197163999488445,0.03389108760780267,0.0016,0.033984045169624916,0.6505221580753063,0.7216,False,,,0.1184,31,43,9,542,0.1184,0.4189189189189189,0.775,0.016333938294010888,0.701292490312454
0,waviness,0.008,evidence_no_geometry,100,0.012440962753270403,0.009322700989031792,0.9296,0.47297297297297297,0.016136057442365695,0.02507092682685754,0.0048,0.025293555634331437,0.6821446228660581,0.5696,False,,,0.1184,39,35,9,542,0.1184,0.527027027027027,0.8125,0.016333938294010888,0.755346544366508
0,waviness,0.008,risk_geometry,100,0.014454280361174692,0.011370460579910202,0.9136,0.5540540540540541,0.018022553945950655,0.028826170992558513,0.0016,0.028879425013734864,0.6266094468589241,0.6848,False,,,0.1184,33,41,13,538,0.1184,0.44594594594594594,0.717391304347826,0.023593466424682397,0.7111762397606318
0,local_defect,0.003,space_filling,100,0.003649946375290315,0.002351761684198144,0.9984,1.0,0.012153785171622375,0.01866275627093908,0.0,0.019370408031931293,0.8799523202933307,0.088,False,,,0.0016,0,1,0,624,0.0016,0.0,0.0,0.0,0.5
0,local_defect,0.003,geometry_only,100,0.006364289689443252,0.0026647515360364,0.9984,1.0,0.013013418379929314,0.021099761300516506,0.0,0.021495244601146966,0.8119683421351189,0.176,False,,,0.0016,0,1,0,624,0.0016,0.0,0.0,0.0,0.5
0,local_defect,0.003,uncertainty_only,100,0.003193343506993548,0.002247334587921872,0.9936,0.0,0.012200202295916208,0.018738674338793563,0.0,0.019554132195296448,0.8432243996085516,0.1232,False,,,0.0016,1,0,4,620,0.0016,1.0,0.2,0.00641025641025641,0.9967948717948718
0,local_defect,0.003,evidence_gated,100,0.0034805992838901137,0.0026964308920036837,0.9968,0.0,0.012309800801368837,0.01872743547328096,0.0,0.01950396700401602,0.8668750393542181,0.0944,True,64.0,False,0.0016,1,0,2,622,0.0016,1.0,0.3333333333333333,0.003205128205128205,0.9983974358974359
0,local_defect,0.003,two_sided_straddle,100,0.0030989292447978264,0.0023572726410698614,0.9952,0.0,0.013155012055483667,0.021352181744523815,0.0,0.021906255871038432,0.8654873153202101,0.1232,False,,,0.0016,1,0,3,621,0.0016,1.0,0.25,0.004807692307692308,0.9975961538461539
0,local_defect,0.003,randomized_straddle,100,0.004447136898847303,0.0026035621466429914,0.9984,1.0,0.014178651206778655,0.024042240192520156,0.0,0.02446134688964143,0.8487312024212198,0.1456,False,,,0.0016,0,1,0,624,0.0016,0.0,0.0,0.0,0.5
0,local_defect,0.003,posterior_risk,100,0.005932427295718218,0.002707270165080407,0.9984,1.0,0.013168081338415476,0.021374324449795246,0.0,0.02176225225240151,0.8832299480771635,0.0992,False,,,0.0016,0,1,0,624,0.0016,0.0,0.0,0.0,0.5
0,local_defect,0.003,evidence_no_geometry,100,0.004003978457449862,0.0025118369458530638,0.9984,1.0,0.01249292191138698,0.01923700352027064,0.0,0.020199528520754215,0.8780119959880067,0.1008,False,,,0.0016,0,1,0,624,0.0016,0.0,0.0,0.0,0.5
0,local_defect,0.003,risk_geometry,100,0.0026438679844745204,0.002030223659281344,1.0,0.0,0.013176934790890823,0.020511757987544826,0.0016,0.02098144635729186,0.8834888629252681,0.0928,False,,,0.0016,1,0,0,624,0.0016,1.0,1.0,0.0,1.0
0,local_defect,0.008,space_filling,100,0.006550423107671482,0.004932539718575984,0.9984,1.0,0.013908628451164015,0.019487944199375516,0.0,0.019938644419702438,0.809577013807264,0.192,False,,,0.0016,0,1,0,624,0.0016,0.0,0.0,0.0,0.5
0,local_defect,0.008,geometry_only,100,0.00826628180377127,0.005700937766208819,0.9984,1.0,0.014709848389298992,0.021892316987455654,0.0,0.022002392973726845,0.7903310736906997,0.2544,False,,,0.0016,0,1,0,624,0.0016,0.0,0.0,0.0,0.5
0,local_defect,0.008,uncertainty_only,100,0.006025525270408637,0.004828601102421111,0.9952,0.0,0.013804423940147309,0.018613044555696425,0.0,0.01933746048553148,0.8074002535903456,0.2016,False,,,0.0016,1,0,3,621,0.0016,1.0,0.25,0.004807692307692308,0.9975961538461539
0,local_defect,0.008,evidence_gated,100,0.0069518780312343605,0.005075891759325218,0.9984,1.0,0.013856704109851506,0.019145805810366127,0.0,0.019423130532187968,0.8439714086891379,0.176,True,76.0,False,0.0016,0,1,0,624,0.0016,0.0,0.0,0.0,0.5
0,local_defect,0.008,two_sided_straddle,100,0.007581859332968326,0.006049502529740113,0.9936,1.0,0.01485202339287225,0.02154943199981694,0.0016,0.021677464217773813,0.8384414654925432,0.232,False,,,0.0016,0,1,3,621,0.0016,0.0,0.0,0.004807692307692308,0.49759615384615385
0,local_defect,0.008,randomized_straddle,100,0.007614752259398225,0.005747594828601403,0.9984,1.0,0.016122088291636874,0.02429201309120194,0.0,0.024531278726548197,0.8344396625967601,0.2656,False,,,0.0016,0,1,0,624,0.0016,0.0,0.0,0.0,0.5
0,local_defect,0.008,posterior_risk,100,0.0073722748842477434,0.005423999173983725,0.9984,1.0,0.014909263274971357,0.02131670463089861,0.0,0.02165130635445902,0.8743504936087202,0.12,False,,,0.0016,0,1,0,624,0.0016,0.0,0.0,0.0,0.5
0,local_defect,0.008,evidence_no_geometry,100,0.007135943556624192,0.005612817609853849,0.9984,1.0,0.014084577126412721,0.019582856040020455,0.0,0.019876739018005567,0.8604615139933639,0.1184,False,,,0.0016,0,1,0,624,0.0016,0.0,0.0,0.0,0.5
0,local_defect,0.008,risk_geometry,100,0.006984111039048404,0.00535816242326579,0.9984,1.0,0.014809922633441663,0.021488017861290534,0.0,0.021789934136491572,0.8605914242279697,0.1712,False,,,0.0016,0,1,0,624,0.0016,0.0,0.0,0.0,0.5
0,mixed,0.003,space_filling,100,0.004671499194900675,0.0032277720236314417,0.9824,0.4,0.012153785171622375,0.01866275627093908,0.0,0.019326528786503584,0.7111618294662194,0.2224,False,,,0.032,12,8,3,602,0.032,0.6,0.8,0.0049586776859504135,0.7975206611570248
0,mixed,0.003,geometry_only,100,0.0052150579014460284,0.0038182140736140353,0.9856,0.2,0.013462267069009127,0.023694746898169625,0.0016,0.024438892104742076,0.700411548093927,0.3168,False,,,0.032,16,4,5,600,0.032,0.8,0.7619047619047619,0.008264462809917356,0.8958677685950414
0,mixed,0.003,uncertainty_only,100,0.004270277644362347,0.0029166585652475206,0.9872,0.25,0.012200202295916208,0.018738674338793563,0.0,0.019325481020139212,0.7080841963620818,0.2304,False,,,0.032,15,5,3,602,0.032,0.75,0.8333333333333334,0.0049586776859504135,0.8725206611570249
0,mixed,0.003,evidence_gated,100,0.0062793992972678125,0.004606984532656629,0.9872,0.2,0.013836098108006477,0.02280021565362833,0.0016,0.0232603250434416,0.7778292194203001,0.3152,False,,,0.032,16,4,4,601,0.032,0.8,0.8,0.006611570247933884,0.8966942148760331
0,mixed,0.003,two_sided_straddle,100,0.00585337541895872,0.004228379242889416,0.9872,0.15,0.014223195395095548,0.023889114515410405,0.0016,0.02426478475382555,0.7178238671213981,0.352,False,,,0.032,17,3,5,600,0.032,0.85,0.7727272727272727,0.008264462809917356,0.9208677685950413
0,mixed,0.003,randomized_straddle,100,0.008240098871674853,0.005812070089711282,0.992,0.15,0.016340777647091517,0.028136045671272723,0.0016,0.028495807523920346,0.7445871094179779,0.4912,False,,,0.032,17,3,2,603,0.032,0.85,0.8947368421052632,0.003305785123966942,0.9233471074380165
0,mixed,0.003,posterior_risk,100,0.007753956291266892,0.004490134827344787,0.9824,0.4,0.015554573720143969,0.025948376666197957,0.0,0.026148714854675143,0.7777846564357503,0.456,False,,,0.032,12,8,3,602,0.032,0.6,0.8,0.0049586776859504135,0.7975206611570248
0,mixed,0.003,evidence_no_geometry,100,0.005465490517765416,0.0041294410563975145,0.9872,0.15,0.013553584137259836,0.02102818062598826,0.0,0.021445312618702486,0.7679097691143133,0.2864,False,,,0.032,17,3,5,600,0.032,0.85,0.7727272727272727,0.008264462809917356,0.9208677685950413
0,mixed,0.003,risk_geometry,100,0.006376664677046721,0.004665422404741997,0.9888,0.15,0.015566184028407716,0.026626140262320727,0.0,0.026885945315857616,0.7653535149167521,0.432,False,,,0.032,17,3,4,601,0.032,0.85,0.8095238095238095,0.006611570247933884,0.921694214876033
0,mixed,0.008,space_filling,100,0.008385068553346678,0.006517591378236491,0.968,0.2,0.013908628451164015,0.019487944199375516,0.0,0.01992090863721926,0.6443828307898541,0.3376,False,,,0.032,16,4,16,589,0.032,0.8,0.5,0.026446280991735537,0.8867768595041323
0,mixed,0.008,geometry_only,100,0.008195064856647753,0.006747291241724134,0.9664,0.35,0.01513593573349033,0.024474550321238128,0.0064,0.02483567954763718,0.6394499293738949,0.4,False,,,0.032,13,7,14,591,0.032,0.65,0.48148148148148145,0.023140495867768594,0.8134297520661158
0,mixed,0.008,uncertainty_only,100,0.007396738579880903,0.005869046011950773,0.9712,0.4,0.013804423940147309,0.018613044555696425,0.0,0.01916614788580261,0.6399695356463895,0.296,False,,,0.032,12,8,10,595,0.032,0.6,0.5454545454545454,0.01652892561983471,0.7917355371900827
0,mixed,0.008,evidence_gated,100,0.008579038895690193,0.006829089029766715,0.9776,0.15,0.015475811479754865,0.023431311834400854,0.0064,0.02365734868100685,0.6693723181392223,0.4688,False,,,0.032,17,3,11,594,0.032,0.85,0.6071428571428571,0.01818181818181818,0.9159090909090909
0,mixed,0.008,two_sided_straddle,100,0.008541278585561154,0.006785652646742679,0.9808,0.15,0.015646119380103834,0.02319878913220041,0.0032,0.023406979374639224,0.6415583232704081,0.4816,False,,,0.032,17,3,9,596,0.032,0.85,0.6538461538461539,0.01487603305785124,0.9175619834710744
0,mixed,0.008,randomized_straddle,100,0.010039132764928566,0.007774709895534824,0.9792,0.15,0.016239246722727318,0.024076567652248596,0.008,0.024162417886894334,0.7217093565105968,0.472,False,,,0.032,17,3,10,595,0.032,0.85,0.6296296296296297,0.01652892561983471,0.9167355371900827
0,mixed,0.008,posterior_risk,100,0.01107985707568626,0.00875892843198187,0.9776,0.25,0.018687067232618464,0.02977837426873618,0.0016,0.03006745975023709,0.7269983413848429,0.6288,False,,,0.032,15,5,9,596,0.032,0.75,0.625,0.01487603305785124,0.8675619834710744
0,mixed,0.008,evidence_no_geometry,100,0.009347286858995649,0.007462678314722154,0.9776,0.2,0.01561220193241138,0.023428078623505426,0.0032,0.023533310498822572,0.6889989643070366,0.4592,False,,,0.032,16,4,10,595,0.032,0.8,0.6153846153846154,0.01652892561983471,0.8917355371900827
0,mixed,0.008,risk_geometry,100,0.009703927438636085,0.007633916963612683,0.9808,0.15,0.018421683997013025,0.029619267771592905,0.0032,0.02990006843620429,0.7269144908064094,0.656,False,,,0.032,17,3,9,596,0.032,0.85,0.6538461538461539,0.01487603305785124,0.9175619834710744
1,smooth,0.003,space_filling,100,0.002649602823253251,0.002057287349962032,0.9872,0.03225806451612903,0.01231852251626454,0.02012113945358173,0.0016,0.020352968280038367,0.6704866800919864,0.2992,False,,,0.0496,30,1,7,587,0.0496,0.967741935483871,0.8108108108108109,0.011784511784511785,0.9779787118496797
1,smooth,0.003,geometry_only,100,0.0031304160878330278,0.0025084096117465827,0.9888,0.0,0.014721904231214031,0.027376806729892324,0.0,0.028632889284967822,0.610494450486103,0.4464,False,,,0.0496,31,0,7,587,0.0496,1.0,0.8157894736842105,0.011784511784511785,0.9941077441077442
1,smooth,0.003,uncertainty_only,100,0.0027493842208918223,0.002223011969474559,0.9856,0.03225806451612903,0.012189987017117633,0.018751104486226047,0.0016,0.01914132860305357,0.6951836721716602,0.2672,False,,,0.0496,30,1,8,586,0.0496,0.967741935483871,0.7894736842105263,0.013468013468013467,0.9771369610079288
1,smooth,0.003,evidence_gated,100,0.0034139611411714977,0.0027384854111180447,0.9888,0.03225806451612903,0.01404077594421865,0.023115328850360724,0.0,0.023225919949729164,0.739147221150194,0.4112,False,,,0.0496,30,1,6,588,0.0496,0.967741935483871,0.8333333333333334,0.010101010101010102,0.9788204626914305
1,smooth,0.003,two_sided_straddle,100,0.0032348464813382765,0.002629534667338765,0.9888,0.03225806451612903,0.01413179667227539,0.023500417365464252,0.0,0.023634190338003836,0.7437318028071925,0.4336,False,,,0.0496,30,1,6,588,0.0496,0.967741935483871,0.8333333333333334,0.010101010101010102,0.9788204626914305
1,smooth,0.003,randomized_straddle,100,0.0038666528440079373,0.002974696345264638,0.9936,0.03225806451612903,0.01758581970329991,0.03157822126596409,0.0016,0.03178560374090224,0.7102531233429381,0.632,False,,,0.0496,30,1,3,591,0.0496,0.967741935483871,0.9090909090909091,0.005050505050505051,0.9813457152166829
1,smooth,0.003,posterior_risk,100,0.0038376699595349703,0.002967888023527215,0.9904,0.03225806451612903,0.016831090680359127,0.027379097612057528,0.0,0.027557446792702747,0.7319305048201767,0.6016,False,,,0.0496,30,1,5,589,0.0496,0.967741935483871,0.8571428571428571,0.008417508417508417,0.9796622135331813
1,smooth,0.003,evidence_no_geometry,100,0.0037847919450460857,0.0030431127695066218,0.9872,0.03225806451612903,0.014641301602772785,0.024044298735436852,0.0016,0.024106332789448504,0.7192371432231911,0.4576,False,,,0.0496,30,1,7,587,0.0496,0.967741935483871,0.8108108108108109,0.011784511784511785,0.9779787118496797
1,smooth,0.003,risk_geometry,100,0.004263502554485379,0.0033656025675728287,0.9888,0.03225806451612903,0.016193670444444346,0.026440186589564686,0.0,0.026609416984910688,0.7512460953631176,0.528,False,,,0.0496,30,1,6,588,0.0496,0.967741935483871,0.8333333333333334,0.010101010101010102,0.9788204626914305
1,smooth,0.008,space_filling,100,0.006595146904374806,0.005222979456799843,0.9712,0.25806451612903225,0.014065299755152846,0.020963057491113293,0.0032,0.02102826368910332,0.6329755846320152,0.432,False,,,0.0496,23,8,10,584,0.0496,0.7419354838709677,0.696969696969697,0.016835016835016835,0.8625502335179754
1,smooth,0.008,geometry_only,100,0.006552630784666648,0.0051960402342647715,0.9568,0.3225806451612903,0.016356674611003826,0.02823411277438098,0.0016,0.02903044424258121,0.5771265794959833,0.5312,False,,,0.0496,21,10,17,577,0.0496,0.6774193548387096,0.5526315789473685,0.02861952861952862,0.8243999131095905
1,smooth,0.008,uncertainty_only,100,0.006705885764873636,0.005209188593249198,0.9616,0.4838709677419355,0.013858116015430454,0.019307838752457382,0.0,0.01954736397326559,0.6173697309434034,0.3648,False,,,0.0496,16,15,9,585,0.0496,0.5161290322580645,0.64,0.015151515151515152,0.7504887585532747
1,smooth,0.008,evidence_gated,100,0.006709588525864055,0.005512858939371629,0.9856,0.12903225806451613,0.015268572463006625,0.02285497547719819,0.0,0.022943709344788572,0.6942257483477116,0.4752,False,,,0.0496,27,4,5,589,0.0496,0.8709677419354839,0.84375,0.008417508417508417,0.9312751167589877
1,smooth,0.008,two_sided_straddle,100,0.006516383234210632,0.005230567961035476,0.9808,0.16129032258064516,0.015928403071000356,0.024106632485672675,0.0,0.024211308528106153,0.7554796566142042,0.4624,False,,,0.0496,26,5,7,587,0.0496,0.8387096774193549,0.7878787878787878,0.011784511784511785,0.9134625828174215
1,smooth,0.008,randomized_straddle,100,0.006083172356746177,0.004831854808165096,0.9872,0.12903225806451613,0.0177598220186824,0.028469403504025843,0.0016,0.028855380366218007,0.7125637667123423,0.6288,False,,,0.0496,27,4,4,590,0.0496,0.8709677419354839,0.8709677419354839,0.006734006734006734,0.9321168676007385
1,smooth,0.008,posterior_risk,100,0.006923052165815865,0.005500414799888668,0.9856,0.12903225806451613,0.017776272963628763,0.02633766116308205,0.0016,0.02634362420974614,0.7387092450271541,0.632,False,,,0.0496,27,4,5,589,0.0496,0.8709677419354839,0.84375,0.008417508417508417,0.9312751167589877
1,smooth,0.008,evidence_no_geometry,100,0.00675355578814431,0.0054727282351525975,0.9824,0.1935483870967742,0.016159395618695904,0.024146428681820268,0.0,0.024392754336658107,0.7228364529171073,0.5488,False,,,0.0496,25,6,5,589,0.0496,0.8064516129032258,0.8333333333333334,0.008417508417508417,0.8990170522428587
1,smooth,0.008,risk_geometry,100,0.007463351364797864,0.006003884390017667,0.9872,0.12903225806451613,0.017326033281634432,0.02705180016625483,0.0,0.027079235713960863,0.720129304368434,0.5968,False,,,0.0496,27,4,4,590,0.0496,0.8709677419354839,0.8709677419354839,0.006734006734006734,0.9321168676007385
1,waviness,0.003,space_filling,100,0.007534244414600645,0.005396201800078485,0.9568,0.5813953488372093,0.01231852251626454,0.02012113945358173,0.0,0.020406443518977847,0.6939741339578345,0.2752,False,,,0.0688,18,25,2,580,0.0688,0.4186046511627907,0.9,0.003436426116838488,0.7075841125229761
1,waviness,0.003,geometry_only,100,0.009075180258532297,0.006793331426416777,0.9552,0.627906976744186,0.014001875219931228,0.02370241816039318,0.0,0.024309397391248693,0.7166104315178574,0.3856,False,,,0.0688,16,27,1,581,0.0688,0.37209302325581395,0.9411764705882353,0.001718213058419244,0.6851874050986974
1,waviness,0.003,uncertainty_only,100,0.007200716476266918,0.005250308024202615,0.968,0.4418604651162791,0.012189987017117633,0.018751104486226047,0.0016,0.019189467019742362,0.6906884867799593,0.264,False,,,0.0688,24,19,1,581,0.0688,0.5581395348837209,0.96,0.001718213058419244,0.7782106609126509
1,waviness,0.003,evidence_gated,100,0.010153183520596437,0.007346534091605875,0.9664,0.4186046511627907,0.01356572965054471,0.022102305750112832,0.0032,0.022364106512311674,0.78043760048408,0.3088,False,,,0.0688,25,18,3,579,0.0688,0.5813953488372093,0.8928571428571429,0.005154639175257732,0.7881203548309759
1,waviness,0.003,two_sided_straddle,100,0.009893729104558888,0.007086764298132023,0.9664,0.3953488372093023,0.013700666656191624,0.02247367077994204,0.0032,0.02349792617068616,0.7198075275578971,0.3392,False,,,0.0688,26,17,4,578,0.0688,0.6046511627906976,0.8666666666666667,0.006872852233676976,0.7988891552785103
1,waviness,0.003,randomized_straddle,100,0.011669464506456364,0.008489562377016313,0.9712,0.32558139534883723,0.014728915440290214,0.024294914473726774,0.0,0.02467367155278295,0.7300231743126138,0.384,False,,,0.0688,29,14,4,578,0.0688,0.6744186046511628,0.8787878787878788,0.006872852233676976,0.8337728762087429
1,waviness,0.003,posterior_risk,100,0.01230566076953115,0.009013439336450834,0.976,0.2558139534883721,0.015701170913273336,0.026204462859680734,0.0016,0.026429681318106035,0.7451354856343189,0.48,False,,,0.0688,32,11,4,578,0.0688,0.7441860465116279,0.8888888888888888,0.006872852233676976,0.8686565971389755
1,waviness,0.003,evidence_no_geometry,100,0.01051135342783401,0.007821025250435694,0.9728,0.37209302325581395,0.01380486274895078,0.022313095304353953,0.0016,0.022792586890485737,0.7572580777830836,0.336,False,,,0.0688,27,16,1,581,0.0688,0.627906976744186,0.9642857142857143,0.001718213058419244,0.8130943818428834
1,waviness,0.003,risk_geometry,100,0.01196124286184353,0.008754722649106492,0.9696,0.3953488372093023,0.01488981958289449,0.025342211966176125,0.0016,0.025797568583404887,0.791827429581789,0.3728,False,,,0.0688,26,17,2,580,0.0688,0.6046511627906976,0.9285714285714286,0.003436426116838488,0.8006073683369296
1,waviness,0.008,space_filling,100,0.010036906122800915,0.007579615630309792,0.9536,0.627906976744186,0.014065299755152846,0.020963057491113293,0.0,0.021030361038309003,0.6804866713602589,0.3424,False,,,0.0688,16,27,2,580,0.0688,0.37209302325581395,0.8888888888888888,0.003436426116838488,0.6843282985694877
1,waviness,0.008,geometry_only,100,0.011468853774050143,0.008689664156679789,0.9488,0.7209302325581395,0.015659284287071557,0.024458284186250793,0.0,0.024879062574246408,0.6786840740443998,0.4384,False,,,0.0688,12,31,1,581,0.0688,0.27906976744186046,0.9230769230769231,0.001718213058419244,0.6386757771917206
1,waviness,0.008,uncertainty_only,100,0.00900680570176177,0.007389545966497576,0.9376,0.6976744186046512,0.013858116015430454,0.019307838752457382,0.008,0.01956652467393874,0.6579911213085915,0.336,False,,,0.0688,13,30,9,573,0.0688,0.3023255813953488,0.5909090909090909,0.015463917525773196,0.6434308319347879
1,waviness,0.008,evidence_gated,100,0.011104060226973123,0.008604648752414385,0.9536,0.4883720930232558,0.014914502042499498,0.022349225210782864,0.0,0.022584690005803848,0.6931523701140476,0.4016,False,,,0.0688,22,21,8,574,0.0688,0.5116279069767442,0.7333333333333333,0.013745704467353952,0.7489411012546952
1,waviness,0.008,two_sided_straddle,100,0.011189887739683328,0.008501031387477605,0.96,0.5116279069767442,0.01549765839489494,0.023552419340357168,0.0064,0.02369547308593498,0.6918224923810705,0.4,False,,,0.0688,21,22,3,579,0.0688,0.4883720930232558,0.875,0.005154639175257732,0.741608726923999
1,waviness,0.008,randomized_straddle,100,0.012538543941440139,0.009460434268252533,0.9584,0.46511627906976744,0.016824820639848217,0.02664009340925554,0.0016,0.026676992417891305,0.7290135225058912,0.5328,False,,,0.0688,23,20,6,576,0.0688,0.5348837209302325,0.7931034482758621,0.010309278350515464,0.7622872212898586
1,waviness,0.008,posterior_risk,100,0.014412768321191137,0.011079532252300952,0.9552,0.5116279069767442,0.017450032948200935,0.027496525942147344,0.0,0.027849654563437257,0.7145021954740197,0.544,False,,,0.0688,21,22,6,576,0.0688,0.4883720930232558,0.7777777777777778,0.010309278350515464,0.7390314073363702
1,waviness,0.008,evidence_no_geometry,100,0.01051378443068459,0.008179150595018777,0.952,0.627906976744186,0.015043770772277776,0.022885533207470003,0.0,0.023032394609286168,0.7088461139834128,0.3904,False,,,0.0688,16,27,3,579,0.0688,0.37209302325581395,0.8421052631578947,0.005154639175257732,0.6834691920402781
1,waviness,0.008,risk_geometry,100,0.014681750820170276,0.011280943109765818,0.952,0.5116279069767442,0.017643339215951175,0.02972469048294811,0.0032,0.029822417865958156,0.6838722793350979,0.528,False,,,0.0688,21,22,8,574,0.0688,0.4883720930232558,0.7241379310344828,0.013745704467353952,0.737313194277951
1,local_defect,0.003,space_filling,100,0.0036860844665133102,0.00241265171568143,0.992,0.2857142857142857,0.01231852251626454,0.02012113945358173,0.0,0.020406443518977847,0.7746449955645615,0.2096,False,,,0.0112,5,2,3,615,0.0112,0.7142857142857143,0.625,0.0048543689320388345,0.8547156726768377
1,local_defect,0.003,geometry_only,100,0.003899725319012791,0.002679595527742434,0.9888,0.42857142857142855,0.013551394120838615,0.02272644374726952,0.0,0.023677743327596975,0.7335379556332892,0.3264,False,,,0.0112,4,3,4,614,0.0112,0.5714285714285714,0.5,0.006472491909385114,0.7824780397595932
1,local_defect,0.003,uncertainty_only,100,0.0029962026375806063,0.00227903982096422,0.9984,0.0,0.012189987017117633,0.018751104486226047,0.0,0.019362358471456027,0.7587488059243055,0.2384,False,,,0.0112,7,0,1,617,0.0112,1.0,0.875,0.0016181229773462784,0.9991909385113269
1,local_defect,0.003,evidence_gated,100,0.002585145324344707,0.0020083466706166484,0.9968,0.0,0.013111232748448583,0.021053351413453124,0.0016,0.02169337295910564,0.8221370446832427,0.2784,True,92.0,True,0.0112,7,0,2,616,0.0112,1.0,0.7777777777777778,0.003236245954692557,0.9983818770226538
1,local_defect,0.003,two_sided_straddle,100,0.0026508944001760217,0.002114557776438142,0.9968,0.0,0.013443136089285782,0.023296297571922968,0.0,0.02375668841077664,0.827144212478697,0.2896,False,,,0.0112,7,0,2,616,0.0112,1.0,0.7777777777777778,0.003236245954692557,0.9983818770226538
1,local_defect,0.003,randomized_straddle,100,0.00333163273222159,0.0023908406363624467,0.9968,0.0,0.014604132989149813,0.02550946203011545,0.0,0.025769905337792273,0.7979169714606905,0.3648,False,,,0.0112,7,0,2,616,0.0112,1.0,0.7777777777777778,0.003236245954692557,0.9983818770226538
1,local_defect,0.003,posterior_risk,100,0.0029238277913615526,0.0022639826082240036,0.9968,0.0,0.014084661873484177,0.022643255656848427,0.0,0.02299154812726774,0.8399604994477031,0.288,False,,,0.0112,7,0,2,616,0.0112,1.0,0.7777777777777778,0.003236245954692557,0.9983818770226538
1,local_defect,0.003,evidence_no_geometry,100,0.0026787729241107717,0.00201759509503575,0.9968,0.0,0.013259924736683783,0.021800720363194553,0.0,0.022190128398252868,0.8185795236804946,0.2624,False,,,0.0112,7,0,2,616,0.0112,1.0,0.7777777777777778,0.003236245954692557,0.9983818770226538
1,local_defect,0.003,risk_geometry,100,0.0027597056502348632,0.0021582441109618275,0.9968,0.0,0.014022598029904267,0.022741116426876904,0.0,0.023006716307376867,0.8345217111348798,0.3088,False,,,0.0112,7,0,2,616,0.0112,1.0,0.7777777777777778,0.003236245954692557,0.9983818770226538
1,local_defect,0.008,space_filling,100,0.0071725228550905355,0.005638565360563466,0.9776,0.2857142857142857,0.014065299755152846,0.020963057491113293,0.0,0.02103053817549338,0.6851216684412511,0.36,False,,,0.0112,5,2,12,606,0.0112,0.7142857142857143,0.29411764705882354,0.019417475728155338,0.8474341192787795
1,local_defect,0.008,geometry_only,100,0.008308077390800004,0.00647511779321355,0.976,0.42857142857142855,0.015218338023332468,0.023416163266706574,0.0,0.02403009409556423,0.6405176831871748,0.4512,False,,,0.0112,4,3,12,606,0.0112,0.5714285714285714,0.25,0.019417475728155338,0.776005547850208
1,local_defect,0.008,uncertainty_only,100,0.006850970401752917,0.005591634396456277,0.9824,0.0,0.013858116015430454,0.019307838752457382,0.0016,0.01957720266822202,0.6800546556222153,0.3152,False,,,0.0112,7,0,11,607,0.0112,1.0,0.3888888888888889,0.01779935275080906,0.9911003236245954
1,local_defect,0.008,evidence_gated,100,0.007084679677034199,0.0056679720479512795,0.9872,0.0,0.015597626910590972,0.02315696341931466,0.0016,0.023366140449654436,0.7381685094908811,0.48,False,,,0.0112,7,0,8,610,0.0112,1.0,0.4666666666666667,0.012944983818770227,0.993527508090615
1,local_defect,0.008,two_sided_straddle,100,0.006301532018150328,0.005011049831386811,0.976,0.0,0.01528012676483919,0.022885047987525508,0.0,0.022995148541913653,0.7069640010272664,0.4096,False,,,0.0112,7,0,15,603,0.0112,1.0,0.3181818181818182,0.024271844660194174,0.9878640776699029
1,local_defect,0.008,randomized_straddle,100,0.006539050419492449,0.005389226979927409,0.9856,0.0,0.01726139728870261,0.02818233056969268,0.0016,0.028413267564358698,0.7348003103757732,0.528,False,,,0.0112,7,0,9,609,0.0112,1.0,0.4375,0.014563106796116505,0.9927184466019418
1,local_defect,0.008,posterior_risk,100,0.009027673748925606,0.0057100885227350335,0.9792,0.8571428571428571,0.01779985746631574,0.026848282029121543,0.0,0.026990326888918795,0.767319980807486,0.5552,False,,,0.0112,1,6,7,611,0.0112,0.14285714285714285,0.125,0.011326860841423949,0.5657651410078595
1,local_defect,0.008,evidence_no_geometry,100,0.00628522432806397,0.005031161341547807,0.9872,0.0,0.01558798797341189,0.02309381320709243,0.0016,0.023218071641726973,0.7597554952618213,0.376,False,,,0.0112,7,0,8,610,0.0112,1.0,0.4666666666666667,0.012944983818770227,0.993527508090615
1,local_defect,0.008,risk_geometry,100,0.006990996199109868,0.005594911488769209,0.9856,0.0,0.016765170761532677,0.026190911620059706,0.0048,0.026340759850380237,0.7649869760764654,0.4832,False,,,0.0112,7,0,9,609,0.0112,1.0,0.4375,0.014563106796116505,0.9927184466019418
1,mixed,0.003,space_filling,100,0.004445722643035174,0.0032755435749457513,0.992,0.1724137931034483,0.01231852251626454,0.02012113945358173,0.0,0.020352968280038367,0.7214785913525116,0.2672,False,,,0.0464,24,5,0,596,0.0464,0.8275862068965517,1.0,0.0,0.9137931034482758
1,mixed,0.003,geometry_only,100,0.005899622231394507,0.004011463457615022,0.9728,0.5862068965517241,0.013318330648311411,0.022042850553504186,0.0,0.02273372711506317,0.7025923007355845,0.3376,False,,,0.0464,12,17,0,596,0.0464,0.41379310344827586,1.0,0.0,0.7068965517241379
1,mixed,0.003,uncertainty_only,100,0.003681501870168515,0.0028433518225906918,0.9856,0.3103448275862069,0.012189987017117633,0.018751104486226047,0.0,0.019287572232302756,0.7099043680505587,0.2656,False,,,0.0464,20,9,0,596,0.0464,0.6896551724137931,1.0,0.0,0.8448275862068966
1,mixed,0.003,evidence_gated,100,0.00482944527193823,0.003739471957248898,0.9952,0.10344827586206896,0.013607556863656708,0.02287735414797718,0.0,0.023109795281518755,0.7470535107632696,0.3712,False,,,0.0464,26,3,0,596,0.0464,0.896551724137931,1.0,0.0,0.9482758620689655
1,mixed,0.003,two_sided_straddle,100,0.004845644433345246,0.003715254388369682,0.9936,0.13793103448275862,0.013323103231023276,0.02181686918769597,0.0,0.022328162385547495,0.7849414706103913,0.3088,False,,,0.0464,25,4,0,596,0.0464,0.8620689655172413,1.0,0.0,0.9310344827586207
1,mixed,0.003,randomized_straddle,100,0.006822878904411148,0.004953192249872472,0.9968,0.06896551724137931,0.015206426108705245,0.025240340578008252,0.0,0.02558863858710215,0.7763172750417835,0.4256,False,,,0.0464,27,2,0,596,0.0464,0.9310344827586207,1.0,0.0,0.9655172413793103
1,mixed,0.003,posterior_risk,100,0.0061362851348483625,0.004711533389587856,0.9968,0.06896551724137931,0.01575427238926886,0.026612224291502652,0.0,0.02679208615864921,0.7749710485173543,0.4416,False,,,0.0464,27,2,0,596,0.0464,0.9310344827586207,1.0,0.0,0.9655172413793103
1,mixed,0.003,evidence_no_geometry,100,0.004359953696559161,0.003444776996603403,0.9984,0.034482758620689655,0.013569534778155161,0.022160735834145198,0.0,0.022526270226084315,0.7656948159792875,0.3472,False,,,0.0464,28,1,0,596,0.0464,0.9655172413793104,1.0,0.0,0.9827586206896552
1,mixed,0.003,risk_geometry,100,0.006309190907112673,0.004826487161970153,0.9968,0.034482758620689655,0.015792708497354015,0.025941932531706097,0.0,0.026367328565333442,0.7676061247077626,0.4752,False,,,0.0464,28,1,1,595,0.0464,0.9655172413793104,0.9655172413793104,0.0016778523489932886,0.9819196945151585
1,mixed,0.008,space_filling,100,0.007397491166981458,0.005831732318437125,0.9664,0.27586206896551724,0.014065299755152846,0.020963057491113293,0.0,0.021029829626755862,0.599195287088114,0.3888,False,,,0.0464,21,8,13,583,0.0464,0.7241379310344828,0.6176470588235294,0.02181208053691275,0.851162925248785
1,mixed,0.008,geometry_only,100,0.008390993873552978,0.006401990254353316,0.9584,0.4827586206896552,0.014993719189894944,0.02272114413135225,0.008,0.02307817491005404,0.6333143231700357,0.384,False,,,0.0464,15,14,12,584,0.0464,0.5172413793103449,0.5555555555555556,0.020134228187919462,0.7485535755612127
1,mixed,0.008,uncertainty_only,100,0.0071412667471749845,0.005651246178942431,0.9856,0.1724137931034483,0.013858116015430454,0.019307838752457382,0.0032,0.01956652467393874,0.6651925498145609,0.3616,False,,,0.0464,24,5,4,592,0.0464,0.8275862068965517,0.8571428571428571,0.006711409395973154,0.9104373987502893
1,mixed,0.008,evidence_gated,100,0.007792174749369908,0.006158575711269704,0.9872,0.10344827586206896,0.015035399352058061,0.022392384437032935,0.0048,0.022626583216985425,0.7096259844822977,0.4,False,,,0.0464,26,3,5,591,0.0464,0.896551724137931,0.8387096774193549,0.008389261744966443,0.9440812311964824
1,mixed,0.008,two_sided_straddle,100,0.008955781536443863,0.007106921145674937,0.9872,0.1724137931034483,0.015404582214827503,0.023809138205870838,0.0,0.02398253605305328,0.6886903895356916,0.448,False,,,0.0464,24,5,3,593,0.0464,0.8275862068965517,0.8888888888888888,0.0050335570469798654,0.9112763249247859
1,mixed,0.008,randomized_straddle,100,0.009362631713143445,0.007121781956956758,0.9872,0.13793103448275862,0.016569014533214306,0.025770693746196567,0.0032,0.025834379293694636,0.7282255771859496,0.5344,False,,,0.0464,25,4,4,592,0.0464,0.8620689655172413,0.8620689655172413,0.006711409395973154,0.9276787780606341
1,mixed,0.008,posterior_risk,100,0.009560517433973197,0.007254275916813526,0.9904,0.13793103448275862,0.0174143206918123,0.027898978007464333,0.0,0.02797068147110841,0.7192543479940203,0.5696,False,,,0.0464,25,4,2,594,0.0464,0.8620689655172413,0.9259259259259259,0.003355704697986577,0.9293566304096273
1,mixed,0.008,evidence_no_geometry,100,0.009064346523124009,0.007111848901704665,0.9904,0.034482758620689655,0.015666115626320837,0.023735538903015115,0.0016,0.0239152234247233,0.7143051727740874,0.4752,False,,,0.0464,28,1,5,591,0.0464,0.9655172413793104,0.8484848484848485,0.008389261744966443,0.978563989817172
1,mixed,0.008,risk_geometry,100,0.009061511353167627,0.007191825114923755,0.9888,0.1724137931034483,0.01718414783770012,0.026078354579803117,0.0,0.026164397720155674,0.7640178242388661,0.5696,False,,,0.0464,24,5,2,594,0.0464,0.8275862068965517,0.9230769230769231,0.003355704697986577,0.9121152510992825
2,smooth,0.003,space_filling,100,0.002557095589445121,0.0019767463012774324,0.9888,0.1111111111111111,0.012122303126862315,0.01847301796306818,0.0,0.019125628193954584,0.6636147008660657,0.2368,False,,,0.0144,8,1,6,610,0.0144,0.8888888888888888,0.5714285714285714,0.00974025974025974,0.9395743145743145
2,smooth,0.003,geometry_only,100,0.0026452141133477616,0.0020451714451812674,0.992,0.4444444444444444,0.012794638971430437,0.020440423547143177,0.0016,0.021392827771022235,0.6658233254089166,0.288,False,,,0.0144,5,4,1,615,0.0144,0.5555555555555556,0.8333333333333334,0.0016233766233766235,0.7769660894660895
2,smooth,0.003,uncertainty_only,100,0.002650765604542086,0.002060847596381733,0.9856,0.3333333333333333,0.012104563023439584,0.01825016673793424,0.0,0.018830662134645147,0.6756856826588133,0.2544,False,,,0.0144,6,3,6,610,0.0144,0.6666666666666666,0.5,0.00974025974025974,0.8284632034632035
2,smooth,0.003,evidence_gated,100,0.002915948553351422,0.002242347742475342,0.9872,0.4444444444444444,0.01274885432875266,0.019943815030934137,0.0,0.020452631026572174,0.7691716629806831,0.272,False,,,0.0144,5,4,4,612,0.0144,0.5555555555555556,0.5555555555555556,0.006493506493506494,0.7745310245310246
2,smooth,0.003,two_sided_straddle,100,0.002697907223722463,0.002142746681768701,0.9936,0.3333333333333333,0.013285134048298045,0.022498369966368833,0.0,0.023238348609491827,0.7184790657083405,0.3344,False,,,0.0144,6,3,1,615,0.0144,0.6666666666666666,0.8571428571428571,0.0016233766233766235,0.832521645021645
2,smooth,0.003,randomized_straddle,100,0.0030271392464431227,0.0023466354316100868,0.9888,0.2222222222222222,0.014811123896227994,0.025785999812154754,0.0016,0.02607528245962904,0.7569086335058547,0.4176,False,,,0.0144,7,2,5,611,0.0144,0.7777777777777778,0.5833333333333334,0.008116883116883116,0.8848304473304474
2,smooth,0.003,posterior_risk,100,0.003152868465472712,0.0024214805642476084,0.984,0.3333333333333333,0.015292300594397045,0.026137718607253547,0.0016,0.026808120921487884,0.7581023776020851,0.4432,False,,,0.0144,6,3,7,609,0.0144,0.6666666666666666,0.46153846153846156,0.011363636363636364,0.8276515151515151
2,smooth,0.003,evidence_no_geometry,100,0.0025533363559771265,0.002011828236639926,0.9872,0.2222222222222222,0.013081291877623932,0.02136671865293194,0.0,0.02172810059026139,0.75761859985477,0.3088,False,,,0.0144,7,2,6,610,0.0144,0.7777777777777778,0.5384615384615384,0.00974025974025974,0.884018759018759
2,smooth,0.003,risk_geometry,100,0.0027531265464081343,0.0021321782392998735,0.984,0.3333333333333333,0.015280492600738655,0.025583471913351023,0.0016,0.02575018950819216,0.7566325144850499,0.44,False,,,0.0144,6,3,7,609,0.0144,0.6666666666666666,0.46153846153846156,0.011363636363636364,0.8276515151515151
2,smooth,0.008,space_filling,100,0.0066292363074632755,0.00527812238627304,0.968,0.4444444444444444,0.013874538479178961,0.019408470682041178,0.0,0.01989312937720881,0.6125306987895939,0.328,False,,,0.0144,5,4,16,600,0.0144,0.5555555555555556,0.23809523809523808,0.025974025974025976,0.7647907647907648
2,smooth,0.008,geometry_only,100,0.006429901017014127,0.005077466753772698,0.9696,0.5555555555555556,0.014498698924422326,0.021192329727670822,0.008,0.02158221687809227,0.583662493830481,0.3664,False,,,0.0144,4,5,14,602,0.0144,0.4444444444444444,0.2222222222222222,0.022727272727272728,0.7108585858585859
2,smooth,0.008,uncertainty_only,100,0.007038215951042859,0.005482369606214803,0.9616,0.2222222222222222,0.013723271056986903,0.018795050690657622,0.0048,0.019170927030711195,0.6470447245307623,0.2896,False,,,0.0144,7,2,22,594,0.0144,0.7777777777777778,0.2413793103448276,0.03571428571428571,0.871031746031746
2,smooth,0.008,evidence_gated,100,0.00669000835359847,0.005305417037442689,0.9808,0.3333333333333333,0.01500145194219461,0.02188373418388663,0.0,0.022132722406100577,0.6971886801989117,0.3648,False,,,0.0144,6,3,9,607,0.0144,0.6666666666666666,0.4,0.01461038961038961,0.8260281385281385
2,smooth,0.008,two_sided_straddle,100,0.007020413815155688,0.005417194142954331,0.9808,0.3333333333333333,0.015548999359309744,0.02491303433230223,0.0,0.02502773696647452,0.7039382765199941,0.4352,False,,,0.0144,6,3,9,607,0.0144,0.6666666666666666,0.4,0.01461038961038961,0.8260281385281385
2,smooth,0.008,randomized_straddle,100,0.00649435678463266,0.005148789729349565,0.9856,0.4444444444444444,0.016725574090202946,0.025581328912998125,0.0032,0.025664013698023132,0.7183596407539056,0.4736,False,,,0.0144,5,4,5,611,0.0144,0.5555555555555556,0.5,0.008116883116883116,0.7737193362193362
2,smooth,0.008,posterior_risk,100,0.008282769419740965,0.006597562786551387,0.9728,0.6666666666666666,0.016871829687890742,0.02549717805491114,0.0032,0.02567525146905031,0.7391727836782207,0.5008,False,,,0.0144,3,6,11,605,0.0144,0.3333333333333333,0.21428571428571427,0.017857142857142856,0.6577380952380952
2,smooth,0.008,evidence_no_geometry,100,0.007171617492611581,0.005387146146753724,0.976,0.3333333333333333,0.0147931369630104,0.02211164266403281,0.0,0.02226905179625639,0.6997738081101044,0.344,False,,,0.0144,6,3,12,604,0.0144,0.6666666666666666,0.3333333333333333,0.01948051948051948,0.8235930735930737
2,smooth,0.008,risk_geometry,100,0.00782120049473399,0.006224563813292601,0.9776,0.3333333333333333,0.01667716641320079,0.025273127159280546,0.0,0.025350867190977566,0.7712086625305514,0.4256,False,,,0.0144,6,3,11,605,0.0144,0.6666666666666666,0.35294117647058826,0.017857142857142856,0.8244047619047619
2,waviness,0.003,space_filling,100,0.006437328703300121,0.004870861129967218,0.9504,0.48148148148148145,0.012122303126862315,0.01847301796306818,0.0,0.019042970190982778,0.628760384080409,0.2896,False,,,0.0864,28,26,5,566,0.0864,0.5185185185185185,0.8484848484848485,0.008756567425569177,0.7548809755464747
2,waviness,0.003,geometry_only,100,0.009261739536542997,0.006852128132887865,0.9312,0.7037037037037037,0.013377609801196042,0.022078044902587704,0.0016,0.022669624226916613,0.6622578210063836,0.3232,False,,,0.0864,16,38,5,566,0.0864,0.2962962962962963,0.7619047619047619,0.008756567425569177,0.6437698644353635
2,waviness,0.003,uncertainty_only,100,0.006867113051753764,0.005122528510169527,0.944,0.5925925925925926,0.012104563023439584,0.01825016673793424,0.0,0.01878632323761816,0.6502258420204435,0.2752,False,,,0.0864,22,32,3,568,0.0864,0.4074074074074074,0.88,0.005253940455341506,0.7010767334760329
2,waviness,0.003,evidence_gated,100,0.012053531524474005,0.008492157959587661,0.9568,0.46296296296296297,0.013971390194711416,0.02247038100601575,0.0064,0.02265373092625418,0.7329696589761822,0.3184,False,,,0.0864,29,25,2,569,0.0864,0.5370370370370371,0.9354838709677419,0.0035026269702276708,0.7667672050334047
2,waviness,0.003,two_sided_straddle,100,0.011178419095475059,0.007640399677902292,0.952,0.48148148148148145,0.013739154863256692,0.02335662456743342,0.0,0.02367836836206031,0.7325837017667655,0.3216,False,,,0.0864,28,26,4,567,0.0864,0.5185185185185185,0.875,0.0070052539404553416,0.7557566322890316
2,waviness,0.003,randomized_straddle,100,0.013207726007162348,0.009297160870159334,0.9456,0.5740740740740741,0.01498311969876061,0.02623873339470447,0.0048,0.026876016677168137,0.7376891977242898,0.3936,False,,,0.0864,23,31,3,568,0.0864,0.42592592592592593,0.8846153846153846,0.005253940455341506,0.7103359927352921
2,waviness,0.003,posterior_risk,100,0.014271646812422593,0.010464067160624884,0.9472,0.5370370370370371,0.0162389747061965,0.027884160230860187,0.0,0.028106767355910292,0.7453806662430086,0.4704,False,,,0.0864,25,29,4,567,0.0864,0.46296296296296297,0.8620689655172413,0.0070052539404553416,0.7279788545112538
2,waviness,0.003,evidence_no_geometry,100,0.011305424640766623,0.008215233274876886,0.9392,0.6296296296296297,0.013673619755439455,0.021888670518871715,0.0032,0.022153311028098324,0.7599094272002781,0.2688,False,,,0.0864,20,34,4,567,0.0864,0.37037037037037035,0.8333333333333334,0.0070052539404553416,0.6816825582149575
2,waviness,0.003,risk_geometry,100,0.013655418600068091,0.009904701850094856,0.952,0.5185185185185185,0.01598935136941372,0.027686494231441258,0.0032,0.028071273665062256,0.7631407908273089,0.432,False,,,0.0864,26,28,2,569,0.0864,0.48148148148148145,0.9285714285714286,0.0035026269702276708,0.7389894272556269
2,waviness,0.008,space_filling,100,0.00926306862737106,0.007186519424220464,0.9344,0.7037037037037037,0.013874538479178961,0.019408470682041178,0.0,0.019745493135228574,0.6328203577715481,0.3552,False,,,0.0864,16,38,3,568,0.0864,0.2962962962962963,0.8421052631578947,0.005253940455341506,0.6455211779204774
2,waviness,0.008,geometry_only,100,0.01139440490568967,0.008664799138285073,0.9248,0.7592592592592593,0.01505880648290161,0.022856799840698525,0.0032,0.023172052874200287,0.6796095729436779,0.4,False,,,0.0864,13,41,6,565,0.0864,0.24074074074074073,0.6842105263157895,0.010507880910683012,0.6151164299150289
2,waviness,0.008,uncertainty_only,100,0.008996812125336704,0.00713972429538018,0.936,0.6666666666666666,0.013723271056986903,0.018795050690657622,0.0016,0.019089036036463315,0.6400693278575431,0.3792,False,,,0.0864,18,36,4,567,0.0864,0.3333333333333333,0.8181818181818182,0.0070052539404553416,0.663164039696439
2,waviness,0.008,evidence_gated,100,0.01182508200090087,0.009338697587888188,0.9344,0.6851851851851852,0.014658832950461572,0.02092142863942685,0.0,0.021079648654115324,0.7325508276955349,0.3504,False,,,0.0864,17,37,4,567,0.0864,0.3148148148148148,0.8095238095238095,0.0070052539404553416,0.6539047804371797
2,waviness,0.008,two_sided_straddle,100,0.01273401453101827,0.00947051315039822,0.936,0.6111111111111112,0.015482090953906003,0.02307444135011433,0.0048,0.023364761294815566,0.6520882233514496,0.4016,False,,,0.0864,21,33,7,564,0.0864,0.3888888888888889,0.75,0.012259194395796848,0.688314847246546
2,waviness,0.008,randomized_straddle,100,0.013473932745219975,0.01031173816042598,0.9392,0.5925925925925926,0.017090670608778617,0.02620942789767843,0.0032,0.026350173788799,0.701403017013348,0.5584,False,,,0.0864,22,32,6,565,0.0864,0.4074074074074074,0.7857142857142857,0.010507880910683012,0.6984497632483622
2,waviness,0.008,posterior_risk,100,0.014683153776400271,0.01138855938068705,0.9408,0.5740740740740741,0.01815303987801596,0.02853415597727194,0.0016,0.02856884402147905,0.7100059072935049,0.6016,False,,,0.0864,23,31,6,565,0.0864,0.42592592592592593,0.7931034482758621,0.010507880910683012,0.7077090225076215
2,waviness,0.008,evidence_no_geometry,100,0.01254240180285788,0.009766156033820115,0.936,0.5185185185185185,0.016038460237131114,0.024859972173367578,0.0112,0.024914979776362523,0.6441655376272887,0.4896,False,,,0.0864,26,28,12,559,0.0864,0.48148148148148145,0.6842105263157895,0.021015761821366025,0.7302328598300577
2,waviness,0.008,risk_geometry,100,0.015548937555483556,0.012071243665668854,0.9344,0.6111111111111112,0.017853468807254882,0.02790237625613678,0.0016,0.02794856973903075,0.7123113672962069,0.5856,False,,,0.0864,21,33,8,563,0.0864,0.3888888888888889,0.7241379310344828,0.014010507880910683,0.6874391905039892
2,local_defect,0.003,space_filling,100,0.004338281880403496,0.0025177618214723366,0.9904,0.625,0.012122303126862315,0.01847301796306818,0.0,0.019252455054701613,0.8633993217149931,0.1008,False,,,0.0128,3,5,1,616,0.0128,0.375,0.75,0.0016207455429497568,0.6866896272285251
2,local_defect,0.003,geometry_only,100,0.004257492174183495,0.002506555402695695,0.9904,0.625,0.01339583418378417,0.022464528169536098,0.0,0.023736562648495337,0.8217193323268452,0.2112,False,,,0.0128,3,5,1,616,0.0128,0.375,0.75,0.0016207455429497568,0.6866896272285251
2,local_defect,0.003,uncertainty_only,100,0.004099300029271176,0.002268078983761817,0.9904,0.625,0.012104563023439584,0.01825016673793424,0.0,0.01909154572213682,0.8830490200152068,0.0816,False,,,0.0128,3,5,1,616,0.0128,0.375,0.75,0.0016207455429497568,0.6866896272285251
2,local_defect,0.003,evidence_gated,100,0.0027670434462605405,0.0020853577813098956,0.9984,0.0,0.012514026469851405,0.020227765148616933,0.0,0.020737829151293574,0.8856836460752806,0.0752,True,64.0,True,0.0128,8,0,1,616,0.0128,1.0,0.8888888888888888,0.0016207455429497568,0.9991896272285251
2,local_defect,0.003,two_sided_straddle,100,0.0032454391360690017,0.0022957756757582357,0.9968,0.0,0.013005387407994371,0.021318628340904498,0.0,0.02163664417718806,0.8650614679674065,0.12,False,,,0.0128,8,0,2,615,0.0128,1.0,0.8,0.0032414910858995136,0.9983792544570502
2,local_defect,0.003,randomized_straddle,100,0.0030314589821252734,0.0022425692590695226,0.9984,0.0,0.014241620315404243,0.02389065107602655,0.0,0.024098542219829693,0.8431627921334269,0.192,False,,,0.0128,8,0,1,616,0.0128,1.0,0.8888888888888888,0.0016207455429497568,0.9991896272285251
2,local_defect,0.003,posterior_risk,100,0.0029310957897566194,0.0020904114862271327,1.0,0.0,0.012779053118702055,0.02036071543757502,0.0,0.020616533745166823,0.8948150508514331,0.0672,False,,,0.0128,8,0,0,617,0.0128,1.0,1.0,0.0,1.0
2,local_defect,0.003,evidence_no_geometry,100,0.002834131485103903,0.0021198711554737864,0.9984,0.0,0.01266094571062051,0.02031370554970361,0.0,0.02081379831450101,0.881163445084775,0.088,False,,,0.0128,8,0,1,616,0.0128,1.0,0.8888888888888888,0.0016207455429497568,0.9991896272285251
2,local_defect,0.003,risk_geometry,100,0.0030200624839781956,0.0020884695930771732,1.0,0.0,0.01264009970105895,0.02062766518785203,0.0,0.020900415177984882,0.8951212145342153,0.0624,False,,,0.0128,8,0,0,617,0.0128,1.0,1.0,0.0,1.0
2,local_defect,0.008,space_filling,100,0.006645551804777197,0.0049714115185547185,0.9936,0.5,0.013874538479178961,0.019408470682041178,0.0,0.019908808670010145,0.8323031108317835,0.1664,False,,,0.0128,4,4,0,617,0.0128,0.5,1.0,0.0,0.75
2,local_defect,0.008,geometry_only,100,0.007311922179285559,0.005475578933048297,0.9904,0.75,0.015057823378749436,0.02316101462707334,0.0,0.024019079557134452,0.8068663714483416,0.2896,False,,,0.0128,2,6,0,617,0.0128,0.25,1.0,0.0,0.625
2,local_defect,0.008,uncertainty_only,100,0.007423954780099885,0.005371681931811602,0.9872,1.0,0.013723271056986903,0.018795050690657622,0.0,0.019192488103510177,0.8697185988742647,0.1184,False,,,0.0128,0,8,0,617,0.0128,0.0,0.0,0.0,0.5
2,local_defect,0.008,evidence_gated,100,0.006428315482203826,0.005139887135772958,0.9984,0.0,0.014027462683573305,0.019948893846954377,0.0,0.020122214736974935,0.8624983157156383,0.1584,True,92.0,True,0.0128,8,0,1,616,0.0128,1.0,0.8888888888888888,0.0016207455429497568,0.9991896272285251
2,local_defect,0.008,two_sided_straddle,100,0.005972276150595387,0.004636918876847504,0.9968,0.0,0.014631999417205305,0.021531591760834464,0.0,0.02166463929177849,0.8719065780619641,0.1264,False,,,0.0128,8,0,2,615,0.0128,1.0,0.8,0.0032414910858995136,0.9983792544570502
2,local_defect,0.008,randomized_straddle,100,0.0059914702878805775,0.004877856054438472,0.9984,0.0,0.015687514557665934,0.024544389516347572,0.0016,0.024700843129038905,0.8150681803418309,0.3072,False,,,0.0128,8,0,1,616,0.0128,1.0,0.8888888888888888,0.0016207455429497568,0.9991896272285251
2,local_defect,0.008,posterior_risk,100,0.005763982090839349,0.004655186561068374,0.9984,0.0,0.015004650297724593,0.022038195119931273,0.0,0.022389723429897448,0.8552902998484059,0.1968,False,,,0.0128,8,0,1,616,0.0128,1.0,0.8888888888888888,0.0016207455429497568,0.9991896272285251
2,local_defect,0.008,evidence_no_geometry,100,0.0071602024306235005,0.005566269549103045,0.9968,0.0,0.014019333675923206,0.02002594592245478,0.0,0.020190939560447638,0.8603887006717849,0.1296,False,,,0.0128,8,0,2,615,0.0128,1.0,0.8,0.0032414910858995136,0.9983792544570502
2,local_defect,0.008,risk_geometry,100,0.0070609199892323424,0.00550117592427662,0.9984,0.0,0.014723817989253212,0.021423844364685314,0.0,0.021685768382694703,0.8762362531782898,0.1168,False,,,0.0128,8,0,1,616,0.0128,1.0,0.8888888888888888,0.0016207455429497568,0.9991896272285251
2,mixed,0.003,space_filling,100,0.003908040350233704,0.002762114848811904,0.9856,0.6153846153846154,0.012122303126862315,0.01847301796306818,0.0,0.01915177042555419,0.7223115584412961,0.2576,False,,,0.0208,5,8,1,611,0.0208,0.38461538461538464,0.8333333333333334,0.0016339869281045752,0.69149069884364
2,mixed,0.003,geometry_only,100,0.004393724609152101,0.0031759676708784552,0.992,0.3076923076923077,0.013848915201223371,0.024995894981994834,0.0032,0.025894415637707422,0.721759525459725,0.3456,False,,,0.0208,9,4,1,611,0.0208,0.6923076923076923,0.9,0.0016339869281045752,0.8453368526897939
2,mixed,0.003,uncertainty_only,100,0.0035081584057150995,0.002771370618893639,0.9904,0.38461538461538464,0.012104563023439584,0.01825016673793424,0.0016,0.0189120139796377,0.7346706417839147,0.2448,False,,,0.0208,8,5,1,611,0.0208,0.6153846153846154,0.8888888888888888,0.0016339869281045752,0.8068753142282554
2,mixed,0.003,evidence_gated,100,0.0036854481937928086,0.0029272167286893526,0.9952,0.07692307692307693,0.013169924516950727,0.02136740364788869,0.0,0.021648586853894498,0.7826854052921912,0.2784,False,,,0.0208,12,1,2,610,0.0208,0.9230769230769231,0.8571428571428571,0.0032679738562091504,0.959904474610357
2,mixed,0.003,two_sided_straddle,100,0.004608832065581609,0.0036302138022442343,0.992,0.3076923076923077,0.013650538118039901,0.022179453735160296,0.0016,0.022440073123687926,0.7756534228515578,0.328,False,,,0.0208,9,4,1,611,0.0208,0.6923076923076923,0.9,0.0016339869281045752,0.8453368526897939
2,mixed,0.003,randomized_straddle,100,0.006320475276057412,0.004616682087493197,0.9952,0.15384615384615385,0.015116680202863768,0.02630497721606734,0.0,0.026515188868350185,0.7534749403662158,0.4048,False,,,0.0208,11,2,1,611,0.0208,0.8461538461538461,0.9166666666666666,0.0016339869281045752,0.9222599296128708
2,mixed,0.003,posterior_risk,100,0.005541362563035101,0.004207569599215318,0.9936,0.07692307692307693,0.015698097532797994,0.0266006438428455,0.0,0.02689032421907535,0.7651635055831159,0.4528,False,,,0.0208,12,1,3,609,0.0208,0.9230769230769231,0.8,0.004901960784313725,0.9590874811463047
2,mixed,0.003,evidence_no_geometry,100,0.0037155992002372976,0.0026972518282977038,0.9936,0.23076923076923078,0.013264038300933308,0.02115217790139355,0.0016,0.021581192497895252,0.7628754640513338,0.2752,False,,,0.0208,10,3,1,611,0.0208,0.7692307692307693,0.9090909090909091,0.0016339869281045752,0.8837983911513323
2,mixed,0.003,risk_geometry,100,0.0049937217635045664,0.0038236263115763065,0.9936,0.07692307692307693,0.015242592117496238,0.025753792236403124,0.0,0.02629968002472095,0.7864107372936173,0.4432,False,,,0.0208,12,1,3,609,0.0208,0.9230769230769231,0.8,0.004901960784313725,0.9590874811463047
2,mixed,0.008,space_filling,100,0.007692543143745948,0.0060836514360083005,0.9824,0.5384615384615384,0.013874538479178961,0.019408470682041178,0.0016,0.019891622538412614,0.647881993711487,0.3024,False,,,0.0208,6,7,4,608,0.0208,0.46153846153846156,0.6,0.006535947712418301,0.7275012569130217
2,mixed,0.008,geometry_only,100,0.007112336513478178,0.005527042302677534,0.9808,0.3076923076923077,0.015507534344796283,0.025768450873753217,0.0112,0.026248424468763847,0.6561946166355099,0.4,False,,,0.0208,9,4,8,604,0.0208,0.6923076923076923,0.5294117647058824,0.013071895424836602,0.8396178984414279
2,mixed,0.008,uncertainty_only,100,0.007059243359386463,0.0055327306802362254,0.9824,0.15384615384615385,0.013723271056986903,0.018795050690657622,0.0048,0.019127572974932904,0.6366635844952965,0.2944,False,,,0.0208,11,2,9,603,0.0208,0.8461538461538461,0.55,0.014705882352941176,0.9157239819004526
2,mixed,0.008,evidence_gated,100,0.008166900297745992,0.006557332173732354,0.9792,0.23076923076923078,0.01578790711966987,0.024489839638483456,0.0016,0.02455883282966367,0.7165847636390902,0.4624,False,,,0.0208,10,3,10,602,0.0208,0.7692307692307693,0.5,0.016339869281045753,0.8764454499748617
2,mixed,0.008,two_sided_straddle,100,0.007367782470584649,0.00578341809718197,0.984,0.5384615384615384,0.015293886637952676,0.022669220886474346,0.0064,0.022807411565194193,0.6971483385055358,0.3952,False,,,0.0208,6,7,3,609,0.0208,0.46153846153846156,0.6666666666666666,0.004901960784313725,0.728318250377074
2,mixed,0.008,randomized_straddle,100,0.008256112154301637,0.006459872185750349,0.9872,0.3076923076923077,0.016935890901134558,0.02644486376433493,0.0048,0.026492501568364857,0.7389363503818054,0.5248,False,,,0.0208,9,4,4,608,0.0208,0.6923076923076923,0.6923076923076923,0.006535947712418301,0.842885872297637
2,mixed,0.008,posterior_risk,100,0.0091209016924445,0.007127016303725458,0.9872,0.3076923076923077,0.017236902666878932,0.026013754804883972,0.0016,0.026108235340685414,0.7525167242840626,0.5488,False,,,0.0208,9,4,4,608,0.0208,0.6923076923076923,0.6923076923076923,0.006535947712418301,0.842885872297637
2,mixed,0.008,evidence_no_geometry,100,0.00828853435573313,0.006633293753730372,0.9856,0.23076923076923078,0.015352435974250858,0.02271411073062163,0.0,0.02281946751715268,0.7107442574678502,0.4336,False,,,0.0208,10,3,6,606,0.0208,0.7692307692307693,0.625,0.00980392156862745,0.8797134238310709
2,mixed,0.008,risk_geometry,100,0.008394862519563777,0.006522417820123751,0.9872,0.07692307692307693,0.017124789245180926,0.026200317360700793,0.0,0.026353993257548333,0.7623064484598381,0.5456,False,,,0.0208,12,1,7,605,0.0208,0.9230769230769231,0.631578947368421,0.011437908496732025,0.9558195072900956
3,smooth,0.003,space_filling,100,0.002391390033742106,0.0018706781721695726,0.9888,0.4444444444444444,0.011935311351532162,0.01813489744956094,0.0016,0.018800714312825335,0.6322744602508048,0.2832,False,,,0.0144,5,4,3,613,0.0144,0.5555555555555556,0.625,0.00487012987012987,0.7753427128427128
3,smooth,0.003,geometry_only,100,0.002586870512905799,0.0020524057599234573,0.9856,0.1111111111111111,0.01360297782580355,0.023055962428434506,0.0,0.02366998819690555,0.6690916097915403,0.3664,False,,,0.0144,8,1,8,608,0.0144,0.8888888888888888,0.5,0.012987012987012988,0.9379509379509379
3,smooth,0.003,uncertainty_only,100,0.0026608871407393835,0.002138032758833617,0.9904,0.2222222222222222,0.012122199493830563,0.018602815210297843,0.0,0.019033040973866988,0.6904665876475066,0.2736,False,,,0.0144,7,2,4,612,0.0144,0.7777777777777778,0.6363636363636364,0.006493506493506494,0.8856421356421357
3,smooth,0.003,evidence_gated,100,0.0023360645343205393,0.0018634918977670856,0.9824,0.1111111111111111,0.013645670448026065,0.021736397383902248,0.0,0.02183894403762583,0.7233201115443442,0.3904,False,,,0.0144,8,1,10,606,0.0144,0.8888888888888888,0.4444444444444444,0.016233766233766232,0.9363275613275612
3,smooth,0.003,two_sided_straddle,100,0.002791896682930618,0.002280204231401171,0.9904,0.1111111111111111,0.013542736237384048,0.023861146606222922,0.0,0.024687809267410776,0.7178745757967249,0.3712,False,,,0.0144,8,1,5,611,0.0144,0.8888888888888888,0.6153846153846154,0.008116883116883116,0.9403860028860029
3,smooth,0.003,randomized_straddle,100,0.0035756536066617367,0.002814970128820464,0.9856,0.1111111111111111,0.015615902248112766,0.0266514977135494,0.0,0.026991452573943767,0.7386283628170469,0.4816,False,,,0.0144,8,1,8,608,0.0144,0.8888888888888888,0.5,0.012987012987012988,0.9379509379509379
3,smooth,0.003,posterior_risk,100,0.0035998053779157883,0.002872978919962625,0.984,0.1111111111111111,0.01589027609543639,0.027125640489529177,0.0,0.02752405234622833,0.74166267432509,0.52,False,,,0.0144,8,1,9,607,0.0144,0.8888888888888888,0.47058823529411764,0.01461038961038961,0.9371392496392497
3,smooth,0.003,evidence_no_geometry,100,0.0025934289881791475,0.002030451469168139,0.9872,0.1111111111111111,0.01345936209666379,0.021582647916438817,0.0032,0.021797166068251453,0.7095858086280139,0.3808,False,,,0.0144,8,1,7,609,0.0144,0.8888888888888888,0.5333333333333333,0.011363636363636364,0.9387626262626263
3,smooth,0.003,risk_geometry,100,0.003866955064245832,0.0030609247101913064,0.984,0.1111111111111111,0.01578452636803228,0.02621309907808573,0.0,0.02657905407688098,0.7499904307602637,0.5216,False,,,0.0144,8,1,9,607,0.0144,0.8888888888888888,0.47058823529411764,0.01461038961038961,0.9371392496392497
3,smooth,0.008,space_filling,100,0.005688503267220838,0.004546846685962153,0.9696,0.5555555555555556,0.013697696339174262,0.018988804480816926,0.0,0.019367802060407044,0.5906678770721976,0.3648,False,,,0.0144,4,5,14,602,0.0144,0.4444444444444444,0.2222222222222222,0.022727272727272728,0.7108585858585859
3,smooth,0.008,geometry_only,100,0.005607285679754473,0.004335920150921863,0.9744,0.6666666666666666,0.015269092443576642,0.02378812351053543,0.0016,0.024303065375071323,0.6246351251639564,0.4864,False,,,0.0144,3,6,10,606,0.0144,0.3333333333333333,0.23076923076923078,0.016233766233766232,0.6585497835497836
3,smooth,0.008,uncertainty_only,100,0.006365435506790084,0.005137982727624694,0.9904,0.4444444444444444,0.01385154660020656,0.019107251667901323,0.0048,0.019231540521515954,0.6457111201135377,0.3168,False,,,0.0144,5,4,2,614,0.0144,0.5555555555555556,0.7142857142857143,0.003246753246753247,0.7761544011544012
3,smooth,0.008,evidence_gated,100,0.006442878542302531,0.005099019053308727,0.9872,0.2222222222222222,0.015120694544135165,0.022028651838153928,0.0,0.022118424278491398,0.7106281519571459,0.4144,False,,,0.0144,7,2,6,610,0.0144,0.7777777777777778,0.5384615384615384,0.00974025974025974,0.884018759018759
3,smooth,0.008,two_sided_straddle,100,0.00612955102019861,0.004778236637894649,0.9776,0.4444444444444444,0.01536293209214877,0.023586089409738175,0.0032,0.02388280371117757,0.5975893536462455,0.4768,False,,,0.0144,5,4,10,606,0.0144,0.5555555555555556,0.3333333333333333,0.016233766233766232,0.7696608946608947
3,smooth,0.008,randomized_straddle,100,0.006744171698592132,0.005364980853111872,0.9904,0.4444444444444444,0.01623997534271969,0.024947324820169016,0.0,0.02517737765914124,0.7038252371161893,0.5248,False,,,0.0144,5,4,2,614,0.0144,0.5555555555555556,0.7142857142857143,0.003246753246753247,0.7761544011544012
3,smooth,0.008,posterior_risk,100,0.007046105062611168,0.005553468018935888,0.9744,0.1111111111111111,0.018424483323922578,0.028871133993026783,0.0048,0.028972636348501134,0.7081119378641575,0.6592,False,,,0.0144,8,1,15,601,0.0144,0.8888888888888888,0.34782608695652173,0.024350649350649352,0.9322691197691197
3,smooth,0.008,evidence_no_geometry,100,0.0048628686031751455,0.0039707561613039856,0.9824,0.4444444444444444,0.015398720522072756,0.023185416622861794,0.0016,0.02341308144282912,0.7042566083146489,0.4912,False,,,0.0144,5,4,7,609,0.0144,0.5555555555555556,0.4166666666666667,0.011363636363636364,0.7720959595959596
3,smooth,0.008,risk_geometry,100,0.00598468091786009,0.004721101484361501,0.984,0.2222222222222222,0.01743057668778139,0.02798299484412833,0.0016,0.02800873306342913,0.7330167234720609,0.5776,False,,,0.0144,7,2,8,608,0.0144,0.7777777777777778,0.4666666666666667,0.012987012987012988,0.8823953823953824
3,waviness,0.003,space_filling,100,0.006430362834213882,0.005015456005960222,0.9488,0.5714285714285714,0.011935311351532162,0.01813489744956094,0.0048,0.018565152009805668,0.665200202618093,0.2976,False,,,0.0784,21,28,4,572,0.0784,0.42857142857142855,0.84,0.006944444444444444,0.7108134920634921
3,waviness,0.003,geometry_only,100,0.009334292869087435,0.006858182090787001,0.9488,0.6122448979591837,0.013504972784325574,0.02237885798472482,0.0016,0.022974052900717565,0.6851757746582732,0.3456,False,,,0.0784,19,30,2,574,0.0784,0.3877551020408163,0.9047619047619048,0.003472222222222222,0.6921414399092971
3,waviness,0.003,uncertainty_only,100,0.007023654209023953,0.005234892960054319,0.9568,0.5102040816326531,0.012122199493830563,0.018602815210297843,0.0144,0.018916767887907242,0.6766379270159508,0.3008,False,,,0.0784,24,25,2,574,0.0784,0.4897959183673469,0.9230769230769231,0.003472222222222222,0.7431618480725624
3,waviness,0.003,evidence_gated,100,0.010226402642398633,0.007423123451373641,0.96,0.42857142857142855,0.014111405107610523,0.023892418193257273,0.0016,0.024065155281506215,0.7144518036916295,0.4016,False,,,0.0784,28,21,4,572,0.0784,0.5714285714285714,0.875,0.006944444444444444,0.7822420634920635
3,waviness,0.003,two_sided_straddle,100,0.010890208330658053,0.007796653663674311,0.9632,0.3877551020408163,0.013848989165752093,0.022478559218463076,0.0048,0.022791926605502364,0.7184454042939583,0.336,False,,,0.0784,30,19,4,572,0.0784,0.6122448979591837,0.8823529411764706,0.006944444444444444,0.8026502267573696
3,waviness,0.003,randomized_straddle,100,0.012823649036592073,0.00894515974056494,0.968,0.3673469387755102,0.015880145695076817,0.028000990203553202,0.0048,0.028237771598500962,0.7226305599152839,0.4896,False,,,0.0784,31,18,2,574,0.0784,0.6326530612244898,0.9393939393939394,0.003472222222222222,0.8145904195011338
3,waviness,0.003,posterior_risk,100,0.01536663795608978,0.011172752382699156,0.9568,0.5102040816326531,0.016813187928806487,0.029670605800461634,0.0,0.029909346383077164,0.7236636638798515,0.5168,False,,,0.0784,24,25,2,574,0.0784,0.4897959183673469,0.9230769230769231,0.003472222222222222,0.7431618480725624
3,waviness,0.003,evidence_no_geometry,100,0.012941822563732528,0.00937727177168668,0.9616,0.4489795918367347,0.01427639986226132,0.023448778030086923,0.008,0.02400630531648082,0.741028485159526,0.3504,False,,,0.0784,27,22,2,574,0.0784,0.5510204081632653,0.9310344827586207,0.003472222222222222,0.7737740929705215
3,waviness,0.003,risk_geometry,100,0.014099528208750408,0.010402128293748678,0.9568,0.4897959183673469,0.015495452013631143,0.02508613644863107,0.0016,0.02537373957041124,0.7531609997597056,0.4464,False,,,0.0784,25,24,3,573,0.0784,0.5102040816326531,0.8928571428571429,0.005208333333333333,0.7524978741496599
3,waviness,0.008,space_filling,100,0.009309241358065943,0.007605654996617196,0.9328,0.6530612244897959,0.013697696339174262,0.018988804480816926,0.0064,0.01921534990552179,0.6302979659158395,0.368,False,,,0.0784,17,32,10,566,0.0784,0.3469387755102041,0.6296296296296297,0.017361111111111112,0.6647888321995464
3,waviness,0.008,geometry_only,100,0.011223440018734675,0.008656808264483862,0.9344,0.7142857142857143,0.01518128218043398,0.02313119495256333,0.0032,0.02329878843959745,0.6078079757526079,0.48,False,,,0.0784,14,35,6,570,0.0784,0.2857142857142857,0.7,0.010416666666666666,0.6376488095238095
3,waviness,0.008,uncertainty_only,100,0.00950602242356228,0.0076988009394083875,0.9424,0.6326530612244898,0.01385154660020656,0.019107251667901323,0.0016,0.019212349009148654,0.6710169066550837,0.3344,False,,,0.0784,18,31,5,571,0.0784,0.3673469387755102,0.782608695652174,0.008680555555555556,0.6793331916099773
3,waviness,0.008,evidence_gated,100,0.012325762165260776,0.009218991359935012,0.9328,0.6530612244897959,0.015349393678587762,0.023323417240643643,0.0016,0.02351956179212177,0.6625075564483535,0.4624,False,,,0.0784,17,32,10,566,0.0784,0.3469387755102041,0.6296296296296297,0.017361111111111112,0.6647888321995464
3,waviness,0.008,two_sided_straddle,100,0.011930331892662875,0.009155423403109443,0.9312,0.6326530612244898,0.01571033683368976,0.024235881987746108,0.008,0.024356712330793732,0.6766433238684841,0.5008,False,,,0.0784,18,31,12,564,0.0784,0.3673469387755102,0.6,0.020833333333333332,0.6732568027210885
3,waviness,0.008,randomized_straddle,100,0.015346379890177293,0.011512101092264375,0.9264,0.5918367346938775,0.017813248703703075,0.028742263752620675,0.0016,0.028840700389887397,0.6560790349391711,0.5696,False,,,0.0784,20,29,17,559,0.0784,0.40816326530612246,0.5405405405405406,0.029513888888888888,0.6893246882086168
3,waviness,0.008,posterior_risk,100,0.014758756282188134,0.011479592017221181,0.9344,0.7346938775510204,0.01725226410699324,0.025996891274916906,0.0,0.026310158161010604,0.7555670651267241,0.5088,False,,,0.0784,13,36,5,571,0.0784,0.2653061224489796,0.7222222222222222,0.008680555555555556,0.628312783446712
3,waviness,0.008,evidence_no_geometry,100,0.013841671083804633,0.010932066797228676,0.9312,0.6326530612244898,0.015432984944150206,0.022811175103327547,0.0016,0.022883947954125284,0.7065913189352641,0.4464,False,,,0.0784,18,31,12,564,0.0784,0.3673469387755102,0.6,0.020833333333333332,0.6732568027210885
3,waviness,0.008,risk_geometry,100,0.015391533974278353,0.011722102072492514,0.9392,0.5918367346938775,0.01787799560634441,0.027963488454693666,0.0112,0.028015354768746847,0.7119279428377492,0.5856,False,,,0.0784,20,29,9,567,0.0784,0.40816326530612246,0.6896551724137931,0.015625,0.6962691326530612
3,local_defect,0.003,space_filling,100,0.003087011897762723,0.002508372700964642,0.9984,0.045454545454545456,0.011935311351532162,0.01813489744956094,0.0,0.018793313393150372,0.6994069503325222,0.2048,False,,,0.0352,21,1,0,603,0.0352,0.9545454545454546,1.0,0.0,0.9772727272727273
3,local_defect,0.003,geometry_only,100,0.0032623434546150093,0.0024862998005063786,0.9968,0.045454545454545456,0.01412176675754398,0.023575522493380876,0.0,0.024301792728782953,0.6381088792321765,0.3344,False,,,0.0352,21,1,1,602,0.0352,0.9545454545454546,0.9545454545454546,0.001658374792703151,0.9764435398763758
3,local_defect,0.003,uncertainty_only,100,0.0036206896645746265,0.002612674275181165,0.9952,0.045454545454545456,0.012122199493830563,0.018602815210297843,0.0,0.01902513448931566,0.6920149548754294,0.2432,False,,,0.0352,21,1,2,601,0.0352,0.9545454545454546,0.9130434782608695,0.003316749585406302,0.9756143524800241
3,local_defect,0.003,evidence_gated,100,0.003480258042204518,0.002610499504149622,0.9984,0.045454545454545456,0.01250178169892813,0.019834536560272818,0.0,0.020074391041402823,0.7657874869317868,0.2272,False,,,0.0352,21,1,0,603,0.0352,0.9545454545454546,1.0,0.0,0.9772727272727273
3,local_defect,0.003,two_sided_straddle,100,0.003554368782421204,0.002723403027226584,0.9984,0.0,0.013453872000235083,0.02283682953658466,0.0016,0.023156568752690343,0.7909978612590425,0.2992,False,,,0.0352,22,0,1,602,0.0352,1.0,0.9565217391304348,0.001658374792703151,0.9991708126036485
3,local_defect,0.003,randomized_straddle,100,0.003537490889489671,0.0027905609637061328,1.0,0.0,0.014734006378263751,0.026105590760758544,0.0,0.02625198043284135,0.7633378024708742,0.3776,False,,,0.0352,22,0,0,603,0.0352,1.0,1.0,0.0,1.0
3,local_defect,0.003,posterior_risk,100,0.0034008183692041598,0.002697841709078267,0.9968,0.045454545454545456,0.01498580540826025,0.024505814991235334,0.0,0.024595325399280287,0.8028692599559897,0.4176,False,,,0.0352,21,1,1,602,0.0352,0.9545454545454546,0.9545454545454546,0.001658374792703151,0.9764435398763758
3,local_defect,0.003,evidence_no_geometry,100,0.003327789110983303,0.0025233557764100327,1.0,0.0,0.0133194165298913,0.022067712679161453,0.0,0.022430160325033376,0.7773349770456575,0.3152,False,,,0.0352,22,0,0,603,0.0352,1.0,1.0,0.0,1.0
3,local_defect,0.003,risk_geometry,100,0.003615549187532749,0.0028215383889763075,0.9968,0.09090909090909091,0.013550133503911377,0.022000892749779514,0.0,0.022405774277080896,0.8274605165058937,0.2736,False,,,0.0352,20,2,0,603,0.0352,0.9090909090909091,1.0,0.0,0.9545454545454546
3,local_defect,0.008,space_filling,100,0.006697088155332785,0.00513635724974942,0.9824,0.2727272727272727,0.013697696339174262,0.018988804480816926,0.0048,0.019367827278523566,0.7217618879102085,0.2928,False,,,0.0352,16,6,5,598,0.0352,0.7272727272727273,0.7619047619047619,0.008291873963515755,0.8594904266546057
3,local_defect,0.008,geometry_only,100,0.006599945111924333,0.005060411685754093,0.9888,0.18181818181818182,0.015761890575281542,0.02435483571127469,0.0016,0.02480829116393595,0.6408433423410742,0.3808,False,,,0.0352,18,4,3,600,0.0352,0.8181818181818182,0.8571428571428571,0.004975124378109453,0.9066033469018544
3,local_defect,0.008,uncertainty_only,100,0.006138438985054401,0.004806175097387816,0.9888,0.09090909090909091,0.01385154660020656,0.019107251667901323,0.0032,0.01925621532313105,0.7071389073376491,0.3408,False,,,0.0352,20,2,5,598,0.0352,0.9090909090909091,0.8,0.008291873963515755,0.9503995175636967
3,local_defect,0.008,evidence_gated,100,0.006248870978996213,0.004863015649943691,0.9904,0.18181818181818182,0.014471251612834033,0.020922449255002532,0.0,0.021160654481374053,0.7412832941107207,0.368,False,,,0.0352,18,4,2,601,0.0352,0.8181818181818182,0.9,0.003316749585406302,0.9074325342982059
3,local_defect,0.008,two_sided_straddle,100,0.006272759704346538,0.0050666873931780815,0.9968,0.045454545454545456,0.015146114682965277,0.023401416459699183,0.0,0.02404186807142009,0.7495179056084926,0.4304,False,,,0.0352,21,1,1,602,0.0352,0.9545454545454546,0.9545454545454546,0.001658374792703151,0.9764435398763758
3,local_defect,0.008,randomized_straddle,100,0.007416576192308022,0.005726966522448496,0.9904,0.22727272727272727,0.01687154482405856,0.026923253324209837,0.0,0.027068927887308865,0.7460836819387198,0.5824,False,,,0.0352,17,5,1,602,0.0352,0.7727272727272727,0.9444444444444444,0.001658374792703151,0.8855344489672847
3,local_defect,0.008,posterior_risk,100,0.0069925558122215575,0.005639352672919895,0.9904,0.22727272727272727,0.016662987668913196,0.02643110299631044,0.0,0.026481775630185667,0.7726140240085522,0.4832,False,,,0.0352,17,5,1,602,0.0352,0.7727272727272727,0.9444444444444444,0.001658374792703151,0.8855344489672847
3,local_defect,0.008,evidence_no_geometry,100,0.006775929327086577,0.005475452980257174,0.9904,0.18181818181818182,0.014754674425952146,0.02143774772573988,0.0016,0.02153713501283086,0.7730785403251744,0.4176,False,,,0.0352,18,4,2,601,0.0352,0.8181818181818182,0.9,0.003316749585406302,0.9074325342982059
3,local_defect,0.008,risk_geometry,100,0.0067348432278879974,0.005500938188879221,0.9904,0.13636363636363635,0.0159675757311708,0.023605168114983942,0.0032,0.023755693740595548,0.7598594741336481,0.4832,False,,,0.0352,19,3,3,600,0.0352,0.8636363636363636,0.8636363636363636,0.004975124378109453,0.9293306196291271
3,mixed,0.003,space_filling,100,0.003773830794083287,0.0028819696865990023,0.984,0.1836734693877551,0.011935311351532162,0.01813489744956094,0.0064,0.018765773250903475,0.6416388566711962,0.272,False,,,0.0784,40,9,1,575,0.0784,0.8163265306122449,0.975609756097561,0.001736111111111111,0.9072952097505669
3,mixed,0.003,geometry_only,100,0.00753315640192048,0.004771160716344818,0.9584,0.3469387755102041,0.013719774146744784,0.024032420611645844,0.0048,0.025028526236759094,0.5808988070967815,0.3616,False,,,0.0784,32,17,9,567,0.0784,0.6530612244897959,0.7804878048780488,0.015625,0.8187181122448979
3,mixed,0.003,uncertainty_only,100,0.005439212759440947,0.003324554791792008,0.976,0.2857142857142857,0.012122199493830563,0.018602815210297843,0.0016,0.018971328763401546,0.6139357175176845,0.2928,False,,,0.0784,35,14,1,575,0.0784,0.7142857142857143,0.9722222222222222,0.001736111111111111,0.8562748015873016
3,mixed,0.003,evidence_gated,100,0.004225078508096142,0.003160437009842526,0.9904,0.02040816326530612,0.013418070795656186,0.02178398132556459,0.0,0.021966938599795174,0.7380949878336995,0.344,False,,,0.0784,48,1,5,571,0.0784,0.9795918367346939,0.9056603773584906,0.008680555555555556,0.9854556405895691
3,mixed,0.003,two_sided_straddle,100,0.005149826356789755,0.003843756565340192,0.9824,0.10204081632653061,0.013547880176906732,0.02293895745688934,0.0064,0.02321314013045262,0.7062061940607623,0.3248,False,,,0.0784,44,5,6,570,0.0784,0.8979591836734694,0.88,0.010416666666666666,0.9437712585034014
3,mixed,0.003,randomized_straddle,100,0.0051983326387030696,0.00380972486510097,0.9824,0.1836734693877551,0.014953323332871986,0.025210430472555775,0.0016,0.02561693778737323,0.7035212200881998,0.4352,False,,,0.0784,40,9,2,574,0.0784,0.8163265306122449,0.9523809523809523,0.003472222222222222,0.9064271541950113
3,mixed,0.003,posterior_risk,100,0.005234614533443577,0.003910552871521176,0.992,0.04081632653061224,0.014919466560834862,0.02458473868581106,0.0,0.024679017206344207,0.7617437060197089,0.44,False,,,0.0784,47,2,3,573,0.0784,0.9591836734693877,0.94,0.005208333333333333,0.9769876700680271
3,mixed,0.003,evidence_no_geometry,100,0.004146052962362779,0.0030695646818587902,0.9904,0.061224489795918366,0.013771637723724769,0.021964994926853405,0.008,0.022385435603512676,0.7278644285996715,0.3632,False,,,0.0784,46,3,3,573,0.0784,0.9387755102040817,0.9387755102040817,0.005208333333333333,0.9667835884353742
3,mixed,0.003,risk_geometry,100,0.0061603520725357595,0.004217699453242993,0.9824,0.16326530612244897,0.015527983755548454,0.026641171939191983,0.0,0.027219802134405665,0.764029216418087,0.432,False,,,0.0784,41,8,3,573,0.0784,0.8367346938775511,0.9318181818181818,0.005208333333333333,0.9157631802721089
3,mixed,0.008,space_filling,100,0.007123140314906424,0.005592255881191469,0.9552,0.2653061224489796,0.013697696339174262,0.018988804480816926,0.0096,0.01927395625188167,0.5965890737145906,0.352,False,,,0.0784,36,13,15,561,0.0784,0.7346938775510204,0.7058823529411765,0.026041666666666668,0.8543261054421769
3,mixed,0.008,geometry_only,100,0.01042785965835866,0.0072869000804410035,0.9392,0.30612244897959184,0.015377652528809804,0.024721746808249758,0.0096,0.02523812665520508,0.5747141812510475,0.4368,False,,,0.0784,34,15,23,553,0.0784,0.6938775510204082,0.5964912280701754,0.03993055555555555,0.8269734977324263
3,mixed,0.008,uncertainty_only,100,0.0073898524217163985,0.0059900916620973235,0.9552,0.22448979591836735,0.01385154660020656,0.019107251667901323,0.0128,0.01924524874463545,0.6298307835023934,0.3568,False,,,0.0784,38,11,17,559,0.0784,0.7755102040816326,0.6909090909090909,0.029513888888888888,0.8729981575963719
3,mixed,0.008,evidence_gated,100,0.009279313476398435,0.0068326109056583645,0.96,0.24489795918367346,0.015669432691877597,0.0246287498931035,0.0,0.025020995511719824,0.7206610184019363,0.424,False,,,0.0784,37,12,13,563,0.0784,0.7551020408163265,0.74,0.022569444444444444,0.866266298185941
3,mixed,0.008,two_sided_straddle,100,0.009079587628663042,0.007288287945601497,0.96,0.22448979591836735,0.015255894878468583,0.023196993139911186,0.0032,0.023250091802026474,0.6943598596926707,0.4,False,,,0.0784,38,11,14,562,0.0784,0.7755102040816326,0.7307692307692307,0.024305555555555556,0.8756023242630385
3,mixed,0.008,randomized_straddle,100,0.00850187477254136,0.006770320721386651,0.9568,0.2653061224489796,0.016984332076132747,0.027311484440153005,0.0,0.02745024196298075,0.679996326499761,0.5456,False,,,0.0784,36,13,14,562,0.0784,0.7346938775510204,0.72,0.024305555555555556,0.8551941609977325
3,mixed,0.008,posterior_risk,100,0.010373618580493682,0.007780880103874675,0.9552,0.32653061224489793,0.017510850802141667,0.02929494908822633,0.0048,0.029355030881685017,0.7085305410937851,0.5696,False,,,0.0784,33,16,12,564,0.0784,0.673469387755102,0.7333333333333333,0.020833333333333332,0.8263180272108843
3,mixed,0.008,evidence_no_geometry,100,0.008799079306660126,0.006748772721568383,0.9696,0.22448979591836735,0.015751704744604005,0.024665878485259096,0.0016,0.024710416225016376,0.7234595996893113,0.424,False,,,0.0784,38,11,8,568,0.0784,0.7755102040816326,0.8260869565217391,0.013888888888888888,0.8808106575963719
3,mixed,0.008,risk_geometry,100,0.0108581617994981,0.00839681749792995,0.9568,0.2857142857142857,0.01805213442834097,0.029426426506618916,0.0048,0.02949393398652902,0.6874335589251952,0.6144,False,,,0.0784,35,14,13,563,0.0784,0.7142857142857143,0.7291666666666666,0.022569444444444444,0.8458581349206349
4,smooth,0.003,space_filling,100,0.0028870767657002824,0.002318175622732791,0.992,0.22727272727272727,0.01216820855516998,0.019595797409413713,0.0016,0.020116421707815503,0.6750235151499642,0.3104,False,,,0.0352,17,5,0,603,0.0352,0.7727272727272727,1.0,0.0,0.8863636363636364
4,smooth,0.003,geometry_only,100,0.0029244776454329905,0.0023755273601418184,0.992,0.13636363636363635,0.013020750955558361,0.0214080335882001,0.0,0.02193716551789263,0.6524555983703719,0.352,False,,,0.0352,19,3,2,601,0.0352,0.8636363636363636,0.9047619047619048,0.003316749585406302,0.9301598070254786
4,smooth,0.003,uncertainty_only,100,0.002658674118520112,0.002213268448464794,0.992,0.09090909090909091,0.012128524904996765,0.018958507408163086,0.0,0.019147053416558975,0.6782978538417694,0.2896,False,,,0.0352,20,2,3,600,0.0352,0.9090909090909091,0.8695652173913043,0.004975124378109453,0.9520578923563998
4,smooth,0.003,evidence_gated,100,0.0026943329511959035,0.00224532179889324,0.9936,0.09090909090909091,0.012699420721899281,0.020543844836645526,0.0,0.020751017402648245,0.7305356945089332,0.3232,False,,,0.0352,20,2,2,601,0.0352,0.9090909090909091,0.9090909090909091,0.003316749585406302,0.9528870797527513
4,smooth,0.003,two_sided_straddle,100,0.002653685515753934,0.0021283043221893964,0.9952,0.09090909090909091,0.01323857801361994,0.022145773488492386,0.0,0.022438223984012722,0.7226382153979805,0.3472,False,,,0.0352,20,2,1,602,0.0352,0.9090909090909091,0.9523809523809523,0.001658374792703151,0.953716267149103
4,smooth,0.003,randomized_straddle,100,0.0027211127073979422,0.0022199830291058397,0.992,0.13636363636363635,0.013824093425093673,0.02298375601837565,0.0016,0.023595501899002932,0.7631332355789603,0.4176,False,,,0.0352,19,3,2,601,0.0352,0.8636363636363636,0.9047619047619048,0.003316749585406302,0.9301598070254786
4,smooth,0.003,posterior_risk,100,0.002952783951568719,0.002428302817221727,0.9936,0.045454545454545456,0.01541099242593528,0.027816026697608947,0.0,0.028432871863116882,0.746392953526002,0.5072,False,,,0.0352,21,1,3,600,0.0352,0.9545454545454546,0.875,0.004975124378109453,0.9747851650836725
4,smooth,0.003,evidence_no_geometry,100,0.0027160792715735945,0.0022720764112244742,0.9936,0.045454545454545456,0.013013535314904278,0.02134516373917125,0.0016,0.021779640678217194,0.7541807626358781,0.344,False,,,0.0352,21,1,3,600,0.0352,0.9545454545454546,0.875,0.004975124378109453,0.9747851650836725
4,smooth,0.003,risk_geometry,100,0.002843003469889356,0.002282813655632674,0.9936,0.045454545454545456,0.015005462642101048,0.025715095672916553,0.0,0.02584727436795321,0.7719780457398603,0.4944,False,,,0.0352,21,1,3,600,0.0352,0.9545454545454546,0.875,0.004975124378109453,0.9747851650836725
4,smooth,0.008,space_filling,100,0.006628432171897715,0.005038017581802389,0.9904,0.18181818181818182,0.013920642400117523,0.020472954335895403,0.0016,0.02070310124344604,0.6404282090294083,0.3568,False,,,0.0352,18,4,2,601,0.0352,0.8181818181818182,0.9,0.003316749585406302,0.9074325342982059
4,smooth,0.008,geometry_only,100,0.00650629415742101,0.005281063347318112,0.9776,0.2727272727272727,0.014717908343544101,0.022122759325209882,0.0,0.022521371096059974,0.6803194578808665,0.392,False,,,0.0352,16,6,8,595,0.0352,0.7272727272727273,0.6666666666666666,0.013266998341625208,0.857002864465551
4,smooth,0.008,uncertainty_only,100,0.007680728592187012,0.00620876656655263,0.9712,0.0,0.01376014335462455,0.019062134544892147,0.0064,0.019327977400677075,0.5965256414586212,0.3936,False,,,0.0352,22,0,18,585,0.0352,1.0,0.55,0.029850746268656716,0.9850746268656716
4,smooth,0.008,evidence_gated,100,0.007231770121202623,0.0058685615728206394,0.9856,0.22727272727272727,0.014575690915585755,0.022050473052686235,0.0,0.022106572459776385,0.6962288084447346,0.4128,False,,,0.0352,17,5,4,599,0.0352,0.7727272727272727,0.8095238095238095,0.006633499170812604,0.8830468867782301
4,smooth,0.008,two_sided_straddle,100,0.007135040954491338,0.005904741788413084,0.9904,0.09090909090909091,0.01500439364413929,0.023404170586221792,0.0,0.02365660153078938,0.6992302784050342,0.4464,False,,,0.0352,20,2,4,599,0.0352,0.9090909090909091,0.8333333333333334,0.006633499170812604,0.9512287049600483
4,smooth,0.008,randomized_straddle,100,0.006930556592223474,0.005471119880614203,0.992,0.18181818181818182,0.016134391233782575,0.024971420570085997,0.0048,0.025021832487617978,0.7094736230220527,0.4992,False,,,0.0352,18,4,1,602,0.0352,0.8181818181818182,0.9473684210526315,0.001658374792703151,0.9082617216945575
4,smooth,0.008,posterior_risk,100,0.007380083531061153,0.006221115131359393,0.992,0.045454545454545456,0.017371134766970664,0.02922314573436986,0.0,0.029386724401943835,0.6985591450492633,0.6112,False,,,0.0352,21,1,4,599,0.0352,0.9545454545454546,0.84,0.006633499170812604,0.973955977687321
4,smooth,0.008,evidence_no_geometry,100,0.007235101676315896,0.005915917539320917,0.992,0.09090909090909091,0.014608853193625867,0.022158037460727864,0.0016,0.02221887135209146,0.7418445973337897,0.3904,False,,,0.0352,20,2,3,600,0.0352,0.9090909090909091,0.8695652173913043,0.004975124378109453,0.9520578923563998
4,smooth,0.008,risk_geometry,100,0.00753069211779683,0.006228772608034516,0.9888,0.18181818181818182,0.016729185193390894,0.027558571033476822,0.0,0.027675682730840246,0.7085013553851421,0.5232,False,,,0.0352,18,4,3,600,0.0352,0.8181818181818182,0.8571428571428571,0.004975124378109453,0.9066033469018544
4,waviness,0.003,space_filling,100,0.006699920959379949,0.005055430182388135,0.9392,0.6666666666666666,0.01216820855516998,0.019595797409413713,0.0,0.020101190460006527,0.6425546508276974,0.3136,False,,,0.0816,17,34,4,570,0.0816,0.3333333333333333,0.8095238095238095,0.006968641114982578,0.6631823461091754
4,waviness,0.003,geometry_only,100,0.009235952641245397,0.006554977411559368,0.9488,0.6078431372549019,0.013829132548024214,0.023396130527941622,0.0,0.023906128185949695,0.6451583062644802,0.4368,False,,,0.0816,20,31,1,573,0.0816,0.39215686274509803,0.9523809523809523,0.0017421602787456446,0.6952073512331762
4,waviness,0.003,uncertainty_only,100,0.006344361156572869,0.00488621682364625,0.9472,0.5882352941176471,0.012128524904996765,0.018958507408163086,0.0016,0.019134441556012835,0.6334261041558087,0.3504,False,,,0.0816,21,30,3,571,0.0816,0.4117647058823529,0.875,0.005226480836236934,0.703269112523058
4,waviness,0.003,evidence_gated,100,0.010502399723170984,0.007472550498120072,0.952,0.5294117647058824,0.013878496576964388,0.02227421339788343,0.0,0.02265400118606545,0.7061120472220699,0.4064,False,,,0.0816,24,27,3,571,0.0816,0.47058823529411764,0.8888888888888888,0.005226480836236934,0.7326808772289404
4,waviness,0.003,two_sided_straddle,100,0.010142912156955768,0.007246539411063779,0.9504,0.47058823529411764,0.013810436268722049,0.02272067341207014,0.0032,0.02289535352500991,0.670989081563443,0.4032,False,,,0.0816,27,24,7,567,0.0816,0.5294117647058824,0.7941176470588235,0.012195121951219513,0.7586083213773314
4,waviness,0.003,randomized_straddle,100,0.011779294845283108,0.008648843072737666,0.9536,0.45098039215686275,0.015063540101746832,0.025500321300459827,0.0048,0.025826146112286306,0.6569502978752774,0.4864,False,,,0.0816,28,23,6,568,0.0816,0.5490196078431373,0.8235294117647058,0.010452961672473868,0.7692833230853318
4,waviness,0.003,posterior_risk,100,0.01187342130752848,0.008790863097029342,0.9504,0.5098039215686274,0.015894232193626984,0.026632389524903304,0.0032,0.02691370934408375,0.730163886314536,0.5184,False,,,0.0816,25,26,5,569,0.0816,0.49019607843137253,0.8333333333333334,0.008710801393728223,0.7407426385188222
4,waviness,0.003,evidence_no_geometry,100,0.012454097630029705,0.00884913570157669,0.9392,0.5490196078431373,0.014142230188364193,0.02316865547140562,0.0,0.023314407983643256,0.7044398921783654,0.416,False,,,0.0816,23,28,10,564,0.0816,0.45098039215686275,0.696969696969697,0.017421602787456445,0.7167793946847032
4,waviness,0.003,risk_geometry,100,0.013233702310609824,0.009483188281243088,0.9504,0.5294117647058824,0.016113774520097685,0.026042809034939277,0.0032,0.026189395813022973,0.7032689304914511,0.5536,False,,,0.0816,24,27,4,570,0.0816,0.47058823529411764,0.8571428571428571,0.006968641114982578,0.7318097970895675
4,waviness,0.008,space_filling,100,0.009430037153653361,0.007496058294548293,0.9248,0.7843137254901961,0.013920642400117523,0.020472954335895403,0.0,0.020673784942666567,0.6376419433013878,0.4,False,,,0.0816,11,40,7,567,0.0816,0.21568627450980393,0.6111111111111112,0.012195121951219513,0.6017455762792923
4,waviness,0.008,geometry_only,100,0.010744816786500744,0.00816573363946511,0.9296,0.7647058823529411,0.0154882216191893,0.024079146789638798,0.008,0.024440451263561005,0.6378503443146234,0.4848,False,,,0.0816,12,39,5,569,0.0816,0.23529411764705882,0.7058823529411765,0.008710801393728223,0.6132916581266653
4,waviness,0.008,uncertainty_only,100,0.00920458172952243,0.007334030736397603,0.9328,0.7058823529411765,0.01376014335462455,0.019062134544892147,0.0,0.01936076012020172,0.6442059822669007,0.376,False,,,0.0816,15,36,6,568,0.0816,0.29411764705882354,0.7142857142857143,0.010452961672473868,0.6418323426931748
4,waviness,0.008,evidence_gated,100,0.011172841559337503,0.008314140131492686,0.9456,0.5294117647058824,0.014852641864084784,0.02199733651225737,0.0176,0.02220771433875064,0.6905508936058402,0.4336,False,,,0.0816,24,27,7,567,0.0816,0.47058823529411764,0.7741935483870968,0.012195121951219513,0.7291965566714491
4,waviness,0.008,two_sided_straddle,100,0.010797759858135348,0.008102229651501524,0.9408,0.5294117647058824,0.015158114737452056,0.02276610542315848,0.0112,0.022914996642819856,0.6594080388004947,0.4896,False,,,0.0816,24,27,10,564,0.0816,0.47058823529411764,0.7058823529411765,0.017421602787456445,0.7265833162533306
4,waviness,0.008,randomized_straddle,100,0.012319994182619693,0.00921785918270074,0.944,0.49019607843137253,0.016289543719505042,0.02543940437955354,0.0032,0.025719625741958425,0.6739830378253083,0.5776,False,,,0.0816,26,25,10,564,0.0816,0.5098039215686274,0.7222222222222222,0.017421602787456445,0.7461911593905854
4,waviness,0.008,posterior_risk,100,0.01391825523225778,0.010425094888018271,0.9408,0.5490196078431373,0.017474140434877557,0.027362954329662865,0.0,0.02747458510233276,0.6966600780517885,0.5872,False,,,0.0816,23,28,9,565,0.0816,0.45098039215686275,0.71875,0.0156794425087108,0.717650474824076
4,waviness,0.008,evidence_no_geometry,100,0.011687747724479797,0.008884902658391647,0.9376,0.6470588235294118,0.015638526542973687,0.022948464949290544,0.0016,0.02300031523300938,0.7029976693187426,0.4752,False,,,0.0816,18,33,6,568,0.0816,0.35294117647058826,0.75,0.010452961672473868,0.6712441073990572
4,waviness,0.008,risk_geometry,100,0.013549396621645057,0.010420311632624425,0.9376,0.6078431372549019,0.017447149925528992,0.02697288116577491,0.0064,0.027065748294072517,0.6967741841916015,0.5984,False,,,0.0816,20,31,8,566,0.0816,0.39215686274509803,0.7142857142857143,0.013937282229965157,0.6891097902575665
4,local_defect,0.003,space_filling,100,0.004114010150490711,0.002755604722546413,0.992,0.0,0.01216820855516998,0.019595797409413713,0.0,0.020358686428086855,0.7534876083229844,0.1744,False,,,0.0368,23,0,5,597,0.0368,1.0,0.8214285714285714,0.008305647840531562,0.9958471760797343
4,local_defect,0.003,geometry_only,100,0.003170706373696266,0.002393789075028423,0.9968,0.0,0.014082956575012866,0.023197490814411255,0.0048,0.02426433782794845,0.7527327194902428,0.2928,False,,,0.0368,23,0,2,600,0.0368,1.0,0.92,0.0033222591362126247,0.9983388704318936
4,local_defect,0.003,uncertainty_only,100,0.0037773766342030822,0.0026541523489340777,0.992,0.0,0.012128524904996765,0.018958507408163086,0.0032,0.01935543781993957,0.7645370120174844,0.1568,False,,,0.0368,23,0,5,597,0.0368,1.0,0.8214285714285714,0.008305647840531562,0.9958471760797343
4,local_defect,0.003,evidence_gated,100,0.0032502143019624997,0.00242296140997163,0.9984,0.0,0.012944564935855248,0.020835136431530017,0.0,0.021295154193324693,0.8363952647961498,0.1888,True,92.0,True,0.0368,23,0,1,601,0.0368,1.0,0.9583333333333334,0.0016611295681063123,0.9991694352159468
4,local_defect,0.003,two_sided_straddle,100,0.003926353950233252,0.00279808435934797,0.9968,0.0,0.013961403803415859,0.02356124389815934,0.0,0.02403955302391064,0.7993488246049492,0.272,False,,,0.0368,23,0,2,600,0.0368,1.0,0.92,0.0033222591362126247,0.9983388704318936
4,local_defect,0.003,randomized_straddle,100,0.0035835185374204,0.0026940021743894504,0.9984,0.0,0.014909211911428138,0.026080049309475932,0.0016,0.02676721313030623,0.7642351703934713,0.3344,False,,,0.0368,23,0,1,601,0.0368,1.0,0.9583333333333334,0.0016611295681063123,0.9991694352159468
4,local_defect,0.003,posterior_risk,100,0.0034349615559255194,0.0026612090059475006,0.9984,0.0,0.013576938979508301,0.021602619137934785,0.0,0.021867554755509548,0.8622285996242712,0.168,False,,,0.0368,23,0,1,601,0.0368,1.0,0.9583333333333334,0.0016611295681063123,0.9991694352159468
4,local_defect,0.003,evidence_no_geometry,100,0.0032588723640952833,0.0023637536655422148,0.9984,0.0,0.012798675358838971,0.020750057023020317,0.0,0.020993833877523186,0.8135593492892491,0.2048,False,,,0.0368,23,0,1,601,0.0368,1.0,0.9583333333333334,0.0016611295681063123,0.9991694352159468
4,local_defect,0.003,risk_geometry,100,0.003214409540868654,0.002469912516130466,0.9984,0.0,0.01397189272309885,0.02234594013284506,0.0,0.022707697162961938,0.8557273220835678,0.2176,False,,,0.0368,23,0,1,601,0.0368,1.0,0.9583333333333334,0.0016611295681063123,0.9991694352159468
4,local_defect,0.008,space_filling,100,0.006623455308946307,0.005175178255664473,0.9888,0.0,0.013920642400117523,0.020472954335895403,0.0016,0.020786343240562694,0.6674193333060953,0.256,False,,,0.0368,23,0,7,595,0.0368,1.0,0.7666666666666667,0.011627906976744186,0.9941860465116279
4,local_defect,0.008,geometry_only,100,0.005373353352122511,0.004320851451329398,0.9952,0.13043478260869565,0.015721345698776618,0.024091694517211805,0.0016,0.02471165464221465,0.7318932738117931,0.3824,False,,,0.0368,20,3,0,602,0.0368,0.8695652173913043,1.0,0.0,0.9347826086956521
4,local_defect,0.008,uncertainty_only,100,0.007396696727875193,0.005421873750992987,0.9856,0.13043478260869565,0.01376014335462455,0.019062134544892147,0.0016,0.019378406468568494,0.7892284514543837,0.1824,False,,,0.0368,20,3,6,596,0.0368,0.8695652173913043,0.7692307692307693,0.009966777408637873,0.9297992199913332
4,local_defect,0.008,evidence_gated,100,0.006876093345821429,0.005299432836017941,0.9904,0.13043478260869565,0.014475858558831095,0.02139753147960442,0.0,0.021554410355629276,0.8017346935045795,0.2432,True,100.0,False,0.0368,20,3,3,599,0.0368,0.8695652173913043,0.8695652173913043,0.0049833887043189366,0.9322909143434928
4,local_defect,0.008,two_sided_straddle,100,0.007038858249720179,0.005660681159088782,0.9904,0.21739130434782608,0.015110633135267736,0.022891968070607963,0.0,0.02340600917889734,0.7844072858925304,0.2704,False,,,0.0368,18,5,1,601,0.0368,0.782608695652174,0.9473684210526315,0.0016611295681063123,0.8904737830420338
4,local_defect,0.008,randomized_straddle,100,0.0060045377141533214,0.004760993448346012,0.9888,0.17391304347826086,0.01718341252878143,0.028012346601374607,0.0032,0.028465466920136503,0.754682058666165,0.4416,False,,,0.0368,19,4,3,599,0.0368,0.8260869565217391,0.8636363636363636,0.0049833887043189366,0.91055178390871
4,local_defect,0.008,posterior_risk,100,0.0065279174921236026,0.005004072536448272,0.9888,0.17391304347826086,0.015520138821848389,0.022774186845397032,0.0,0.022817560580495243,0.8390566382112852,0.2784,False,,,0.0368,19,4,3,599,0.0368,0.8260869565217391,0.8636363636363636,0.0049833887043189366,0.91055178390871
4,local_defect,0.008,evidence_no_geometry,100,0.006848711148518803,0.0052981829761845995,0.9872,0.21739130434782608,0.01453956270501283,0.021243180573627916,0.0,0.02134057930530453,0.8170767590831893,0.2416,False,,,0.0368,18,5,3,599,0.0368,0.782608695652174,0.8571428571428571,0.0049833887043189366,0.8888126534739276
4,local_defect,0.008,risk_geometry,100,0.006689696747410958,0.005258890318922768,0.9888,0.17391304347826086,0.015734983327521313,0.02360100369093408,0.0,0.024024115454373718,0.8008126299996535,0.3664,False,,,0.0368,19,4,3,599,0.0368,0.8260869565217391,0.8636363636363636,0.0049833887043189366,0.91055178390871
4,mixed,0.003,space_filling,100,0.004393214778105556,0.0033181756554088045,0.9872,0.06060606060606061,0.01216820855516998,0.019595797409413713,0.0,0.02014735284298818,0.6865138502823148,0.2608,False,,,0.0528,31,2,6,586,0.0528,0.9393939393939394,0.8378378378378378,0.010135135135135136,0.9646294021294022
4,mixed,0.003,geometry_only,100,0.005336254365905933,0.003986528399777518,0.9872,0.15151515151515152,0.013971445689619878,0.02244144258490524,0.0,0.024377860579793076,0.7249001236382459,0.3376,False,,,0.0528,28,5,3,589,0.0528,0.8484848484848485,0.9032258064516129,0.005067567567567568,0.9217086404586405
4,mixed,0.003,uncertainty_only,100,0.004126363201506848,0.003071257813249468,0.984,0.15151515151515152,0.012128524904996765,0.018958507408163086,0.0,0.019147606297084535,0.6961516371342533,0.2384,False,,,0.0528,28,5,5,587,0.0528,0.8484848484848485,0.8484848484848485,0.008445945945945946,0.9200194512694513
4,mixed,0.003,evidence_gated,100,0.007586737811706816,0.00531582815335304,0.9936,0.030303030303030304,0.014246354288123018,0.024285142809742054,0.0032,0.024639731430808692,0.7921463386943495,0.3312,False,,,0.0528,32,1,3,589,0.0528,0.9696969696969697,0.9142857142857143,0.005067567567567568,0.9823147010647011
4,mixed,0.003,two_sided_straddle,100,0.008255283375096966,0.005724923476338671,0.992,0.06060606060606061,0.014138741013843555,0.024714593098851143,0.0032,0.025113222397732483,0.7886359594421476,0.3232,False,,,0.0528,31,2,3,589,0.0528,0.9393939393939394,0.9117647058823529,0.005067567567567568,0.967163185913186
4,mixed,0.003,randomized_straddle,100,0.007681921061015018,0.005467097110310366,0.9888,0.12121212121212122,0.014999095689696741,0.025149282951537056,0.0016,0.025259081337137567,0.7823389639801198,0.3824,False,,,0.0528,29,4,3,589,0.0528,0.8787878787878788,0.90625,0.005067567567567568,0.9368601556101557
4,mixed,0.003,posterior_risk,100,0.008183870438841123,0.005913732655324434,0.9936,0.030303030303030304,0.015622662673527523,0.026888725359157307,0.0016,0.02723879915333836,0.7771141381419127,0.4448,False,,,0.0528,32,1,3,589,0.0528,0.9696969696969697,0.9142857142857143,0.005067567567567568,0.9823147010647011
4,mixed,0.003,evidence_no_geometry,100,0.005601331679478273,0.0040735385656602155,0.9888,0.12121212121212122,0.01369345533720915,0.022461762103273747,0.0,0.023036115379619332,0.7984443466146304,0.3168,False,,,0.0528,29,4,3,589,0.0528,0.8787878787878788,0.90625,0.005067567567567568,0.9368601556101557
4,mixed,0.003,risk_geometry,100,0.008275254593234846,0.005883996794226342,0.992,0.06060606060606061,0.01558478849733873,0.027795764746205907,0.0,0.028118838512938713,0.7511519043392297,0.3984,False,,,0.0528,31,2,3,589,0.0528,0.9393939393939394,0.9117647058823529,0.005067567567567568,0.967163185913186
4,mixed,0.008,space_filling,100,0.006599188702226108,0.0054047775803652155,0.984,0.21212121212121213,0.013920642400117523,0.020472954335895403,0.0,0.020744144064537305,0.6541129100891675,0.3216,False,,,0.0528,26,7,3,589,0.0528,0.7878787878787878,0.896551724137931,0.005067567567567568,0.8914056101556102
4,mixed,0.008,geometry_only,100,0.008008510633354239,0.006405536430544987,0.9824,0.24242424242424243,0.015624051044681153,0.023227357569992238,0.0016,0.02462170333004513,0.6432660832162023,0.3984,False,,,0.0528,25,8,3,589,0.0528,0.7575757575757576,0.8928571428571429,0.005067567567567568,0.876254095004095
4,mixed,0.008,uncertainty_only,100,0.0068085724701245545,0.005163519253975759,0.9744,0.24242424242424243,0.01376014335462455,0.019062134544892147,0.0032,0.019377889708554894,0.6375747950470279,0.3088,False,,,0.0528,25,8,8,584,0.0528,0.7575757575757576,0.7575757575757576,0.013513513513513514,0.8720311220311221
4,mixed,0.008,evidence_gated,100,0.007110899075666761,0.005649160184982095,0.9824,0.21212121212121213,0.015234624474024622,0.02252080247590686,0.0032,0.022625744206452025,0.7321166666730258,0.4304,False,,,0.0528,26,7,4,588,0.0528,0.7878787878787878,0.8666666666666667,0.006756756756756757,0.8905610155610155
4,mixed,0.008,two_sided_straddle,100,0.009171296890708442,0.007015819933866109,0.9792,0.12121212121212122,0.015838885975155762,0.02512340136951162,0.0064,0.025273959145545612,0.7155890066439282,0.4416,False,,,0.0528,29,4,9,583,0.0528,0.8787878787878788,0.7631578947368421,0.015202702702702704,0.931792588042588
4,mixed,0.008,randomized_straddle,100,0.011778118309414753,0.009075399156137434,0.9792,0.18181818181818182,0.017774662633066794,0.028308923231784935,0.008,0.028556608215090623,0.6965189001327081,0.5104,False,,,0.0528,27,6,7,585,0.0528,0.8181818181818182,0.7941176470588235,0.011824324324324325,0.9031787469287469
4,mixed,0.008,posterior_risk,100,0.009131277113890354,0.007203577430997594,0.9888,0.12121212121212122,0.01675111522612302,0.025716605036158968,0.0032,0.025792350264760688,0.7795071058657507,0.4912,False,,,0.0528,29,4,3,589,0.0528,0.8787878787878788,0.90625,0.005067567567567568,0.9368601556101557
4,mixed,0.008,evidence_no_geometry,100,0.008197469527697593,0.006380637605325159,0.9824,0.18181818181818182,0.015234657332007014,0.022838851994383687,0.0,0.023168331098562447,0.7501275880006323,0.3808,False,,,0.0528,27,6,5,587,0.0528,0.8181818181818182,0.84375,0.008445945945945946,0.9048679361179361
4,mixed,0.008,risk_geometry,100,0.00937768981068964,0.0074173347931366295,0.992,0.06060606060606061,0.016931474541222957,0.027172151466106832,0.0064,0.027638622008903498,0.7392919256612119,0.4592,False,,,0.0528,31,2,3,589,0.0528,0.9393939393939394,0.9117647058823529,0.005067567567567568,0.967163185913186
5,smooth,0.003,space_filling,100,0.002713060805478284,0.002113924680849276,0.9824,0.15254237288135594,0.012285630319326987,0.020126357589467455,0.0,0.02100594740499275,0.6165896374603227,0.3456,False,,,0.0944,50,9,2,564,0.0944,0.847457627118644,0.9615384615384616,0.0035335689045936395,0.9219620291070252
5,smooth,0.003,geometry_only,100,0.0028926322763515536,0.0022960203393348707,0.9856,0.11864406779661017,0.013760346572043823,0.02219338741298333,0.0032,0.023023067684806223,0.619969350313577,0.4208,False,,,0.0944,52,7,2,564,0.0944,0.8813559322033898,0.9629629629629629,0.0035335689045936395,0.938911181649398
5,smooth,0.003,uncertainty_only,100,0.0025503077062985096,0.0020167071126438677,0.9904,0.0847457627118644,0.012254157758711609,0.0191912802145344,0.0016,0.019498977321413022,0.6255026620913304,0.3216,False,,,0.0944,54,5,1,565,0.0944,0.9152542372881356,0.9818181818181818,0.0017667844522968198,0.9567437264179194
5,smooth,0.003,evidence_gated,100,0.003278554245509402,0.0025900956762236766,0.9904,0.06779661016949153,0.014408904367394717,0.024053029521753675,0.0,0.024239763638360074,0.7078520952108747,0.464,False,,,0.0944,55,4,2,564,0.0944,0.9322033898305084,0.9649122807017544,0.0035335689045936395,0.9643349104629574
5,smooth,0.003,two_sided_straddle,100,0.0028300871220500266,0.0022288871498991037,0.9888,0.03389830508474576,0.013300625894547728,0.021938308499376148,0.0,0.022165066281684492,0.6814156853724189,0.408,False,,,0.0944,57,2,5,561,0.0944,0.9661016949152542,0.9193548387096774,0.0088339222614841,0.9786338863268851
5,smooth,0.003,randomized_straddle,100,0.0031415381381445034,0.0023594338428667185,0.9888,0.06779661016949153,0.01482155483726112,0.02612473539517543,0.0016,0.026308872856536828,0.7014592538424111,0.5088,False,,,0.0944,55,4,3,563,0.0944,0.9322033898305084,0.9482758620689655,0.00530035335689046,0.963451518236809
5,smooth,0.003,posterior_risk,100,0.0034858143940357323,0.002766222268317144,0.9888,0.06779661016949153,0.01637563367868259,0.02816997887720636,0.0,0.028414128678268803,0.7095248780003519,0.576,False,,,0.0944,55,4,3,563,0.0944,0.9322033898305084,0.9482758620689655,0.00530035335689046,0.963451518236809
5,smooth,0.003,evidence_no_geometry,100,0.0031868582507535302,0.002476341970746226,0.9936,0.03389830508474576,0.014503620014789144,0.02607114200845298,0.0016,0.026277222578447248,0.7007209977007725,0.4848,False,,,0.0944,57,2,2,564,0.0944,0.9661016949152542,0.9661016949152542,0.0035335689045936395,0.9812840630053303
5,smooth,0.003,risk_geometry,100,0.0032849034804410433,0.002585503767347675,0.9888,0.0847457627118644,0.01584092461993506,0.027103217698876664,0.0,0.027347266529908577,0.7078500451671274,0.5616,False,,,0.0944,54,5,2,564,0.0944,0.9152542372881356,0.9642857142857143,0.0035335689045936395,0.955860334191771
5,smooth,0.008,space_filling,100,0.006862863211564,0.005414410941134847,0.9488,0.01694915254237288,0.014041469095955201,0.02089913213616342,0.0064,0.021549108573636,0.5882965257191872,0.408,False,,,0.0944,58,1,31,535,0.0944,0.9830508474576272,0.651685393258427,0.054770318021201414,0.9641402647182129
5,smooth,0.008,geometry_only,100,0.006955271738014986,0.005697009441476559,0.9488,0.11864406779661017,0.01541981748813421,0.0228783401068245,0.0032,0.02329577312456223,0.594276675498921,0.4928,False,,,0.0944,52,7,25,541,0.0944,0.8813559322033898,0.6753246753246753,0.044169611307420496,0.9185931604479847
5,smooth,0.008,uncertainty_only,100,0.006404746584278419,0.005107434413698667,0.944,0.22033898305084745,0.013970523258889008,0.019777033755110623,0.0032,0.020145611090487736,0.5597168657453626,0.3728,False,,,0.0944,46,13,22,544,0.0944,0.7796610169491526,0.6764705882352942,0.038869257950530034,0.8703958794993112
5,smooth,0.008,evidence_gated,100,0.007037767760633444,0.005782148409075838,0.9648,0.13559322033898305,0.016160757393354673,0.025335595759251896,0.0016,0.025431642617156913,0.7148933064083993,0.4688,False,,,0.0944,51,8,14,552,0.0944,0.864406779661017,0.7846153846153846,0.024734982332155476,0.9198358986644308
5,smooth,0.008,two_sided_straddle,100,0.006959364963423616,0.0057410618952268245,0.9616,0.1016949152542373,0.01527843198911994,0.023469587533224166,0.0,0.023773424606129585,0.686064027687415,0.4336,False,,,0.0944,53,6,18,548,0.0944,0.8983050847457628,0.7464788732394366,0.03180212014134275,0.93325148230221
5,smooth,0.008,randomized_straddle,100,0.006839719815639157,0.005561863820838158,0.9568,0.23728813559322035,0.016104741568089814,0.02500846738926632,0.0096,0.02515644035070733,0.6654502428444534,0.464,False,,,0.0944,45,14,13,553,0.0944,0.7627118644067796,0.7758620689655172,0.022968197879858657,0.8698718332634605
5,smooth,0.008,posterior_risk,100,0.00731788680792685,0.005888123353398759,0.9696,0.11864406779661017,0.018295793820687065,0.029639240488781075,0.0032,0.029765057601919206,0.7016168740372366,0.5984,False,,,0.0944,52,7,12,554,0.0944,0.8813559322033898,0.8125,0.02120141342756184,0.930077259387914
5,smooth,0.008,evidence_no_geometry,100,0.00781899603928387,0.006396613911019148,0.96,0.11864406779661017,0.015508682417164835,0.02362550685789284,0.008,0.023863897939355984,0.6868920176241178,0.4192,False,,,0.0944,52,7,18,548,0.0944,0.8813559322033898,0.7428571428571429,0.03180212014134275,0.9247769060310236
5,smooth,0.008,risk_geometry,100,0.009505155074062839,0.007619536950675604,0.9664,0.11864406779661017,0.01766968545500397,0.027947150840975588,0.0016,0.028280380605129985,0.712084975237848,0.5616,False,,,0.0944,52,7,14,552,0.0944,0.8813559322033898,0.7878787878787878,0.024734982332155476,0.9283104749356172
5,waviness,0.003,space_filling,100,0.0062847327958952025,0.004608586872201044,0.9568,0.5,0.012285630319326987,0.020126357589467455,0.0032,0.020879662064404263,0.6352665985504456,0.3072,False,,,0.0704,22,22,5,576,0.0704,0.5,0.8148148148148148,0.008605851979345954,0.745697074010327
5,waviness,0.003,geometry_only,100,0.007109001038262098,0.005125966607303769,0.952,0.5,0.013208804347390597,0.02237572467211198,0.0048,0.023043163887958188,0.6394022088443282,0.3728,False,,,0.0704,22,22,8,573,0.0704,0.5,0.7333333333333333,0.013769363166953529,0.7431153184165232
5,waviness,0.003,uncertainty_only,100,0.005863150615869414,0.004272935103290056,0.9648,0.4318181818181818,0.012254157758711609,0.0191912802145344,0.0,0.019426204472424675,0.6466783503956712,0.3056,False,,,0.0704,25,19,3,578,0.0704,0.5681818181818182,0.8928571428571429,0.0051635111876075735,0.7815091534971053
5,waviness,0.003,evidence_gated,100,0.010154519318907899,0.007412740240520958,0.9568,0.5454545454545454,0.013715544376424207,0.02201105769291318,0.0016,0.022065825793517783,0.7402491406009347,0.3104,False,,,0.0704,20,24,3,578,0.0704,0.45454545454545453,0.8695652173913043,0.0051635111876075735,0.7246909716789235
5,waviness,0.003,two_sided_straddle,100,0.010282444538457058,0.007265877972250253,0.9664,0.36363636363636365,0.013769280350131526,0.023097173958090397,0.0032,0.023213363276951574,0.718023514205096,0.3392,False,,,0.0704,28,16,5,576,0.0704,0.6363636363636364,0.8484848484848485,0.008605851979345954,0.8138788921921452
5,waviness,0.003,randomized_straddle,100,0.013846436073279742,0.009309213255226462,0.9632,0.4090909090909091,0.01589232771308022,0.027302555143155955,0.0,0.02765984262852476,0.711696630043443,0.4576,False,,,0.0704,26,18,5,576,0.0704,0.5909090909090909,0.8387096774193549,0.008605851979345954,0.7911516194648724
5,waviness,0.003,posterior_risk,100,0.01330742917685646,0.00961756829266014,0.9584,0.4318181818181818,0.015383802203395797,0.02532769745254354,0.0064,0.025609898995351803,0.7518332778547699,0.4112,False,,,0.0704,25,19,7,574,0.0704,0.5681818181818182,0.78125,0.012048192771084338,0.7780668127053669
5,waviness,0.003,evidence_no_geometry,100,0.013520779415984603,0.00983814643501763,0.9568,0.45454545454545453,0.014959956009293179,0.02588316314863854,0.0016,0.02611503147539517,0.7307179181531753,0.4032,False,,,0.0704,24,20,7,574,0.0704,0.5454545454545454,0.7741935483870968,0.012048192771084338,0.7667031763417305
5,waviness,0.003,risk_geometry,100,0.012995824188955432,0.009357234063595492,0.9552,0.4772727272727273,0.015391591539814977,0.025667942079532827,0.0016,0.025843797861341295,0.7939088585410503,0.3952,False,,,0.0704,23,21,7,574,0.0704,0.5227272727272727,0.7666666666666667,0.012048192771084338,0.7553395399780942
5,waviness,0.008,space_filling,100,0.009200568153307657,0.007187104340182216,0.952,0.6590909090909091,0.014041469095955201,0.02089913213616342,0.0048,0.02133232211421707,0.644887162772001,0.376,False,,,0.0704,15,29,1,580,0.0704,0.3409090909090909,0.9375,0.0017211703958691911,0.6695939602566109
5,waviness,0.008,geometry_only,100,0.00956396014347241,0.0073313838712157605,0.9392,0.7045454545454546,0.014905326065407115,0.02314334629204239,0.0,0.023564478162495434,0.6306613028876819,0.4224,False,,,0.0704,13,31,7,574,0.0704,0.29545454545454547,0.65,0.012048192771084338,0.6417031763417306
5,waviness,0.008,uncertainty_only,100,0.008829713250455756,0.007119584797473541,0.9376,0.7272727272727273,0.013970523258889008,0.019777033755110623,0.0,0.020095093548641012,0.6542926962764292,0.3424,False,,,0.0704,12,32,7,574,0.0704,0.2727272727272727,0.631578947368421,0.012048192771084338,0.6303395399780942
5,waviness,0.008,evidence_gated,100,0.010485405892220972,0.008194947187076406,0.944,0.5454545454545454,0.015299182744092803,0.022921982252162344,0.0064,0.023017023672889304,0.7112058068249498,0.4352,False,,,0.0704,20,24,11,570,0.0704,0.45454545454545453,0.6451612903225806,0.0189328743545611,0.7178062900954467
5,waviness,0.008,two_sided_straddle,100,0.01179150606081977,0.00905646236400921,0.9488,0.6363636363636364,0.015277867717346245,0.02343095515065634,0.0048,0.023852902701234333,0.7079610544746437,0.3904,False,,,0.0704,16,28,4,577,0.0704,0.36363636363636365,0.8,0.0068846815834767644,0.6783758410264434
5,waviness,0.008,randomized_straddle,100,0.01438066362065041,0.010862710691132624,0.9456,0.7045454545454546,0.016351281090029892,0.025630061284082135,0.0032,0.02571102636686138,0.7399418861184927,0.4608,False,,,0.0704,13,31,3,578,0.0704,0.29545454545454547,0.8125,0.0051635111876075735,0.6451455171334689
5,waviness,0.008,posterior_risk,100,0.014899605715629259,0.011441815101676415,0.9408,0.6818181818181818,0.017793732034601443,0.02729237319436476,0.0016,0.027410631432879567,0.7565999970068771,0.5408,False,,,0.0704,14,30,7,574,0.0704,0.3181818181818182,0.6666666666666666,0.012048192771084338,0.6530668127053669
5,waviness,0.008,evidence_no_geometry,100,0.010898670212817138,0.008604927487337155,0.944,0.6136363636363636,0.01508729337443098,0.022766873843464958,0.0048,0.022858791404130076,0.7411063832896367,0.3648,False,,,0.0704,17,27,8,573,0.0704,0.38636363636363635,0.68,0.013769363166953529,0.6862971365983415
5,waviness,0.008,risk_geometry,100,0.014691181298763433,0.01114829872584344,0.9504,0.5681818181818182,0.017137365737731513,0.02724224202209987,0.0,0.02732860575673703,0.7478002625007533,0.5376,False,,,0.0704,19,25,6,575,0.0704,0.4318181818181818,0.76,0.010327022375215147,0.7107455797214833
5,local_defect,0.003,space_filling,100,0.004370994549767656,0.0026657020251914625,0.9712,0.23076923076923078,0.012285630319326987,0.020126357589467455,0.0,0.020912777350953024,0.5944198759247249,0.3616,False,,,0.0624,30,9,9,577,0.0624,0.7692307692307693,0.7692307692307693,0.015358361774744027,0.8769362037280126
5,local_defect,0.003,geometry_only,100,0.004079715380239311,0.002623241275647337,0.968,0.358974358974359,0.014226865040910275,0.024605082380951205,0.0016,0.024964092731125254,0.5950030770541386,0.432,False,,,0.0624,25,14,6,580,0.0624,0.6410256410256411,0.8064516129032258,0.010238907849829351,0.8153933665879058
5,local_defect,0.003,uncertainty_only,100,0.004810951108388918,0.002404570319723142,0.9744,0.23076923076923078,0.012254157758711609,0.0191912802145344,0.0048,0.019475198815753013,0.6066101567463571,0.3216,False,,,0.0624,30,9,7,579,0.0624,0.7692307692307693,0.8108108108108109,0.011945392491467578,0.8786426883696509
5,local_defect,0.003,evidence_gated,100,0.003880085430538611,0.002554651778559453,0.9872,0.07692307692307693,0.01395278472480996,0.0226214092737612,0.0016,0.022949581490496127,0.650488510125065,0.432,False,,,0.0624,36,3,5,581,0.0624,0.9230769230769231,0.8780487804878049,0.008532423208191127,0.957272249934366
5,local_defect,0.003,two_sided_straddle,100,0.005784020166073899,0.0029714804600646043,0.9776,0.2564102564102564,0.013928489830053235,0.022408335111815475,0.0016,0.02275850440275499,0.6677379834704404,0.4624,False,,,0.0624,29,10,4,582,0.0624,0.7435897435897436,0.8787878787878788,0.006825938566552901,0.8683819025115953
5,local_defect,0.003,randomized_straddle,100,0.005739082330666636,0.003183075662793873,0.9744,0.20512820512820512,0.01574374279287854,0.027359733442493456,0.0,0.02764244825321713,0.6687857736074614,0.5616,False,,,0.0624,31,8,8,578,0.0624,0.7948717948717948,0.7948717948717948,0.013651877133105802,0.8906099588693446
5,local_defect,0.003,posterior_risk,100,0.005501004057383184,0.003560990546236843,0.9808,0.15384615384615385,0.01742756277734649,0.028349923052667224,0.0048,0.02844627973343437,0.7219649571037821,0.6544,False,,,0.0624,33,6,6,580,0.0624,0.8461538461538461,0.8461538461538461,0.010238907849829351,0.9179574691520084
5,local_defect,0.003,evidence_no_geometry,100,0.004564889124197848,0.00265286238632148,0.9824,0.07692307692307693,0.014899285402260563,0.02397072945636444,0.0032,0.024175433262798317,0.6890639818382794,0.5056,False,,,0.0624,36,3,8,578,0.0624,0.9230769230769231,0.8181818181818182,0.013651877133105802,0.9547125229719087
5,local_defect,0.003,risk_geometry,100,0.005108270231000862,0.0033011048566870117,0.9808,0.15384615384615385,0.017180101370826473,0.0297174679420943,0.0016,0.02985457743060923,0.6862415234349107,0.6368,False,,,0.0624,33,6,6,580,0.0624,0.8461538461538461,0.8461538461538461,0.010238907849829351,0.9179574691520084
5,local_defect,0.008,space_filling,100,0.00803726862583762,0.006178639645457442,0.9504,0.3333333333333333,0.014041469095955201,0.02089913213616342,0.0,0.021249921020208166,0.6073511336707563,0.4496,False,,,0.0624,26,13,18,568,0.0624,0.6666666666666666,0.5909090909090909,0.030716723549488054,0.8179749715585893
5,local_defect,0.008,geometry_only,100,0.006914339842720984,0.0052014690607335625,0.9312,0.28205128205128205,0.01586741692909465,0.025292597156052903,0.0064,0.025419433477740425,0.5724223792225308,0.5152,False,,,0.0624,28,11,32,554,0.0624,0.717948717948718,0.4666666666666667,0.05460750853242321,0.8316706047081474
5,local_defect,0.008,uncertainty_only,100,0.007748107572530585,0.005777357322650665,0.9456,0.3076923076923077,0.013970523258889008,0.019777033755110623,0.0032,0.0200896529357261,0.5593155170410791,0.4208,False,,,0.0624,27,12,22,564,0.0624,0.6923076923076923,0.5510204081632653,0.03754266211604096,0.8273825150958256
5,local_defect,0.008,evidence_gated,100,0.007271745961632466,0.005212499865953394,0.9568,0.3333333333333333,0.015247371387852848,0.02274035686394912,0.0,0.02290648187288158,0.6725879721409964,0.4688,False,,,0.0624,26,13,14,572,0.0624,0.6666666666666666,0.65,0.023890784982935155,0.8213879408418657
5,local_defect,0.008,two_sided_straddle,100,0.008024568440481902,0.005784282471431004,0.9424,0.3333333333333333,0.015851063239961594,0.024674390013507044,0.0016,0.024778329862822596,0.6367016872408994,0.4976,False,,,0.0624,26,13,23,563,0.0624,0.6666666666666666,0.5306122448979592,0.03924914675767918,0.8137087599544937
5,local_defect,0.008,randomized_straddle,100,0.007615518233000732,0.005739314980238733,0.9616,0.28205128205128205,0.018226559177945707,0.029421421000558376,0.0,0.02946710528858266,0.6803095621436633,0.68,False,,,0.0624,28,11,13,573,0.0624,0.717948717948718,0.6829268292682927,0.02218430034129693,0.8478822088037106
5,local_defect,0.008,posterior_risk,100,0.008274198745963173,0.006711871245532038,0.9568,0.23076923076923078,0.019194081822606946,0.030367981383176892,0.0048,0.03064513397402209,0.6592027203173669,0.6544,False,,,0.0624,30,9,18,568,0.0624,0.7692307692307693,0.625,0.030716723549488054,0.8692570228406407
5,local_defect,0.008,evidence_no_geometry,100,0.00763007553846175,0.005996433198157584,0.952,0.28205128205128205,0.016515110476995887,0.024904186813432497,0.0016,0.02515484416287445,0.6601925556863951,0.5264,False,,,0.0624,28,11,19,567,0.0624,0.717948717948718,0.5957446808510638,0.032423208191126277,0.8427627548787958
5,local_defect,0.008,risk_geometry,100,0.008610931431281665,0.006516945835649947,0.9552,0.28205128205128205,0.01920886689234441,0.030207298264675553,0.0016,0.030254712421706364,0.6773417090734954,0.7264,False,,,0.0624,28,11,17,569,0.0624,0.717948717948718,0.6222222222222222,0.02901023890784983,0.8444692395204341
5,mixed,0.003,space_filling,100,0.0031903896737933896,0.002478911123766665,0.9872,0.16,0.012285630319326987,0.020126357589467455,0.0048,0.020945892637501785,0.6562175317597535,0.2992,False,,,0.04,21,4,4,596,0.04,0.84,0.84,0.006666666666666667,0.9166666666666666
5,mixed,0.003,geometry_only,100,0.004272077949052146,0.0030523723348009515,0.9856,0.2,0.012990224799630664,0.020888729757606507,0.0,0.021285460691166613,0.6544345001130888,0.3568,False,,,0.04,20,5,4,596,0.04,0.8,0.8333333333333334,0.006666666666666667,0.8966666666666667
5,mixed,0.003,uncertainty_only,100,0.004335652042272859,0.003174490369409287,0.9904,0.12,0.012254157758711609,0.0191912802145344,0.0,0.019498977321413022,0.6770778675750404,0.3072,False,,,0.04,22,3,3,597,0.04,0.88,0.88,0.005,0.9375
5,mixed,0.003,evidence_gated,100,0.0045562458486984635,0.0035428616788334287,0.992,0.04,0.013643260864631685,0.02253633703655158,0.0,0.02284250102888238,0.7446244210551501,0.3616,False,,,0.04,24,1,4,596,0.04,0.96,0.8571428571428571,0.006666666666666667,0.9766666666666666
5,mixed,0.003,two_sided_straddle,100,0.005843065080516679,0.004210977901088221,0.9888,0.04,0.013864174076614265,0.02355888190609851,0.0016,0.024058621115586015,0.7466420656479514,0.3568,False,,,0.04,24,1,6,594,0.04,0.96,0.8,0.01,0.975
5,mixed,0.003,randomized_straddle,100,0.0063915668782438834,0.004640886645389912,0.9904,0.08,0.01491897862262383,0.02602325543480344,0.0,0.02647548253827403,0.7457423813553925,0.4096,False,,,0.04,23,2,4,596,0.04,0.92,0.8518518518518519,0.006666666666666667,0.9566666666666667
5,mixed,0.003,posterior_risk,100,0.007461535269574333,0.005419635004655564,0.992,0.08,0.015276949659185326,0.025734022997273842,0.0,0.026070530309318087,0.7748909172132049,0.44,False,,,0.04,23,2,3,597,0.04,0.92,0.8846153846153846,0.005,0.9575
5,mixed,0.003,evidence_no_geometry,100,0.004529478606479246,0.003479409643442621,0.992,0.04,0.013572192245011792,0.02118171924011807,0.0,0.021528119420758888,0.7466111060882121,0.3472,False,,,0.04,24,1,4,596,0.04,0.96,0.8571428571428571,0.006666666666666667,0.9766666666666666
5,mixed,0.003,risk_geometry,100,0.005681500227254072,0.004192741596201732,0.992,0.04,0.014836720954365109,0.024629655052968946,0.0,0.02499039715237928,0.7572850374610283,0.4112,False,,,0.04,24,1,4,596,0.04,0.96,0.8571428571428571,0.006666666666666667,0.9766666666666666
5,mixed,0.008,space_filling,100,0.00676087710242263,0.0053748492272023595,0.9616,0.24,0.014041469095955201,0.02089913213616342,0.0064,0.021414723208225978,0.6438197749979505,0.3712,False,,,0.04,19,6,18,582,0.04,0.76,0.5135135135135135,0.03,0.865
5,mixed,0.008,geometry_only,100,0.007515334657137852,0.005716046954460349,0.9504,0.24,0.014678950530929328,0.021589169108368212,0.0,0.02177764553904358,0.6152717587755219,0.4096,False,,,0.04,19,6,25,575,0.04,0.76,0.4318181818181818,0.041666666666666664,0.8591666666666666
5,mixed,0.008,uncertainty_only,100,0.006912794195662534,0.005500286961361205,0.9648,0.2,0.013970523258889008,0.019777033755110623,0.0016,0.020121866149689936,0.6482785885564717,0.3536,False,,,0.04,20,5,17,583,0.04,0.8,0.5405405405405406,0.028333333333333332,0.8858333333333334
5,mixed,0.008,evidence_gated,100,0.00786297060692481,0.006014152515782628,0.9696,0.2,0.015057916796976104,0.022024119956651593,0.0032,0.022100823083235504,0.6623825346815194,0.4112,False,,,0.04,20,5,14,586,0.04,0.8,0.5882352941176471,0.023333333333333334,0.8883333333333334
5,mixed,0.008,two_sided_straddle,100,0.008596851177440301,0.006651735984456802,0.976,0.2,0.0161546573058733,0.02650286890352937,0.0016,0.026609515624326188,0.7232941205243826,0.4576,False,,,0.04,20,5,10,590,0.04,0.8,0.6666666666666666,0.016666666666666666,0.8916666666666666
5,mixed,0.008,randomized_straddle,100,0.00908566102075738,0.007051940860894236,0.976,0.2,0.018653473539412834,0.030581010646444237,0.0016,0.030783329339694177,0.6974825552687292,0.6064,False,,,0.04,20,5,10,590,0.04,0.8,0.6666666666666666,0.016666666666666666,0.8916666666666666
5,mixed,0.008,posterior_risk,100,0.00896983140163422,0.007299304440768614,0.976,0.2,0.017230261752472276,0.028308033640530174,0.0016,0.028715027971319657,0.7072093327662331,0.5136,False,,,0.04,20,5,10,590,0.04,0.8,0.6666666666666666,0.016666666666666666,0.8916666666666666
5,mixed,0.008,evidence_no_geometry,100,0.007668388474399264,0.0060961323221687845,0.9616,0.2,0.015354838829721192,0.023005383222793684,0.0032,0.02320624160417829,0.6453609771156303,0.432,False,,,0.04,20,5,19,581,0.04,0.8,0.5128205128205128,0.03166666666666667,0.8841666666666668
5,mixed,0.008,risk_geometry,100,0.008416059949119523,0.006634775238133588,0.9712,0.16,0.017480086481985097,0.028328869977332142,0.0016,0.02849273320449167,0.7214982323086154,0.5504,False,,,0.04,21,4,14,586,0.04,0.84,0.6,0.023333333333333334,0.9083333333333333
6,smooth,0.003,space_filling,100,0.0027146120477486517,0.0021195682412482753,0.984,0.19444444444444445,0.011889176314665274,0.017846860593373367,0.0016,0.01831892627678108,0.6088438653089536,0.3088,False,,,0.0576,29,7,3,586,0.0576,0.8055555555555556,0.90625,0.0050933786078098476,0.9002310884738729
6,smooth,0.003,geometry_only,100,0.002849908029622934,0.0022804261707583848,0.984,0.16666666666666666,0.01327476698245332,0.02170029782755972,0.0,0.022022714505118026,0.5980471384200134,0.4224,False,,,0.0576,30,6,4,585,0.0576,0.8333333333333334,0.8823529411764706,0.006791171477079796,0.9132710809281268
6,smooth,0.003,uncertainty_only,100,0.002888109822950117,0.00229988383742928,0.984,0.2222222222222222,0.012011841518475255,0.018126310694665086,0.0048,0.01869692722011532,0.5938117313198057,0.3456,False,,,0.0576,28,8,2,587,0.0576,0.7777777777777778,0.9333333333333333,0.003395585738539898,0.887191096019619
6,smooth,0.003,evidence_gated,100,0.00327115317947823,0.002623294609959239,0.9808,0.19444444444444445,0.013164827203938339,0.021581366454631667,0.0,0.02174612731060757,0.7055308564445508,0.4208,False,,,0.0576,29,7,5,584,0.0576,0.8055555555555556,0.8529411764705882,0.008488964346349746,0.8985332956046029
6,smooth,0.003,two_sided_straddle,100,0.003225988188263547,0.002662330795027328,0.9792,0.25,0.013540289851269517,0.023884573447969813,0.0,0.024266365400941462,0.6549400013185416,0.4256,False,,,0.0576,27,9,4,585,0.0576,0.75,0.8709677419354839,0.006791171477079796,0.8716044142614601
6,smooth,0.003,randomized_straddle,100,0.0038415392995081545,0.003056073715188824,0.9808,0.1388888888888889,0.015801885103701438,0.027420861269370014,0.0048,0.027737190721035268,0.6812270283934334,0.5984,False,,,0.0576,31,5,7,582,0.0576,0.8611111111111112,0.8157894736842105,0.011884550084889643,0.9246132805131108
6,smooth,0.003,posterior_risk,100,0.004418760651145978,0.0035727304947069244,0.9808,0.16666666666666666,0.017261048711126457,0.031695902412634466,0.0032,0.03174237198309196,0.6922482061326727,0.6704,False,,,0.0576,30,6,6,583,0.0576,0.8333333333333334,0.8333333333333334,0.010186757215619695,0.9115732880588568
6,smooth,0.003,evidence_no_geometry,100,0.003033275388284705,0.0024508634899912695,0.9872,0.1388888888888889,0.01420771884543654,0.0249569789699458,0.0,0.025023505588738826,0.6767392807411367,0.5136,False,,,0.0576,31,5,3,586,0.0576,0.8611111111111112,0.9117647058823529,0.0050933786078098476,0.9280088662516506
6,smooth,0.003,risk_geometry,100,0.0046554342508511575,0.003657021986067423,0.976,0.16666666666666666,0.016133540187588696,0.026879636908097353,0.0,0.027332676931369437,0.723232048173632,0.6,False,,,0.0576,30,6,9,580,0.0576,0.8333333333333334,0.7692307692307693,0.015280135823429542,0.909026598754952
6,smooth,0.008,space_filling,100,0.0070576989091740575,0.005754386278196079,0.9712,0.16666666666666666,0.013650061827333113,0.018721811357342175,0.0016,0.018998471892779235,0.6313783132694702,0.3552,False,,,0.0576,30,6,12,577,0.0576,0.8333333333333334,0.7142857142857143,0.02037351443123939,0.906479909451047
6,smooth,0.008,geometry_only,100,0.007345846256167734,0.00584469659503743,0.952,0.16666666666666666,0.01495159685163971,0.02246352450289942,0.0,0.022724226291164978,0.5839604952650607,0.4368,False,,,0.0576,30,6,24,565,0.0576,0.8333333333333334,0.5555555555555556,0.04074702886247878,0.8962931522354273
6,smooth,0.008,uncertainty_only,100,0.007053828963979937,0.005617113632115652,0.9456,0.1388888888888889,0.013680777266514696,0.018308818644134302,0.0,0.018584770507620984,0.5647129454766888,0.3728,False,,,0.0576,31,5,29,560,0.0576,0.8611111111111112,0.5166666666666667,0.04923599320882852,0.9059375589511414
6,smooth,0.008,evidence_gated,100,0.008173151307333348,0.006348065997805237,0.968,0.19444444444444445,0.014788390859387525,0.022623405950064412,0.0128,0.022710317971106675,0.6961874419579861,0.3616,False,,,0.0576,29,7,13,576,0.0576,0.8055555555555556,0.6904761904761905,0.022071307300509338,0.8917421241275232
6,smooth,0.008,two_sided_straddle,100,0.007265900256130173,0.005823966707356402,0.9616,0.3888888888888889,0.015395497979966552,0.024746403401323513,0.008,0.024991254418681632,0.6787356753613656,0.4784,False,,,0.0576,22,14,10,579,0.0576,0.6111111111111112,0.6875,0.01697792869269949,0.7970665912092059
6,smooth,0.008,randomized_straddle,100,0.007781574617929849,0.006081974982622352,0.9568,0.3333333333333333,0.016483367111842322,0.026355241312653065,0.0048,0.026388740859772716,0.6507963762681729,0.608,False,,,0.0576,24,12,15,574,0.0576,0.6666666666666666,0.6153846153846154,0.025466893039049237,0.8205998868138087
6,smooth,0.008,posterior_risk,100,0.007485911483546797,0.0059796794155352944,0.9792,0.1388888888888889,0.018667207476953558,0.031019415683983177,0.0064,0.031104937420390284,0.6981204255900674,0.6592,False,,,0.0576,31,5,8,581,0.0576,0.8611111111111112,0.7948717948717948,0.013582342954159592,0.9237643840784757
6,smooth,0.008,evidence_no_geometry,100,0.007567148323884269,0.0060758718974166254,0.9696,0.2222222222222222,0.015522050643640938,0.02465457033221507,0.008,0.024741266072972997,0.6659206521343428,0.56,False,,,0.0576,28,8,11,578,0.0576,0.7777777777777778,0.717948717948718,0.01867572156196944,0.8795510281079042
6,smooth,0.008,risk_geometry,100,0.008021341272844847,0.006133433916016526,0.9648,0.19444444444444445,0.017759812483736367,0.027648060742327174,0.0,0.02766003156128618,0.7178755645338227,0.624,False,,,0.0576,29,7,15,574,0.0576,0.8055555555555556,0.6590909090909091,0.025466893039049237,0.8900443312582531
6,waviness,0.003,space_filling,100,0.005017300053895962,0.0037949712481597105,0.9728,0.2978723404255319,0.011889176314665274,0.017846860593373367,0.0016,0.018437287262611794,0.675132590154686,0.288,False,,,0.0752,33,14,3,575,0.0752,0.7021276595744681,0.9166666666666666,0.005190311418685121,0.8484686740778915
6,waviness,0.003,geometry_only,100,0.008571527293222775,0.006055364094366979,0.976,0.2978723404255319,0.013434541007041776,0.023566964856303007,0.0064,0.02417901801980336,0.6591888909846496,0.3952,False,,,0.0752,33,14,1,577,0.0752,0.7021276595744681,0.9705882352941176,0.0017301038062283738,0.8501987778841198
6,waviness,0.003,uncertainty_only,100,0.007096089050559701,0.005057884743304025,0.96,0.46808510638297873,0.012011841518475255,0.018126310694665086,0.0016,0.018763309687632634,0.6562187276556862,0.2656,False,,,0.0752,25,22,3,575,0.0752,0.5319148936170213,0.8928571428571429,0.005190311418685121,0.7633622910991681
6,waviness,0.003,evidence_gated,100,0.008831336944297191,0.006435696006466474,0.9728,0.2765957446808511,0.014227016793682955,0.022657587298852384,0.0016,0.02275614635889651,0.7523561409441976,0.3808,False,,,0.0752,34,13,4,574,0.0752,0.723404255319149,0.8947368421052632,0.006920415224913495,0.8582419200471177
6,waviness,0.003,two_sided_straddle,100,0.008001176801685184,0.00590750473238773,0.9696,0.2978723404255319,0.013527894437962647,0.021842542373135758,0.0048,0.022118854338207206,0.7423533292124135,0.344,False,,,0.0752,33,14,5,573,0.0752,0.7021276595744681,0.868421052631579,0.00865051903114187,0.8467385702716631
6,waviness,0.003,randomized_straddle,100,0.01134167502510072,0.007910413005271818,0.9696,0.2978723404255319,0.015284583324002853,0.026363298559293483,0.0064,0.026427678911152632,0.7295454522723063,0.4736,False,,,0.0752,33,14,5,573,0.0752,0.7021276595744681,0.868421052631579,0.00865051903114187,0.8467385702716631
6,waviness,0.003,posterior_risk,100,0.011779562094425707,0.008511572967956823,0.976,0.2553191489361702,0.016154986724425613,0.027839650134465092,0.0,0.028013200344661073,0.7428713848164459,0.4992,False,,,0.0752,35,12,3,575,0.0752,0.7446808510638298,0.9210526315789473,0.005190311418685121,0.8697452698225723
6,waviness,0.003,evidence_no_geometry,100,0.008256726877250747,0.00604917656843703,0.9776,0.23404255319148937,0.014241245687971726,0.023555060455292542,0.0016,0.024065155746752935,0.727707047485839,0.4064,False,,,0.0752,36,11,3,575,0.0752,0.7659574468085106,0.9230769230769231,0.005190311418685121,0.8803835676949128
6,waviness,0.003,risk_geometry,100,0.011526284376242337,0.008076682492361544,0.9744,0.2553191489361702,0.01529012012594093,0.026054466120877494,0.0,0.026181746958103564,0.7243579051095912,0.4528,False,,,0.0752,35,12,4,574,0.0752,0.7446808510638298,0.8974358974358975,0.006920415224913495,0.8688802179194581
6,waviness,0.008,space_filling,100,0.009346309409608088,0.007330893668222046,0.9536,0.425531914893617,0.013650061827333113,0.018721811357342175,0.0016,0.019009086030772844,0.6462607343645518,0.304,False,,,0.0752,27,20,9,569,0.0752,0.574468085106383,0.75,0.015570934256055362,0.7794485754251639
6,waviness,0.008,geometry_only,100,0.010307969951887243,0.007956967289942664,0.9552,0.3617021276595745,0.015112462374097123,0.0242353266579481,0.008,0.024765494864731015,0.587687776374194,0.4272,False,,,0.0752,30,17,11,567,0.0752,0.6382978723404256,0.7317073170731707,0.01903114186851211,0.8096333652359567
6,waviness,0.008,uncertainty_only,100,0.009192831526393781,0.007300984465363868,0.9488,0.5106382978723404,0.013680777266514696,0.018308818644134302,0.0016,0.018622343032635772,0.650609088167958,0.3024,False,,,0.0752,23,24,8,570,0.0752,0.48936170212765956,0.7419354838709677,0.01384083044982699,0.7377604358389163
6,waviness,0.008,evidence_gated,100,0.01033724542983419,0.007887285654928635,0.9616,0.2553191489361702,0.015459075501704644,0.02289775790697736,0.0032,0.022951941836796573,0.6913911781207867,0.4592,False,,,0.0752,35,12,12,566,0.0752,0.7446808510638298,0.7446808510638298,0.020761245674740483,0.8619598026945446
6,waviness,0.008,two_sided_straddle,100,0.011112490278115778,0.00873793006687869,0.9616,0.40425531914893614,0.01593796311124837,0.024500934189722365,0.0016,0.024684958116621122,0.7355840940441806,0.4832,False,,,0.0752,28,19,5,573,0.0752,0.5957446808510638,0.8484848484848485,0.00865051903114187,0.793547080909961
6,waviness,0.008,randomized_straddle,100,0.01403467005896614,0.010594618716613123,0.9472,0.6170212765957447,0.01714270670250599,0.027253715190531644,0.0032,0.02731995029688689,0.7413016990737296,0.528,False,,,0.0752,18,29,4,574,0.0752,0.3829787234042553,0.8181818181818182,0.006920415224913495,0.6880291540896709
6,waviness,0.008,posterior_risk,100,0.01354417418784227,0.010628394499071285,0.9568,0.44680851063829785,0.017081093503646796,0.026648945973677503,0.0064,0.0267411808304594,0.7324709616564564,0.5184,False,,,0.0752,26,21,6,572,0.0752,0.5531914893617021,0.8125,0.010380622837370242,0.7714054332621659
6,waviness,0.008,evidence_no_geometry,100,0.01109435731589098,0.008657546374397205,0.9616,0.3617021276595745,0.015973970678530704,0.024621269589107927,0.0032,0.024844518349287224,0.6930417745250983,0.4864,False,,,0.0752,30,17,7,571,0.0752,0.6382978723404256,0.8108108108108109,0.012110726643598616,0.8130935728484134
6,waviness,0.008,risk_geometry,100,0.011964947311973768,0.009345373763415332,0.9536,0.44680851063829785,0.017440653557515992,0.02712383522981833,0.0032,0.02715777545313053,0.736876636679963,0.5488,False,,,0.0752,26,21,8,570,0.0752,0.5531914893617021,0.7647058823529411,0.01384083044982699,0.7696753294559375
6,local_defect,0.003,space_filling,100,0.004756925932070934,0.002791844191877011,0.984,0.6666666666666666,0.011889176314665274,0.017846860593373367,0.0032,0.018483435416938997,0.7197607817789898,0.2576,False,,,0.024,5,10,0,610,0.024,0.3333333333333333,1.0,0.0,0.6666666666666666
6,local_defect,0.003,geometry_only,100,0.0050297478614992385,0.0027839354522804487,0.9824,0.7333333333333333,0.012797847027645219,0.02189303510943961,0.0,0.022388203024133243,0.6934375671571994,0.2832,False,,,0.024,4,11,0,610,0.024,0.26666666666666666,1.0,0.0,0.6333333333333333
6,local_defect,0.003,uncertainty_only,100,0.004307842967689161,0.002654340401383916,0.9856,0.5333333333333333,0.012011841518475255,0.018126310694665086,0.0096,0.018783224427887834,0.6804330842668342,0.2464,False,,,0.024,7,8,1,609,0.024,0.4666666666666667,0.875,0.001639344262295082,0.7325136612021859
6,local_defect,0.003,evidence_gated,100,0.005395709713472496,0.002899968573748031,0.9856,0.5333333333333333,0.012731316087773382,0.020137093356987226,0.0,0.020512405050551394,0.793641888440064,0.2736,False,,,0.024,7,8,1,609,0.024,0.4666666666666667,0.875,0.001639344262295082,0.7325136612021859
6,local_defect,0.003,two_sided_straddle,100,0.005218357194659076,0.0032739583226907014,0.992,0.13333333333333333,0.013658957643917793,0.02300005763965886,0.0,0.023900017726027314,0.7888699091165366,0.3376,False,,,0.024,13,2,3,607,0.024,0.8666666666666667,0.8125,0.004918032786885246,0.9308743169398908
6,local_defect,0.003,randomized_straddle,100,0.003855282251589114,0.0028463086431037145,0.9968,0.06666666666666667,0.015213201143294669,0.026973451604979774,0.0016,0.027671173989828424,0.7601559375484065,0.4384,False,,,0.024,14,1,1,609,0.024,0.9333333333333333,0.9333333333333333,0.001639344262295082,0.9658469945355191
6,local_defect,0.003,posterior_risk,100,0.0047768311977521415,0.003546946939174502,0.9968,0.06666666666666667,0.015813456112344023,0.02567785919548807,0.0,0.025914036621848435,0.7845081617028935,0.496,False,,,0.024,14,1,1,609,0.024,0.9333333333333333,0.9333333333333333,0.001639344262295082,0.9658469945355191
6,local_defect,0.003,evidence_no_geometry,100,0.005668205831154469,0.0030625444456543333,0.9872,0.5333333333333333,0.013204987958552366,0.02129455202870674,0.0,0.021566304518747734,0.8051746395295024,0.2688,False,,,0.024,7,8,0,610,0.024,0.4666666666666667,1.0,0.0,0.7333333333333334
6,local_defect,0.003,risk_geometry,100,0.004520658376425874,0.0033873147249183604,0.9952,0.06666666666666667,0.014373257133754515,0.023315329469829803,0.0,0.023598185339060274,0.8101131263577306,0.368,False,,,0.024,14,1,2,608,0.024,0.9333333333333333,0.875,0.003278688524590164,0.9650273224043716
6,local_defect,0.008,space_filling,100,0.008111727738461862,0.0062374628300518155,0.9824,0.4666666666666667,0.013650061827333113,0.018721811357342175,0.0,0.019011208858371563,0.6876883635358272,0.3408,False,,,0.024,8,7,4,606,0.024,0.5333333333333333,0.6666666666666666,0.006557377049180328,0.7633879781420765
6,local_defect,0.008,geometry_only,100,0.007341853940135372,0.005273038261575872,0.9712,0.9333333333333333,0.014514944545675843,0.02265725590917281,0.0,0.02294306055187629,0.6732628589567133,0.392,False,,,0.024,1,14,4,606,0.024,0.06666666666666667,0.2,0.006557377049180328,0.5300546448087432
6,local_defect,0.008,uncertainty_only,100,0.008205262109391837,0.006101703873224068,0.9696,0.4,0.013680777266514696,0.018308818644134302,0.0,0.018649834928528196,0.6192860071698022,0.3696,False,,,0.024,9,6,13,597,0.024,0.6,0.4090909090909091,0.021311475409836064,0.7893442622950819
6,local_defect,0.008,evidence_gated,100,0.0066721509141353386,0.005265588459330414,0.9872,0.13333333333333333,0.01433942187704327,0.020050789402773703,0.0016,0.020193351924681587,0.708485665987698,0.3328,False,,,0.024,13,2,6,604,0.024,0.8666666666666667,0.6842105263157895,0.009836065573770493,0.9284153005464482
6,local_defect,0.008,two_sided_straddle,100,0.007109354393455838,0.005564341507238332,0.9936,0.13333333333333333,0.015095878194745546,0.022687219930007205,0.008,0.02308495124152926,0.7713201049367882,0.3808,False,,,0.024,13,2,2,608,0.024,0.8666666666666667,0.8666666666666667,0.003278688524590164,0.9316939890710383
6,local_defect,0.008,randomized_straddle,100,0.007826053093984616,0.006264728987188285,0.9888,0.13333333333333333,0.016289648896844474,0.02604995613925553,0.0032,0.02613470382151198,0.744818716166656,0.504,False,,,0.024,13,2,5,605,0.024,0.8666666666666667,0.7222222222222222,0.00819672131147541,0.9292349726775957
6,local_defect,0.008,posterior_risk,100,0.007288063918558807,0.005997710332518173,0.9952,0.06666666666666667,0.017045986063715476,0.027229076004291693,0.0016,0.027453824635400883,0.7534759403331283,0.5024,False,,,0.024,14,1,2,608,0.024,0.9333333333333333,0.875,0.003278688524590164,0.9650273224043716
6,local_defect,0.008,evidence_no_geometry,100,0.008477342354042357,0.006379582512208374,0.9808,0.6,0.014961741268992856,0.022246753963032124,0.0,0.022290037324969203,0.7747668907169563,0.3648,False,,,0.024,6,9,3,607,0.024,0.4,0.6666666666666666,0.004918032786885246,0.6975409836065574
6,local_defect,0.008,risk_geometry,100,0.006727547976205288,0.00531353243751619,0.9936,0.13333333333333333,0.016042158026883028,0.023751005817014944,0.0,0.02401815191111007,0.775580569267047,0.4768,False,,,0.024,13,2,2,608,0.024,0.8666666666666667,0.8666666666666667,0.003278688524590164,0.9316939890710383
6,mixed,0.003,space_filling,100,0.004159699131678931,0.0030453391296774257,0.9792,0.5217391304347826,0.011889176314665274,0.017846860593373367,0.0,0.018563793809618832,0.7036201329349538,0.192,False,,,0.0368,11,12,1,601,0.0368,0.4782608695652174,0.9166666666666666,0.0016611295681063123,0.7382998699985556
6,mixed,0.003,geometry_only,100,0.007186024011355388,0.00456768399706512,0.9728,0.7391304347826086,0.01394808323612503,0.025132981481487026,0.0,0.02574230398695868,0.732369940494519,0.2992,False,,,0.0368,6,17,0,602,0.0368,0.2608695652173913,1.0,0.0,0.6304347826086957
6,mixed,0.003,uncertainty_only,100,0.004121940058348918,0.002749077580844185,0.984,0.34782608695652173,0.012011841518475255,0.018126310694665086,0.0,0.01883835592995078,0.6985672655060315,0.2224,False,,,0.0368,15,8,2,600,0.0368,0.6521739130434783,0.8823529411764706,0.0033222591362126247,0.8244258269536329
6,mixed,0.003,evidence_gated,100,0.00475209878988594,0.0035567466752239895,0.9904,0.13043478260869565,0.01376934931270863,0.023024636307693188,0.0,0.023362186081867593,0.7664841156746294,0.3168,False,,,0.0368,20,3,3,599,0.0368,0.8695652173913043,0.8695652173913043,0.0049833887043189366,0.9322909143434928
6,mixed,0.003,two_sided_straddle,100,0.004119409249755754,0.0030866851153253617,0.984,0.34782608695652173,0.013922338283529866,0.024342098905080916,0.0,0.024521283310106834,0.7545512553538692,0.344,False,,,0.0368,15,8,2,600,0.0368,0.6521739130434783,0.8823529411764706,0.0033222591362126247,0.8244258269536329
6,mixed,0.003,randomized_straddle,100,0.006601444157238918,0.0043871984575198685,0.984,0.34782608695652173,0.01460399647614154,0.024615467328211887,0.0032,0.024687257310210625,0.7809071615941452,0.3536,False,,,0.0368,15,8,2,600,0.0368,0.6521739130434783,0.8823529411764706,0.0033222591362126247,0.8244258269536329
6,mixed,0.003,posterior_risk,100,0.0067235081245234545,0.005020187047767512,0.9888,0.08695652173913043,0.016203900449698,0.027435231141112074,0.0016,0.027535549447949184,0.757284452419372,0.472,False,,,0.0368,21,2,5,597,0.0368,0.9130434782608695,0.8076923076923077,0.008305647840531562,0.952368915210169
6,mixed,0.003,evidence_no_geometry,100,0.006206241442494334,0.003837763971472486,0.9856,0.2608695652173913,0.014262004701641871,0.02423465108789232,0.0,0.02443096692679197,0.7670645520309682,0.3808,False,,,0.0368,17,6,3,599,0.0368,0.7391304347826086,0.85,0.0049833887043189366,0.8670735230391449
6,mixed,0.003,risk_geometry,100,0.007642584637496154,0.004955693217614618,0.9856,0.30434782608695654,0.01559650144846712,0.02590860583107726,0.0,0.026292710940359714,0.7765148710284971,0.4352,False,,,0.0368,16,7,2,600,0.0368,0.6956521739130435,0.8888888888888888,0.0033222591362126247,0.8461649573884154
6,mixed,0.008,space_filling,100,0.006275004498114103,0.00502233628110609,0.968,0.6521739130434783,0.013650061827333113,0.018721811357342175,0.0,0.01903243713435878,0.6541604532667495,0.2736,False,,,0.0368,8,15,5,597,0.0368,0.34782608695652173,0.6153846153846154,0.008305647840531562,0.669760219557995
6,mixed,0.008,geometry_only,100,0.008036428159458856,0.006203253515301195,0.9616,0.8260869565217391,0.015614440639696062,0.025905525917901292,0.0,0.026261975624667443,0.6840224605569033,0.36,False,,,0.0368,4,19,5,597,0.0368,0.17391304347826086,0.4444444444444444,0.008305647840531562,0.5828036978188647
6,mixed,0.008,uncertainty_only,100,0.006854736341243076,0.004963276928390792,0.9744,0.5217391304347826,0.013680777266514696,0.018308818644134302,0.0016,0.018704818720313047,0.6692883625995677,0.2448,False,,,0.0368,11,12,4,598,0.0368,0.4782608695652174,0.7333333333333333,0.006644518272425249,0.7358081756463961
6,mixed,0.008,evidence_gated,100,0.006533110866930365,0.005275519865956218,0.9712,0.6086956521739131,0.014745585432071214,0.02176346976480281,0.0032,0.02196327564566464,0.7314110677180761,0.3424,False,,,0.0368,9,14,4,598,0.0368,0.391304347826087,0.6923076923076923,0.006644518272425249,0.6923299147768308
6,mixed,0.008,two_sided_straddle,100,0.007255479461659531,0.005221019042458581,0.976,0.30434782608695654,0.01553381117290699,0.023049266578888818,0.0,0.023159023650826966,0.7248072417328141,0.416,False,,,0.0368,16,7,8,594,0.0368,0.6956521739130435,0.6666666666666666,0.013289036544850499,0.8411815686840964
6,mixed,0.008,randomized_straddle,100,0.009008552260015217,0.006756146292976618,0.9856,0.2608695652173913,0.01692896148460084,0.026595711993290794,0.0,0.02693083658209348,0.7246762348471878,0.4912,False,,,0.0368,17,6,3,599,0.0368,0.7391304347826086,0.85,0.0049833887043189366,0.8670735230391449
6,mixed,0.008,posterior_risk,100,0.008423374165523818,0.006378021386545859,0.9856,0.2608695652173913,0.017363321878580508,0.026756988858937365,0.0016,0.026969382235132185,0.7401438765135044,0.544,False,,,0.0368,17,6,3,599,0.0368,0.7391304347826086,0.85,0.0049833887043189366,0.8670735230391449
6,mixed,0.008,evidence_no_geometry,100,0.006745644251589655,0.005294833488230681,0.9712,0.5652173913043478,0.01479054349869271,0.02232017180499443,0.0128,0.02246111626274934,0.711138273179006,0.3792,False,,,0.0368,10,13,5,597,0.0368,0.43478260869565216,0.6666666666666666,0.008305647840531562,0.7132384804275603
6,mixed,0.008,risk_geometry,100,0.008314291914842004,0.006381317045905876,0.9888,0.21739130434782608,0.016835329116372425,0.026155161620603024,0.0016,0.026259079292849593,0.74739600214885,0.4528,False,,,0.0368,18,5,2,600,0.0368,0.782608695652174,0.9,0.0033222591362126247,0.8896432182579807
7,smooth,0.003,space_filling,100,0.0027833629500508745,0.002200054500686296,0.9792,0.30952380952380953,0.012159405011043666,0.01938787789858739,0.0016,0.020084700842658773,0.549527243528669,0.3312,False,,,0.0672,29,13,0,583,0.0672,0.6904761904761905,1.0,0.0,0.8452380952380952
7,smooth,0.003,geometry_only,100,0.0029589224919199376,0.002383075636732143,0.9824,0.2619047619047619,0.013536007083418133,0.02213044776490218,0.0128,0.02263176478008675,0.5804313732017877,0.3792,False,,,0.0672,31,11,0,583,0.0672,0.7380952380952381,1.0,0.0,0.8690476190476191
7,smooth,0.003,uncertainty_only,100,0.00227146525884109,0.0017962612240856152,0.9904,0.07142857142857142,0.012129825621949804,0.018769497877353238,0.0,0.0194508079388609,0.6006399603147827,0.3344,False,,,0.0672,39,3,3,580,0.0672,0.9285714285714286,0.9285714285714286,0.005145797598627788,0.9617128154864004
7,smooth,0.003,evidence_gated,100,0.002796266516235705,0.002293623449386614,0.9696,0.2857142857142857,0.013213026408479706,0.022038872830154772,0.0,0.022486283969185405,0.6374945507824319,0.4128,False,,,0.0672,30,12,7,576,0.0672,0.7142857142857143,0.8108108108108109,0.012006861063464836,0.8511394266111247
7,smooth,0.003,two_sided_straddle,100,0.002947679533078528,0.00233211678514395,0.9616,0.35714285714285715,0.013265794887181917,0.02363330030749543,0.0048,0.024077910923353745,0.6400858331868701,0.4464,False,,,0.0672,27,15,9,574,0.0672,0.6428571428571429,0.75,0.015437392795883362,0.8137098750306297
7,smooth,0.003,randomized_straddle,100,0.002749584517494901,0.0021638994197597933,0.976,0.16666666666666666,0.014044097552165803,0.024327436771795784,0.0048,0.024436954741848836,0.6465997778689524,0.5024,False,,,0.0672,35,7,8,575,0.0672,0.8333333333333334,0.813953488372093,0.0137221269296741,0.9098056032018296
7,smooth,0.003,posterior_risk,100,0.003723762332056608,0.002811178336802678,0.984,0.14285714285714285,0.016222430977260918,0.029127608430405974,0.0,0.02941159935505749,0.7115309209431242,0.5936,False,,,0.0672,36,6,4,579,0.0672,0.8571428571428571,0.9,0.00686106346483705,0.92514089683901
7,smooth,0.003,evidence_no_geometry,100,0.0032502146206971525,0.0025146390078615833,0.9808,0.16666666666666666,0.014204916864949913,0.024011954775376043,0.0,0.0242303745859964,0.6896572650422946,0.4992,False,,,0.0672,35,7,5,578,0.0672,0.8333333333333334,0.875,0.008576329331046312,0.9123785020011435
7,smooth,0.003,risk_geometry,100,0.0038442219577174606,0.002863512824362132,0.9808,0.19047619047619047,0.016152900975419653,0.02918360066269095,0.0,0.029342138781167346,0.7089116243499011,0.576,False,,,0.0672,34,8,4,579,0.0672,0.8095238095238095,0.8947368421052632,0.00686106346483705,0.9013313730294863
7,smooth,0.008,space_filling,100,0.0059467676604376485,0.004782164592267382,0.944,0.40476190476190477,0.013912982652758652,0.020116422222070114,0.008,0.02052033616987889,0.5845638266844873,0.4032,False,,,0.0672,25,17,18,565,0.0672,0.5952380952380952,0.5813953488372093,0.030874785591766724,0.7821816548231643
7,smooth,0.008,geometry_only,100,0.006346533750004134,0.004951865917035969,0.952,0.42857142857142855,0.015199176235788514,0.022939964194624834,0.0,0.02318057857742149,0.5588953599646512,0.4768,False,,,0.0672,24,18,12,571,0.0672,0.5714285714285714,0.6666666666666666,0.02058319039451115,0.77542269051703
7,smooth,0.008,uncertainty_only,100,0.0067479630145282216,0.005378373203035856,0.9568,0.30952380952380953,0.013847684830026076,0.019535441255554033,0.0016,0.01975604258010122,0.5912563052076626,0.4384,False,,,0.0672,29,13,14,569,0.0672,0.6904761904761905,0.6744186046511628,0.024013722126929673,0.8332312341746304
7,smooth,0.008,evidence_gated,100,0.006685070525905469,0.0054092808143788775,0.968,0.23809523809523808,0.014887908964809134,0.021946097930740663,0.0032,0.021997993161768942,0.641113384495564,0.4912,False,,,0.0672,32,10,10,573,0.0672,0.7619047619047619,0.7619047619047619,0.017152658662092625,0.8723760516213346
7,smooth,0.008,two_sided_straddle,100,0.007483578243242031,0.00595518612850093,0.9552,0.3333333333333333,0.014952349295584175,0.023983676140266228,0.0064,0.024269537763543517,0.6462779196614323,0.5056,False,,,0.0672,28,14,14,569,0.0672,0.6666666666666666,0.6666666666666666,0.024013722126929673,0.8213264722698685
7,smooth,0.008,randomized_straddle,100,0.006820483709704307,0.0055800357136781345,0.9456,0.5952380952380952,0.016211295067787977,0.025953478455121932,0.0,0.026122898826528212,0.6354275889706993,0.5568,False,,,0.0672,17,25,9,574,0.0672,0.40476190476190477,0.6538461538461539,0.015437392795883362,0.6946622559830107
7,smooth,0.008,posterior_risk,100,0.007926226373692596,0.006127623282951771,0.9568,0.40476190476190477,0.01866092602746126,0.03294019164039621,0.0016,0.03324475994126226,0.6564832948586428,0.6176,False,,,0.0672,25,17,10,573,0.0672,0.5952380952380952,0.7142857142857143,0.017152658662092625,0.7890427182880013
7,smooth,0.008,evidence_no_geometry,100,0.006353611419382519,0.00517736661158815,0.9712,0.11904761904761904,0.014899767259874795,0.022432721078950574,0.0096,0.022626978761448615,0.6375845765446645,0.496,False,,,0.0672,37,5,13,570,0.0672,0.8809523809523809,0.74,0.022298456260720412,0.9293269623458302
7,smooth,0.008,risk_geometry,100,0.007126877048066941,0.005818639742565213,0.9568,0.3333333333333333,0.017597103862488913,0.02833723207017216,0.0,0.02841101257160589,0.7040311467148255,0.6176,False,,,0.0672,28,14,13,570,0.0672,0.6666666666666666,0.6829268292682927,0.022298456260720412,0.8221841052029731
7,waviness,0.003,space_filling,100,0.006570628370256295,0.00482975121514409,0.96,0.3382352941176471,0.012159405011043666,0.01938787789858739,0.0096,0.020057395912965358,0.6222291635336131,0.3152,False,,,0.1088,45,23,2,555,0.1088,0.6617647058823529,0.9574468085106383,0.003590664272890485,0.8290870208047312
7,waviness,0.003,geometry_only,100,0.00950928744841523,0.006688740654395968,0.9392,0.4852941176470588,0.01485794159288017,0.027809917016896755,0.0016,0.028354392730074285,0.590320582176993,0.48,False,,,0.1088,35,33,5,552,0.1088,0.5147058823529411,0.875,0.008976660682226212,0.7528646108353574
7,waviness,0.003,uncertainty_only,100,0.005514672939164737,0.0041344532964805395,0.96,0.35294117647058826,0.012129825621949804,0.018769497877353238,0.0,0.019452077635637503,0.6000439420319785,0.3184,False,,,0.1088,44,24,1,556,0.1088,0.6470588235294118,0.9777777777777777,0.0017953321364452424,0.8226317456964833
7,waviness,0.003,evidence_gated,100,0.011627491626346268,0.008216033766966519,0.9712,0.20588235294117646,0.014963105790124451,0.02500447713246017,0.0016,0.025104409656947616,0.723605923055793,0.5248,False,,,0.1088,54,14,4,553,0.1088,0.7941176470588235,0.9310344827586207,0.00718132854578097,0.8934681592565212
7,waviness,0.003,two_sided_straddle,100,0.008513664680861854,0.006256322822188365,0.9696,0.22058823529411764,0.013613333450994327,0.022852956040103355,0.0032,0.023125173235619183,0.7036141823963885,0.3856,False,,,0.1088,53,15,4,553,0.1088,0.7794117647058824,0.9298245614035088,0.00718132854578097,0.8861152180800507
7,waviness,0.003,randomized_straddle,100,0.011258667265293546,0.007908471672020892,0.968,0.23529411764705882,0.014313973277702872,0.02448624689240873,0.0016,0.024698791525774207,0.6730747112506902,0.416,False,,,0.1088,52,16,4,553,0.1088,0.7647058823529411,0.9285714285714286,0.00718132854578097,0.8787622769035801
7,waviness,0.003,posterior_risk,100,0.012596539096229159,0.009234807379699044,0.9632,0.2647058823529412,0.016679246662633977,0.029670676637130966,0.0064,0.029869340715618004,0.6904658290884415,0.56,False,,,0.1088,50,18,5,552,0.1088,0.7352941176470589,0.9090909090909091,0.008976660682226212,0.8631587284824163
7,waviness,0.003,evidence_no_geometry,100,0.010445047070400549,0.007501831307881281,0.9648,0.27941176470588236,0.014398326230934526,0.025025712678808303,0.0016,0.025469252355756446,0.706969403991385,0.4416,False,,,0.1088,49,19,3,554,0.1088,0.7205882352941176,0.9423076923076923,0.005385996409335727,0.8576011194423909
7,waviness,0.003,risk_geometry,100,0.012663179763547056,0.009261062774667591,0.9696,0.23529411764705882,0.016236874071889108,0.028889258059385733,0.0032,0.029238694436084747,0.6990043955156601,0.5552,False,,,0.1088,52,16,3,554,0.1088,0.7647058823529411,0.9454545454545454,0.005385996409335727,0.8796599429718027
7,waviness,0.008,space_filling,100,0.008779913550855896,0.006607954044595934,0.9408,0.4411764705882353,0.013912982652758652,0.020116422222070114,0.0112,0.020593278604612596,0.578873765522691,0.4048,False,,,0.1088,38,30,7,550,0.1088,0.5588235294117647,0.8444444444444444,0.012567324955116697,0.7731281022283241
7,waviness,0.008,geometry_only,100,0.010766751814944929,0.008026615664379805,0.9216,0.6029411764705882,0.016477691358969086,0.028362657000600488,0.0112,0.02892837732592598,0.5671959341860543,0.5472,False,,,0.1088,27,41,8,549,0.1088,0.39705882352941174,0.7714285714285715,0.01436265709156194,0.6913480832189249
7,waviness,0.008,uncertainty_only,100,0.009943454754043955,0.00751349368541582,0.9232,0.4852941176470588,0.013847684830026076,0.019535441255554033,0.008,0.01975604258010122,0.5858601865923828,0.4,False,,,0.1088,35,33,15,542,0.1088,0.5147058823529411,0.7,0.026929982046678635,0.7438879501531312
7,waviness,0.008,evidence_gated,100,0.012993436603845054,0.009956216195059651,0.9392,0.45588235294117646,0.016465778120112184,0.025230319575492793,0.0032,0.025327453504856136,0.6765460004940892,0.5808,False,,,0.1088,37,31,7,550,0.1088,0.5441176470588235,0.8409090909090909,0.012567324955116697,0.7657751610518534
7,waviness,0.008,two_sided_straddle,100,0.012809052477692694,0.0100412677559593,0.9344,0.47058823529411764,0.01569595239588022,0.02451489189280401,0.0016,0.02467651671456961,0.638454263474842,0.4784,False,,,0.1088,36,32,9,548,0.1088,0.5294117647058824,0.8,0.01615798922800718,0.7566268877389376
7,waviness,0.008,randomized_straddle,100,0.013726401232059005,0.010610911623997233,0.9344,0.5147058823529411,0.016635204311685,0.02631318957083258,0.0032,0.026450295567070747,0.6808168506912172,0.5248,False,,,0.1088,33,35,6,551,0.1088,0.4852941176470588,0.8461538461538461,0.010771992818671455,0.7372610624141936
7,waviness,0.008,posterior_risk,100,0.013915054364243722,0.010334955253071617,0.9344,0.47058823529411764,0.01872435028988764,0.03032566542947686,0.0112,0.030462931596331455,0.6337885729212724,0.664,False,,,0.1088,36,32,9,548,0.1088,0.5294117647058824,0.8,0.01615798922800718,0.7566268877389376
7,waviness,0.008,evidence_no_geometry,100,0.01272794992179768,0.00980915921080322,0.9536,0.3235294117647059,0.016716913705878928,0.026735321153368165,0.0048,0.02676044896003562,0.6539386168302195,0.6048,False,,,0.1088,46,22,7,550,0.1088,0.6764705882352942,0.8679245283018868,0.012567324955116697,0.8319516316400888
7,waviness,0.008,risk_geometry,100,0.013088972378732846,0.010302482042474193,0.9408,0.39705882352941174,0.018293726244590875,0.029245043535825754,0.0032,0.029293523237527187,0.6574748453304667,0.6448,False,,,0.1088,41,27,10,547,0.1088,0.6029411764705882,0.803921568627451,0.017953321364452424,0.7924939275530679
7,local_defect,0.003,space_filling,100,0.004022732855242132,0.002571254909520367,0.992,0.2727272727272727,0.012159405011043666,0.01938787789858739,0.0016,0.02012545501718874,0.7750317969225972,0.1648,False,,,0.0176,8,3,2,612,0.0176,0.7272727272727273,0.8,0.003257328990228013,0.8620076991412496
7,local_defect,0.003,geometry_only,100,0.00374690532953236,0.0028321933587778787,0.9936,0.09090909090909091,0.013081941850155227,0.02242979561854081,0.0064,0.023204836792404256,0.7328276545891166,0.2528,False,,,0.0176,10,1,3,611,0.0176,0.9090909090909091,0.7692307692307693,0.004885993485342019,0.9521024578027835
7,local_defect,0.003,uncertainty_only,100,0.004418890368753893,0.0026726957938282623,0.9888,0.36363636363636365,0.012129825621949804,0.018769497877353238,0.0,0.01957990420300845,0.7715518912672239,0.1568,False,,,0.0176,7,4,3,611,0.0176,0.6363636363636364,0.7,0.004885993485342019,0.8157388214391472
7,local_defect,0.003,evidence_gated,100,0.0030928834436368385,0.002435773216155309,0.9936,0.0,0.013045479366293257,0.020577039780145138,0.0,0.02138524902764003,0.8105444085103225,0.2048,True,92.0,True,0.0176,11,0,4,610,0.0176,1.0,0.7333333333333333,0.006514657980456026,0.996742671009772
7,local_defect,0.003,two_sided_straddle,100,0.003418328712427923,0.002711075836459294,0.9952,0.0,0.013675423486047384,0.023274383139385343,0.0,0.023647737314840062,0.8114662989771869,0.2656,False,,,0.0176,11,0,3,611,0.0176,1.0,0.7857142857142857,0.004885993485342019,0.997557003257329
7,local_defect,0.003,randomized_straddle,100,0.004334320789076287,0.0031867139152049868,0.9872,0.09090909090909091,0.015256212962288846,0.026341116038641622,0.0048,0.02650156051381863,0.7620659134760275,0.3616,False,,,0.0176,10,1,7,607,0.0176,0.9090909090909091,0.5882352941176471,0.011400651465798045,0.9488451288125554
7,local_defect,0.003,posterior_risk,100,0.0031670875812929732,0.0024351496472534546,0.9936,0.0,0.014915439988542835,0.024774320907887195,0.0,0.02501040045787603,0.8140655978662427,0.312,False,,,0.0176,11,0,4,610,0.0176,1.0,0.7333333333333333,0.006514657980456026,0.996742671009772
7,local_defect,0.003,evidence_no_geometry,100,0.002966503303027428,0.0022657255120930577,0.9952,0.0,0.013432753398805175,0.022294990444989626,0.0,0.022498144847357404,0.8233669229808837,0.2624,False,,,0.0176,11,0,3,611,0.0176,1.0,0.7857142857142857,0.004885993485342019,0.997557003257329
7,local_defect,0.003,risk_geometry,100,0.0034932491542199436,0.002592227613679726,0.9936,0.0,0.01430786096454583,0.023443710959079923,0.0,0.023751167650286665,0.8248553007783576,0.2864,False,,,0.0176,11,0,4,610,0.0176,1.0,0.7333333333333333,0.006514657980456026,0.996742671009772
7,local_defect,0.008,space_filling,100,0.006326760267941241,0.0047372144490800015,0.9856,0.18181818181818182,0.013912982652758652,0.020116422222070114,0.0,0.020658145238670992,0.7237931425370464,0.2448,False,,,0.0176,9,2,7,607,0.0176,0.8181818181818182,0.5625,0.011400651465798045,0.90339058335801
7,local_defect,0.008,geometry_only,100,0.006679082424279596,0.005257838853245797,0.9872,0.0,0.014782246690873864,0.02309493727597226,0.0096,0.023863796810913777,0.7216001374052425,0.296,False,,,0.0176,11,0,8,606,0.0176,1.0,0.5789473684210527,0.013029315960912053,0.993485342019544
7,local_defect,0.008,uncertainty_only,100,0.006580239853945564,0.004794933238863839,0.9776,0.45454545454545453,0.013847684830026076,0.019535441255554033,0.0,0.019759867540502664,0.7063415030031839,0.2192,False,,,0.0176,6,5,9,605,0.0176,0.5454545454545454,0.4,0.014657980456026058,0.7653982824992597
7,local_defect,0.008,evidence_gated,100,0.006077073322675708,0.00483194448140633,0.9904,0.0,0.014576083828088506,0.021728062260053364,0.0,0.021854355015468882,0.8382073867343418,0.2144,True,92.0,True,0.0176,11,0,6,608,0.0176,1.0,0.6470588235294118,0.009771986970684038,0.995114006514658
7,local_defect,0.008,two_sided_straddle,100,0.005323500515648843,0.004138927546494969,0.992,0.09090909090909091,0.015146040813788095,0.02320462608876129,0.0,0.023333453937821,0.8131067148564859,0.3056,False,,,0.0176,10,1,4,610,0.0176,0.9090909090909091,0.7142857142857143,0.006514657980456026,0.9512881255552266
7,local_defect,0.008,randomized_straddle,100,0.006851181824456486,0.005356472896552203,0.9856,0.0,0.017021230694872675,0.02723744025330261,0.0032,0.027385558877338477,0.7545877441731806,0.4448,False,,,0.0176,11,0,9,605,0.0176,1.0,0.55,0.014657980456026058,0.992671009771987
7,local_defect,0.008,posterior_risk,100,0.0062485878433135725,0.004967581564633946,0.9904,0.0,0.016462565206017233,0.024500468448366168,0.0,0.025102479921527122,0.8051034311907552,0.4064,False,,,0.0176,11,0,6,608,0.0176,1.0,0.6470588235294118,0.009771986970684038,0.995114006514658
7,local_defect,0.008,evidence_no_geometry,100,0.005665268950667765,0.0043966110227007275,0.992,0.0,0.01485822876696821,0.02246567214372844,0.0016,0.022515570512046272,0.8185667343827124,0.2944,False,,,0.0176,11,0,5,609,0.0176,1.0,0.6875,0.008143322475570033,0.995928338762215
7,local_defect,0.008,risk_geometry,100,0.0063272969620258605,0.004968988582997649,0.9936,0.0,0.015928951553916725,0.02330952304933514,0.0,0.02350986424444017,0.8065268850713204,0.3552,False,,,0.0176,11,0,4,610,0.0176,1.0,0.7333333333333333,0.006514657980456026,0.996742671009772
7,mixed,0.003,space_filling,100,0.0037417451499002657,0.002810064312372739,0.9888,0.12121212121212122,0.012159405011043666,0.01938787789858739,0.0,0.020081287726447093,0.6359567322412196,0.2944,False,,,0.0528,29,4,3,589,0.0528,0.8787878787878788,0.90625,0.005067567567567568,0.9368601556101557
7,mixed,0.003,geometry_only,100,0.007193840253039656,0.004584127078558819,0.9744,0.3939393939393939,0.01442892552232866,0.024469502703447044,0.0,0.02516381535153293,0.6388542523457702,0.4064,False,,,0.0528,20,13,3,589,0.0528,0.6060606060606061,0.8695652173913043,0.005067567567567568,0.8004965192465192
7,mixed,0.003,uncertainty_only,100,0.004534722104744654,0.002951443299518704,0.9824,0.2727272727272727,0.012129825621949804,0.018769497877353238,0.0032,0.01944572915175448,0.6347532638059562,0.28,False,,,0.0528,24,9,2,590,0.0528,0.7272727272727273,0.9230769230769231,0.0033783783783783786,0.8619471744471745
7,mixed,0.003,evidence_gated,100,0.0052093309293383665,0.004007846254577922,0.9856,0.15151515151515152,0.014220823503630868,0.02338519994916339,0.0016,0.02369005681920542,0.7017499687985345,0.384,False,,,0.0528,28,5,4,588,0.0528,0.8484848484848485,0.875,0.006756756756756757,0.9208640458640458
7,mixed,0.003,two_sided_straddle,100,0.005704072149179741,0.004250989245474798,0.9872,0.12121212121212122,0.013948757661020536,0.02340198499103413,0.0016,0.02366581535305405,0.7204663710512179,0.4032,False,,,0.0528,29,4,4,588,0.0528,0.8787878787878788,0.8787878787878788,0.006756756756756757,0.9360155610155609
7,mixed,0.003,randomized_straddle,100,0.007542574308131615,0.005199872668823175,0.9888,0.06060606060606061,0.016521636989238718,0.029577816892059294,0.0032,0.02984899054369202,0.6713622619638221,0.5376,False,,,0.0528,31,2,5,587,0.0528,0.9393939393939394,0.8611111111111112,0.008445945945945946,0.9654739967239967
7,mixed,0.003,posterior_risk,100,0.007815246133053675,0.005540728307990214,0.9776,0.24242424242424243,0.015825016559982856,0.02649655458248567,0.0032,0.027292558464198202,0.7412488520744414,0.4656,False,,,0.0528,25,8,6,586,0.0528,0.7575757575757576,0.8064516129032258,0.010135135135135136,0.8737203112203112
7,mixed,0.003,evidence_no_geometry,100,0.0054793672282061915,0.00417184627362384,0.9872,0.09090909090909091,0.014248719218680006,0.024034632120370176,0.0,0.02424688420680078,0.7394687944549118,0.4016,False,,,0.0528,30,3,5,587,0.0528,0.9090909090909091,0.8571428571428571,0.008445945945945946,0.9503224815724816
7,mixed,0.003,risk_geometry,100,0.007022884459173127,0.0049515307621964735,0.9824,0.18181818181818182,0.015106524385587346,0.025001825144457333,0.0048,0.025208589560820237,0.7532395958893034,0.4464,False,,,0.0528,27,6,5,587,0.0528,0.8181818181818182,0.84375,0.008445945945945946,0.9048679361179361
7,mixed,0.008,space_filling,100,0.0065825431599515856,0.005246878840389825,0.9792,0.18181818181818182,0.013912982652758652,0.020116422222070114,0.0,0.02066231427238418,0.632472800639334,0.3568,False,,,0.0528,27,6,7,585,0.0528,0.8181818181818182,0.7941176470588235,0.011824324324324325,0.9031787469287469
7,mixed,0.008,geometry_only,100,0.009694443349757855,0.007059887672269531,0.968,0.48484848484848486,0.016053061379729203,0.025214672084676634,0.0016,0.025620138966801636,0.6196394032042739,0.464,False,,,0.0528,17,16,4,588,0.0528,0.5151515151515151,0.8095238095238095,0.006756756756756757,0.7541973791973792
7,mixed,0.008,uncertainty_only,100,0.008156258828199165,0.006202929132274259,0.96,0.48484848484848486,0.013847684830026076,0.019535441255554033,0.0,0.019749672390904256,0.64269371567225,0.3904,False,,,0.0528,17,16,9,583,0.0528,0.5151515151515151,0.6538461538461539,0.015202702702702704,0.7499744062244063
7,mixed,0.008,evidence_gated,100,0.00774075743338417,0.006278448245991036,0.9776,0.2727272727272727,0.015195461445346925,0.022813284143538642,0.0032,0.023029511764280097,0.7091558071463302,0.448,False,,,0.0528,24,9,5,587,0.0528,0.7272727272727273,0.8275862068965517,0.008445945945945946,0.8594133906633907
7,mixed,0.008,two_sided_straddle,100,0.008986991428762574,0.006976476970578805,0.9744,0.24242424242424243,0.015662141016954352,0.02435803417760529,0.0032,0.024424875055782946,0.7026155187406177,0.4384,False,,,0.0528,25,8,8,584,0.0528,0.7575757575757576,0.7575757575757576,0.013513513513513514,0.8720311220311221
7,mixed,0.008,randomized_straddle,100,0.011270322721394482,0.008526832657621258,0.9696,0.24242424242424243,0.017250934656574745,0.027704075845703228,0.0,0.027793196938254265,0.7074497171039225,0.5392,False,,,0.0528,25,8,11,581,0.0528,0.7575757575757576,0.6944444444444444,0.018581081081081082,0.8694973382473383
7,mixed,0.008,posterior_risk,100,0.011835962728150705,0.009116349340518089,0.9728,0.2727272727272727,0.018512407247594297,0.02863609020848353,0.0,0.02877520602501305,0.7162256671556345,0.6528,False,,,0.0528,24,9,8,584,0.0528,0.7272727272727273,0.75,0.013513513513513514,0.856879606879607
7,mixed,0.008,evidence_no_geometry,100,0.00808883157081491,0.006544494113279163,0.9712,0.21212121212121213,0.015580506925574554,0.023500109029421283,0.0016,0.02364435649863204,0.7248444944158704,0.4576,False,,,0.0528,26,7,11,581,0.0528,0.7878787878787878,0.7027027027027027,0.018581081081081082,0.8846488533988535
7,mixed,0.008,risk_geometry,100,0.010623672727486785,0.008378854226732844,0.976,0.30303030303030304,0.01787513115094632,0.02820325692381003,0.0,0.028450633398873982,0.7191819040787059,0.5776,False,,,0.0528,23,10,5,587,0.0528,0.696969696969697,0.8214285714285714,0.008445945945945946,0.8442618755118756
8,smooth,0.003,space_filling,100,0.0026269448027812694,0.0020673410171253167,0.9856,0.45454545454545453,0.012067019245537722,0.019107744552648912,0.0,0.019500397881509892,0.6067127868537555,0.296,False,,,0.0176,6,5,4,610,0.0176,0.5454545454545454,0.6,0.006514657980456026,0.7694699437370447
8,smooth,0.003,geometry_only,100,0.002481678491558516,0.001989254646130156,0.9936,0.09090909090909091,0.013204527230594244,0.021422408314350543,0.0,0.02176206344753609,0.629618682029254,0.3792,False,,,0.0176,10,1,3,611,0.0176,0.9090909090909091,0.7692307692307693,0.004885993485342019,0.9521024578027835
8,smooth,0.003,uncertainty_only,100,0.002484947264381661,0.0019931971520912653,0.9872,0.2727272727272727,0.012116700942643346,0.018662063480379697,0.0,0.01904500259497109,0.6135755922587585,0.2992,False,,,0.0176,8,3,5,609,0.0176,0.7272727272727273,0.6153846153846154,0.008143322475570033,0.8595647023985786
8,smooth,0.003,evidence_gated,100,0.002806526780706591,0.0022364654004607683,0.9936,0.18181818181818182,0.013553870692555807,0.022648533808060957,0.0,0.023242609445286385,0.728685198722158,0.4224,False,,,0.0176,9,2,2,612,0.0176,0.8181818181818182,0.8181818181818182,0.003257328990228013,0.9074622445957952
8,smooth,0.003,two_sided_straddle,100,0.0027024290172015827,0.0021692938389258933,0.9904,0.36363636363636365,0.014173282603447803,0.025448066513882928,0.0016,0.02580856921384311,0.6680349682969943,0.472,False,,,0.0176,7,4,2,612,0.0176,0.6363636363636364,0.7777777777777778,0.003257328990228013,0.8165531536867041
8,smooth,0.003,randomized_straddle,100,0.002838612944749688,0.002286694422561436,0.992,0.18181818181818182,0.015296921119127898,0.026750973580853262,0.0,0.027123920626038037,0.7152301873267808,0.5344,False,,,0.0176,9,2,3,611,0.0176,0.8181818181818182,0.75,0.004885993485342019,0.906647912348238
8,smooth,0.003,posterior_risk,100,0.0036529514334966355,0.0027223505775241146,0.9888,0.2727272727272727,0.01620049506338452,0.028477006802342508,0.0016,0.02887561092516849,0.7091348233245546,0.5856,False,,,0.0176,8,3,4,610,0.0176,0.7272727272727273,0.6666666666666666,0.006514657980456026,0.8603790346461356
8,smooth,0.003,evidence_no_geometry,100,0.0027756028542909755,0.0021834221678205096,0.992,0.36363636363636365,0.013825059228578592,0.022825128165348058,0.0,0.023027705504753426,0.6927511263316369,0.4128,False,,,0.0176,7,4,1,613,0.0176,0.6363636363636364,0.875,0.0016286644951140066,0.8173674859342612
8,smooth,0.003,risk_geometry,100,0.00314518997625841,0.002439023311730796,0.9888,0.2727272727272727,0.015869477601144915,0.028174688322441396,0.0,0.028256464455105417,0.7154314410383837,0.5632,False,,,0.0176,8,3,4,610,0.0176,0.7272727272727273,0.6666666666666666,0.006514657980456026,0.8603790346461356
8,smooth,0.008,space_filling,100,0.006200505286090376,0.0048533736410157164,0.9664,1.0,0.013821477879723687,0.019904067341228054,0.0,0.020225583217176955,0.6424523362429975,0.3072,False,,,0.0176,0,11,10,604,0.0176,0.0,0.0,0.016286644951140065,0.49185667752442996
8,smooth,0.008,geometry_only,100,0.005287838855761601,0.0039949525371292625,0.9712,0.45454545454545453,0.014881857873615803,0.022111933046843744,0.0016,0.02236612684122891,0.6298449166943754,0.4208,False,,,0.0176,6,5,13,601,0.0176,0.5454545454545454,0.3157894736842105,0.021172638436482084,0.7621409535090317
8,smooth,0.008,uncertainty_only,100,0.0057274623660988075,0.004438612828012048,0.9824,0.9090909090909091,0.013694631562883112,0.018080886429844612,0.0,0.018550086994139462,0.6665612264444241,0.3248,False,,,0.0176,1,10,1,613,0.0176,0.09090909090909091,0.5,0.0016286644951140066,0.5446402132069884
8,smooth,0.008,evidence_gated,100,0.006388203545955998,0.005128737643953532,0.976,0.5454545454545454,0.015307727652766124,0.02303298909618723,0.0,0.023471442131163447,0.7300866430970984,0.4272,False,,,0.0176,5,6,9,605,0.0176,0.45454545454545453,0.35714285714285715,0.014657980456026058,0.7199437370447143
8,smooth,0.008,two_sided_straddle,100,0.0065234101605856085,0.00510305729835696,0.968,0.5454545454545454,0.015470926569725724,0.024888063862088822,0.0,0.02501391249903008,0.714901221328992,0.424,False,,,0.0176,5,6,14,600,0.0176,0.45454545454545453,0.2631578947368421,0.02280130293159609,0.7158720758069292
8,smooth,0.008,randomized_straddle,100,0.006843063927319244,0.005543416384408084,0.9728,0.7272727272727273,0.01644734165262755,0.026026131101065185,0.0,0.026186347604342887,0.7695151538083497,0.4656,False,,,0.0176,3,8,9,605,0.0176,0.2727272727272727,0.25,0.014657980456026058,0.6290346461356233
8,smooth,0.008,posterior_risk,100,0.0065350759636616206,0.005183305058785011,0.9792,0.7272727272727273,0.017388720663799064,0.028430670404691587,0.008,0.028500337501567424,0.7289243245433356,0.5408,False,,,0.0176,3,8,5,609,0.0176,0.2727272727272727,0.375,0.008143322475570033,0.6322919751258513
8,smooth,0.008,evidence_no_geometry,100,0.007176874806631272,0.005633237963486367,0.9872,0.2727272727272727,0.014796162538441349,0.02240534991179251,0.0016,0.022751131878086476,0.7437685896371496,0.3936,False,,,0.0176,8,3,5,609,0.0176,0.7272727272727273,0.6153846153846154,0.008143322475570033,0.8595647023985786
8,smooth,0.008,risk_geometry,100,0.0071630202784319225,0.005677430310362875,0.9856,0.45454545454545453,0.017087650732815318,0.02808895777498104,0.0016,0.028262240919690804,0.7197678250229376,0.56,False,,,0.0176,6,5,4,610,0.0176,0.5454545454545454,0.6,0.006514657980456026,0.7694699437370447
8,waviness,0.003,space_filling,100,0.006797961266007249,0.005100333480477237,0.9552,0.41935483870967744,0.012067019245537722,0.019107744552648912,0.0016,0.019470806140852247,0.6259243163416683,0.3184,False,,,0.0992,36,26,2,561,0.0992,0.5806451612903226,0.9473684210526315,0.003552397868561279,0.7885463817108807
8,waviness,0.003,geometry_only,100,0.009056748350483413,0.006661338215642968,0.9408,0.5806451612903226,0.0134263997054086,0.02173319000543807,0.0032,0.022205323795783313,0.6577333159525892,0.3904,False,,,0.0992,26,36,1,562,0.0992,0.41935483870967744,0.9629629629629629,0.0017761989342806395,0.7087893198876984
8,waviness,0.003,uncertainty_only,100,0.006880301250943618,0.005155008523104666,0.9424,0.5806451612903226,0.012116700942643346,0.018662063480379697,0.0064,0.019044711702485985,0.6150944941353566,0.3024,False,,,0.0992,26,36,0,563,0.0992,0.41935483870967744,1.0,0.0,0.7096774193548387
8,waviness,0.003,evidence_gated,100,0.01031080806105247,0.007490320728543533,0.9664,0.3064516129032258,0.014097630758235176,0.02391775319130093,0.0208,0.02408801516276619,0.6690292990915463,0.4064,False,,,0.0992,43,19,2,561,0.0992,0.6935483870967742,0.9555555555555556,0.003552397868561279,0.8449979946141064
8,waviness,0.003,two_sided_straddle,100,0.010015863222975954,0.007340106879647098,0.968,0.3225806451612903,0.013578154461489756,0.02277618400244873,0.0048,0.0229992789819881,0.6456341519938193,0.3904,False,,,0.0992,42,20,0,563,0.0992,0.6774193548387096,1.0,0.0,0.8387096774193548
8,waviness,0.003,randomized_straddle,100,0.010271676011564592,0.007418156598076022,0.9536,0.41935483870967744,0.014578088163370358,0.025102967954709923,0.0048,0.02535800737750899,0.6777535333611999,0.4448,False,,,0.0992,36,26,3,560,0.0992,0.5806451612903226,0.9230769230769231,0.0053285968028419185,0.7876582822437403
8,waviness,0.003,posterior_risk,100,0.0128552655115047,0.009473882354045168,0.9472,0.532258064516129,0.01636652249079889,0.027666929528696753,0.0,0.028064389072111773,0.7258216707623971,0.5376,False,,,0.0992,29,33,0,563,0.0992,0.46774193548387094,1.0,0.0,0.7338709677419355
8,waviness,0.003,evidence_no_geometry,100,0.012045030996467624,0.008866734983151986,0.9552,0.43548387096774194,0.01456391871353875,0.024190922015423822,0.0064,0.024351046249493625,0.7162891944694628,0.4528,False,,,0.0992,35,27,1,562,0.0992,0.5645161290322581,0.9722222222222222,0.0017761989342806395,0.7813699650489887
8,waviness,0.003,risk_geometry,100,0.013302694434609356,0.009616550827541913,0.944,0.5645161290322581,0.015310373420143264,0.02600255305372162,0.0016,0.02625356692696176,0.7382393342782505,0.4656,False,,,0.0992,27,35,0,563,0.0992,0.43548387096774194,1.0,0.0,0.717741935483871
8,waviness,0.008,space_filling,100,0.009358748906040592,0.007119384412622331,0.9488,0.3870967741935484,0.013821477879723687,0.019904067341228054,0.0016,0.02022449224587679,0.5914659665039161,0.3424,False,,,0.0992,38,24,8,555,0.0992,0.6129032258064516,0.8260869565217391,0.014209591474245116,0.7993468171661032
8,waviness,0.008,geometry_only,100,0.011184958228422534,0.00842147413549805,0.9408,0.4838709677419355,0.01509915756139186,0.022439032264974526,0.0016,0.02277154125688562,0.6037471532420934,0.4544,False,,,0.0992,32,30,7,556,0.0992,0.5161290322580645,0.8205128205128205,0.012433392539964476,0.75184781985905
8,waviness,0.008,uncertainty_only,100,0.008449172879787978,0.0069616465667880194,0.9376,0.5161290322580645,0.013694631562883112,0.018080886429844612,0.0112,0.018530388717004204,0.6123342388468549,0.3472,False,,,0.0992,30,32,7,556,0.0992,0.4838709677419355,0.8108108108108109,0.012433392539964476,0.7357187876009855
8,waviness,0.008,evidence_gated,100,0.012044456663067523,0.0095997822783154,0.9264,0.532258064516129,0.015665929399890036,0.023741323366548352,0.0016,0.023786663674941887,0.6788237453000695,0.4848,False,,,0.0992,29,33,13,550,0.0992,0.46774193548387094,0.6904761904761905,0.023090586145648313,0.7223256746691114
8,waviness,0.008,two_sided_straddle,100,0.010400601983432832,0.007774673298998082,0.9568,0.3387096774193548,0.015287621759049222,0.023274090524504538,0.0048,0.023757668245226467,0.6075251423000945,0.48,False,,,0.0992,41,21,6,557,0.0992,0.6612903225806451,0.8723404255319149,0.010657193605683837,0.8253165644874807
8,waviness,0.008,randomized_straddle,100,0.013414630811201879,0.010278864867243678,0.9184,0.6290322580645161,0.016388286713546647,0.025332033820690537,0.0016,0.025435780370429737,0.6725646668010332,0.5248,False,,,0.0992,23,39,12,551,0.0992,0.3709677419354839,0.6571428571428571,0.021314387211367674,0.6748266773620581
8,waviness,0.008,posterior_risk,100,0.014727620698344183,0.011048912285775205,0.928,0.6129032258064516,0.018539234350270092,0.03212047180607068,0.0032,0.03246977727632911,0.6566325236146507,0.5952,False,,,0.0992,24,38,7,556,0.0992,0.3870967741935484,0.7741935483870968,0.012433392539964476,0.6873316908267919
8,waviness,0.008,evidence_no_geometry,100,0.013406342028505843,0.01021784779293546,0.9344,0.5161290322580645,0.015910731258678486,0.023195076832759582,0.024,0.023240169094064764,0.6408668761921529,0.5216,False,,,0.0992,30,32,9,554,0.0992,0.4838709677419355,0.7692307692307693,0.015985790408525755,0.7339425886667048
8,waviness,0.008,risk_geometry,100,0.013785697445473144,0.010685678573585895,0.9264,0.6290322580645161,0.017480790198338012,0.028403988119631515,0.0032,0.028561394684078246,0.6873451118924719,0.5824,False,,,0.0992,23,39,7,556,0.0992,0.3709677419354839,0.7666666666666667,0.012433392539964476,0.6792671746977597
8,local_defect,0.003,space_filling,100,0.0033491748835945646,0.0024501502359944977,0.9824,0.09375,0.012067019245537722,0.019107744552648912,0.0,0.01954002760948398,0.6075314219158733,0.2576,False,,,0.0512,29,3,8,585,0.0512,0.90625,0.7837837837837838,0.013490725126475547,0.9463796374367622
8,local_defect,0.003,geometry_only,100,0.0034446988934283434,0.0024629090484392093,0.9808,0.09375,0.01369738462578745,0.022904670127019224,0.008,0.023828375752661383,0.5693369383938225,0.3168,False,,,0.0512,29,3,9,584,0.0512,0.90625,0.7631578947368421,0.01517706576728499,0.9455364671163575
8,local_defect,0.003,uncertainty_only,100,0.002868844434601697,0.002171341639010982,0.9808,0.125,0.012116700942643346,0.018662063480379697,0.0,0.01909530331481459,0.5760715185062149,0.248,False,,,0.0512,28,4,8,585,0.0512,0.875,0.7777777777777778,0.013490725126475547,0.9307546374367622
8,local_defect,0.003,evidence_gated,100,0.0030519333638918413,0.002497036849952053,0.9936,0.0625,0.014181426936765112,0.02368652354998609,0.0,0.024300399730290728,0.6777940174963241,0.3616,False,,,0.0512,30,2,2,591,0.0512,0.9375,0.9375,0.003372681281618887,0.9670636593591906
8,local_defect,0.003,two_sided_straddle,100,0.0029353687711064606,0.0021624792297859664,0.9856,0.125,0.013448026960811502,0.02277177760893231,0.0,0.023063359932762432,0.673342994079813,0.3504,False,,,0.0512,28,4,5,588,0.0512,0.875,0.8484848484848485,0.008431703204047217,0.9332841483979764
8,local_defect,0.003,randomized_straddle,100,0.0036009036451070337,0.0027427341767305826,0.9872,0.0625,0.015428615329164378,0.02663828487411154,0.0,0.027479556955587587,0.7012792507680802,0.4912,False,,,0.0512,30,2,6,587,0.0512,0.9375,0.8333333333333334,0.01011804384485666,0.9636909780775716
8,local_defect,0.003,posterior_risk,100,0.003096808327727616,0.002497777137129112,0.992,0.0625,0.01591228338208031,0.02647972953535217,0.0,0.026816724784315942,0.7260251128919138,0.4912,False,,,0.0512,30,2,3,590,0.0512,0.9375,0.9090909090909091,0.00505902192242833,0.9662204890387858
8,local_defect,0.003,evidence_no_geometry,100,0.003171463970533035,0.002457917595922099,0.992,0.0625,0.013238945049256807,0.020867776160216366,0.0016,0.021027552900594597,0.7003551708541395,0.296,False,,,0.0512,30,2,3,590,0.0512,0.9375,0.9090909090909091,0.00505902192242833,0.9662204890387858
8,local_defect,0.003,risk_geometry,100,0.0036430957284136166,0.002938329549748784,0.9904,0.0625,0.015494651767669254,0.02664931302243999,0.0016,0.027337043133149268,0.7364851453058685,0.44,False,,,0.0512,30,2,4,589,0.0512,0.9375,0.8823529411764706,0.006745362563237774,0.9653773187183812
8,local_defect,0.008,space_filling,100,0.006545429950627257,0.005105209862002543,0.9696,0.3125,0.013821477879723687,0.019904067341228054,0.0016,0.02022640144565208,0.6085193815108598,0.3616,False,,,0.0512,22,10,9,584,0.0512,0.6875,0.7096774193548387,0.01517706576728499,0.8361614671163575
8,local_defect,0.008,geometry_only,100,0.00736113395873971,0.005642031109486585,0.9632,0.4375,0.01534223308393744,0.023619953094492673,0.0032,0.023897637292795672,0.5442394037996481,0.432,False,,,0.0512,18,14,9,584,0.0512,0.5625,0.6666666666666666,0.01517706576728499,0.7736614671163575
8,local_defect,0.008,uncertainty_only,100,0.00629346010548142,0.004929515156547843,0.9696,0.25,0.013694631562883112,0.018080886429844612,0.0016,0.01857463479677468,0.5953074465574982,0.3024,False,,,0.0512,24,8,11,582,0.0512,0.75,0.6857142857142857,0.01854974704890388,0.8657251264755481
8,local_defect,0.008,evidence_gated,100,0.006527585688720515,0.005234568262213594,0.9712,0.15625,0.014960665426241483,0.021779531208462852,0.0016,0.022321716095412007,0.6972257709800018,0.384,False,,,0.0512,27,5,13,580,0.0512,0.84375,0.675,0.021922428330522766,0.9109137858347387
8,local_defect,0.008,two_sided_straddle,100,0.0067256256222567945,0.005196383722264054,0.9712,0.3125,0.015124475210094175,0.023590248438528083,0.0144,0.023773253872835597,0.6384254971122647,0.4144,False,,,0.0512,22,10,8,585,0.0512,0.6875,0.7333333333333333,0.013490725126475547,0.8370046374367622
8,local_defect,0.008,randomized_straddle,100,0.006828158428925642,0.005587822928759989,0.976,0.3125,0.016833319625658892,0.028073352999971445,0.0016,0.0281914376432632,0.7029820843562306,0.5184,False,,,0.0512,22,10,5,588,0.0512,0.6875,0.8148148148148148,0.008431703204047217,0.8395341483979764
8,local_defect,0.008,posterior_risk,100,0.006269605899345197,0.005103885130178618,0.976,0.21875,0.017623362137901576,0.028507206164311315,0.0,0.028594397332354457,0.7214575329642877,0.5568,False,,,0.0512,25,7,8,585,0.0512,0.78125,0.7575757575757576,0.013490725126475547,0.8838796374367622
8,local_defect,0.008,evidence_no_geometry,100,0.0062246483540462205,0.004877867508104572,0.9744,0.09375,0.01506375677030461,0.0224074589849603,0.0,0.02253250496437878,0.6768092098516917,0.3776,False,,,0.0512,29,3,13,580,0.0512,0.90625,0.6904761904761905,0.021922428330522766,0.9421637858347387
8,local_defect,0.008,risk_geometry,100,0.006339230306560029,0.00496485552902146,0.9632,0.40625,0.017350672599107598,0.027616172645542555,0.0016,0.028008756483230663,0.6919841116930692,0.5456,False,,,0.0512,19,13,10,583,0.0512,0.59375,0.6551724137931034,0.016863406408094434,0.7884432967959527
8,mixed,0.003,space_filling,100,0.004630397958544047,0.0031646558664512655,0.96,0.5,0.012067019245537722,0.019107744552648912,0.0,0.01947991129182383,0.6415422823352268,0.2992,False,,,0.0544,17,17,8,583,0.0544,0.5,0.68,0.01353637901861252,0.7432318104906938
8,mixed,0.003,geometry_only,100,0.005744951370042903,0.004166387332040697,0.9584,0.7058823529411765,0.013437152507035564,0.02272644989544583,0.0,0.024174392350654744,0.659589595410267,0.376,False,,,0.0544,10,24,2,589,0.0544,0.29411764705882354,0.8333333333333334,0.00338409475465313,0.6453667761520852
8,mixed,0.003,uncertainty_only,100,0.0038674369441559597,0.0026977111751880626,0.968,0.5,0.012116700942643346,0.018662063480379697,0.0,0.01904497615019972,0.6306530444547918,0.3072,False,,,0.0544,17,17,3,588,0.0544,0.5,0.85,0.005076142131979695,0.7474619289340101
8,mixed,0.003,evidence_gated,100,0.0042747846205555,0.003209539231774235,0.9728,0.38235294117647056,0.013551992303470541,0.0215091484784693,0.0,0.021611108477733728,0.7259498861061765,0.3776,False,,,0.0544,21,13,4,587,0.0544,0.6176470588235294,0.84,0.00676818950930626,0.8054394346571117
8,mixed,0.003,two_sided_straddle,100,0.005835078129621698,0.00406310075126924,0.9712,0.4411764705882353,0.013812026349578843,0.023607069944826576,0.0,0.02376086036086165,0.6912332575634214,0.3616,False,,,0.0544,19,15,3,588,0.0544,0.5588235294117647,0.8636363636363636,0.005076142131979695,0.7768736936398926
8,mixed,0.003,randomized_straddle,100,0.008203937206164682,0.0059224926115996395,0.9728,0.38235294117647056,0.015884114366537062,0.02765211180137425,0.0,0.028039099796229396,0.7309646821406821,0.4672,False,,,0.0544,21,13,4,587,0.0544,0.6176470588235294,0.84,0.00676818950930626,0.8054394346571117
8,mixed,0.003,posterior_risk,100,0.007963017383548425,0.005876965706376464,0.9792,0.29411764705882354,0.016569511007316795,0.028954539063378224,0.0,0.029216109364940148,0.7462344351549675,0.5296,False,,,0.0544,24,10,3,588,0.0544,0.7058823529411765,0.8888888888888888,0.005076142131979695,0.8504031054045984
8,mixed,0.003,evidence_no_geometry,100,0.005414534885793567,0.003975594558202118,0.9792,0.20588235294117646,0.014647734696573307,0.025408770162396087,0.008,0.02572149554391013,0.7212174196178325,0.4432,False,,,0.0544,27,7,6,585,0.0544,0.7941176470588235,0.8181818181818182,0.01015228426395939,0.8919826813974321
8,mixed,0.003,risk_geometry,100,0.007854779395082003,0.005693978417882839,0.976,0.35294117647058826,0.016339563357087115,0.02787634016799906,0.0,0.02823522859664331,0.7530512175525516,0.4928,False,,,0.0544,22,12,3,588,0.0544,0.6470588235294118,0.88,0.005076142131979695,0.820991340698716
8,mixed,0.008,space_filling,100,0.008369090586482946,0.0059751222006861025,0.952,0.4117647058823529,0.013821477879723687,0.019904067341228054,0.0,0.020139656616360902,0.5966433026618266,0.3968,False,,,0.0544,20,14,16,575,0.0544,0.5882352941176471,0.5555555555555556,0.02707275803722504,0.780581268040211
8,mixed,0.008,geometry_only,100,0.008240812184029302,0.006391444800228929,0.9536,0.6470588235294118,0.015104688263687962,0.02346692189947599,0.0032,0.024684586604339278,0.6743594528855066,0.4144,False,,,0.0544,12,22,7,584,0.0544,0.35294117647058826,0.631578947368421,0.011844331641285956,0.6705484224146512
8,mixed,0.008,uncertainty_only,100,0.007754556078621841,0.006016718213226604,0.9648,0.35294117647058826,0.013694631562883112,0.018080886429844612,0.0048,0.018472012184813515,0.6021691945527949,0.3856,False,,,0.0544,22,12,10,581,0.0544,0.6470588235294118,0.6875,0.01692047377326565,0.8150691748780731
8,mixed,0.008,evidence_gated,100,0.00791091247999862,0.006356577263468406,0.9616,0.4411764705882353,0.015356728682905054,0.023266299561759123,0.0048,0.02345579841333849,0.6797732166657102,0.4656,False,,,0.0544,19,15,9,582,0.0544,0.5588235294117647,0.6785714285714286,0.015228426395939087,0.7717975515079127
8,mixed,0.008,two_sided_straddle,100,0.009215367151447662,0.007209228352794921,0.9552,0.35294117647058826,0.015686460232511797,0.025804883476241405,0.0016,0.026083996794862747,0.7062377589478288,0.5328,False,,,0.0544,22,12,16,575,0.0544,0.6470588235294118,0.5789473684210527,0.02707275803722504,0.8099930327460934
8,mixed,0.008,randomized_straddle,100,0.011244003375660857,0.008604499708230259,0.9648,0.35294117647058826,0.017858899393635233,0.028832680145853808,0.0,0.02895575618730914,0.7146981183240749,0.592,False,,,0.0544,22,12,10,581,0.0544,0.6470588235294118,0.6875,0.01692047377326565,0.8150691748780731
8,mixed,0.008,posterior_risk,100,0.010301050326617866,0.008004983706412958,0.9696,0.4117647058823529,0.018169649070871388,0.029192335604206122,0.0064,0.029369961244312435,0.7001519246100035,0.6112,False,,,0.0544,20,14,5,586,0.0544,0.5882352941176471,0.8,0.008460236886632826,0.7898875286155072
8,mixed,0.008,evidence_no_geometry,100,0.008128756889830701,0.006451237557291695,0.9696,0.29411764705882354,0.015422760145214142,0.02281675630284446,0.0048,0.022898687075916108,0.6979236202519323,0.5152,False,,,0.0544,24,10,9,582,0.0544,0.7058823529411765,0.7272727272727273,0.015228426395939087,0.8453269632726187
8,mixed,0.008,risk_geometry,100,0.010433587754685909,0.008207354751046359,0.9728,0.3235294117647059,0.01725302650013011,0.028663484388357592,0.0032,0.028792342555873884,0.7186189056148146,0.5488,False,,,0.0544,23,11,6,585,0.0544,0.6764705882352942,0.7931034482758621,0.01015228426395939,0.8331591519856674
9,smooth,0.003,space_filling,100,0.002604608452192686,0.002054497313514838,0.9872,0.06896551724137931,0.011924267836857266,0.01833570847259324,0.0,0.018880924323353903,0.5983789691105343,0.312,False,,,0.0464,27,2,6,590,0.0464,0.9310344827586207,0.8181818181818182,0.010067114093959731,0.9604836843323304
9,smooth,0.003,geometry_only,100,0.002835738517985146,0.0021760508278950864,0.9664,0.3103448275862069,0.01372593651562598,0.024350820189435112,0.0032,0.024711802248077216,0.5565832653822089,0.4128,False,,,0.0464,20,9,12,584,0.0464,0.6896551724137931,0.625,0.020134228187919462,0.8347604721129369
9,smooth,0.003,uncertainty_only,100,0.0025489662002085617,0.002019386334299324,0.9744,0.1724137931034483,0.01219119156653027,0.019248921328606027,0.0064,0.019538367723757923,0.5812220183362087,0.3456,False,,,0.0464,24,5,11,585,0.0464,0.8275862068965517,0.6857142857142857,0.018456375838926176,0.9045649155288128
9,smooth,0.003,evidence_gated,100,0.002586036862646427,0.002016857250020296,0.9792,0.20689655172413793,0.013559936123120116,0.022170284279059507,0.0,0.02235314033288982,0.667309355268897,0.4592,False,,,0.0464,23,6,7,589,0.0464,0.7931034482758621,0.7666666666666667,0.01174496644295302,0.8906792409164546
9,smooth,0.003,two_sided_straddle,100,0.002895029092720614,0.0022950424868818453,0.9808,0.06896551724137931,0.013279264109386015,0.023593195146388433,0.0,0.024038576600813315,0.6429493703031509,0.3952,False,,,0.0464,27,2,10,586,0.0464,0.9310344827586207,0.7297297297297297,0.016778523489932886,0.9571279796343439
9,smooth,0.003,randomized_straddle,100,0.003348666882707675,0.0025943681854706854,0.9872,0.1724137931034483,0.014722554673226996,0.025551331470765482,0.0,0.025752165361719072,0.6800817172376393,0.528,False,,,0.0464,24,5,3,593,0.0464,0.8275862068965517,0.8888888888888888,0.0050335570469798654,0.9112763249247859
9,smooth,0.003,posterior_risk,100,0.004736906998714438,0.0035631356825417022,0.9872,0.06896551724137931,0.016785767664428953,0.030740742164666105,0.0,0.03080374103991504,0.7109156561692823,0.6032,False,,,0.0464,27,2,6,590,0.0464,0.9310344827586207,0.8181818181818182,0.010067114093959731,0.9604836843323304
9,smooth,0.003,evidence_no_geometry,100,0.003051023375768665,0.002403038181040622,0.9824,0.13793103448275862,0.013902624067267277,0.02458721902391813,0.0048,0.02481189318409693,0.6752928936111752,0.4576,False,,,0.0464,25,4,7,589,0.0464,0.8620689655172413,0.78125,0.01174496644295302,0.9251619995371442
9,smooth,0.003,risk_geometry,100,0.004012370967357523,0.003218891479140936,0.9824,0.13793103448275862,0.016037936608765558,0.02780456931057047,0.0,0.02826011196376637,0.6995545224006156,0.5712,False,,,0.0464,25,4,7,589,0.0464,0.8620689655172413,0.78125,0.01174496644295302,0.9251619995371442
9,smooth,0.008,space_filling,100,0.006051462775005374,0.004862427784029629,0.936,0.7241379310344828,0.013690512039632083,0.019224982705553867,0.0048,0.019464538120150757,0.5722662130985449,0.4128,False,,,0.0464,8,21,19,577,0.0464,0.27586206896551724,0.2962962962962963,0.031879194630872486,0.6219914371673223
9,smooth,0.008,geometry_only,100,0.006193816571289421,0.004861995930863287,0.9488,0.2413793103448276,0.015393259016248578,0.02510164314660058,0.0016,0.025234475356507705,0.5734498719349681,0.4784,False,,,0.0464,22,7,25,571,0.0464,0.7586206896551724,0.46808510638297873,0.04194630872483222,0.8583371904651701
9,smooth,0.008,uncertainty_only,100,0.00673151468077592,0.0053250664118170005,0.9408,0.6551724137931034,0.013825430454337146,0.019061275961287077,0.0,0.01931365677546804,0.5769234453653643,0.3968,False,,,0.0464,10,19,18,578,0.0464,0.3448275862068966,0.35714285714285715,0.030201342281879196,0.6573131219625087
9,smooth,0.008,evidence_gated,100,0.006321268463265989,0.0048815312732021785,0.9408,0.3793103448275862,0.015366088483791264,0.023985373909417823,0.0,0.024092995242039988,0.6486648443333362,0.5216,False,,,0.0464,18,11,26,570,0.0464,0.6206896551724138,0.4090909090909091,0.0436241610738255,0.7885327470492942
9,smooth,0.008,two_sided_straddle,100,0.006435400566339981,0.004891285698002288,0.9552,0.27586206896551724,0.015257497225956058,0.02431270305751397,0.0016,0.024434192783428704,0.6256688699845484,0.5136,False,,,0.0464,21,8,20,576,0.0464,0.7241379310344828,0.5121951219512195,0.03355704697986577,0.8452904420273085
9,smooth,0.008,randomized_straddle,100,0.007908605069248042,0.006500047448096123,0.952,0.27586206896551724,0.016970669230884573,0.027154548968467578,0.0064,0.027177923537561575,0.6408509372294475,0.5968,False,,,0.0464,21,8,22,574,0.0464,0.7241379310344828,0.4883720930232558,0.03691275167785235,0.8436125896783152
9,smooth,0.008,posterior_risk,100,0.006529647553300047,0.005292834577199822,0.9632,0.3448275862068966,0.01850781770391406,0.03169163644629778,0.0016,0.03172668891069698,0.6775606681338873,0.664,False,,,0.0464,19,10,13,583,0.0464,0.6551724137931034,0.59375,0.02181208053691275,0.8166801666280954
9,smooth,0.008,evidence_no_geometry,100,0.007328967717040415,0.005699279711235722,0.9728,0.13793103448275862,0.015790153483422942,0.025215584948257354,0.0,0.025268848653097618,0.6292715182475733,0.6192,False,,,0.0464,25,4,13,583,0.0464,0.8620689655172413,0.6578947368421053,0.02181208053691275,0.9201284424901643
9,smooth,0.008,risk_geometry,100,0.007889712851288458,0.00615830684599861,0.9712,0.20689655172413793,0.01834347220212035,0.02963367117897533,0.0,0.029759970439943398,0.662664870723589,0.6816,False,,,0.0464,23,6,12,584,0.0464,0.7931034482758621,0.6571428571428571,0.020134228187919462,0.8864846100439714
9,waviness,0.003,space_filling,100,0.006806480445125227,0.00523190005773799,0.9536,0.47368421052631576,0.011924267836857266,0.01833570847259324,0.0064,0.018864317109567225,0.5759563865637195,0.2848,False,,,0.0912,30,27,2,566,0.0912,0.5263157894736842,0.9375,0.0035211267605633804,0.7613973313565604
9,waviness,0.003,geometry_only,100,0.011332993276289829,0.007866129144713662,0.9312,0.7192982456140351,0.013782142480002887,0.023945873557919384,0.0112,0.024449787876863055,0.6762357000527263,0.3808,False,,,0.0912,16,41,2,566,0.0912,0.2807017543859649,0.8888888888888888,0.0035211267605633804,0.6385903138127007
9,waviness,0.003,uncertainty_only,100,0.007653421749030485,0.005448990468785348,0.9568,0.43859649122807015,0.01219119156653027,0.019248921328606027,0.0,0.01951117943197774,0.6049630413400044,0.272,False,,,0.0912,32,25,2,566,0.0912,0.5614035087719298,0.9411764705882353,0.0035211267605633804,0.7789411910056832
9,waviness,0.003,evidence_gated,100,0.012742267813598981,0.00899530154573759,0.9488,0.5087719298245614,0.013652694331588413,0.0219221990555412,0.0064,0.02215173745785049,0.698289993704909,0.3152,False,,,0.0912,28,29,3,565,0.0912,0.49122807017543857,0.9032258064516129,0.00528169014084507,0.7429731900172967
9,waviness,0.003,two_sided_straddle,100,0.009769474981350643,0.007169273846409879,0.9584,0.38596491228070173,0.013696708711801344,0.022128183625698336,0.0128,0.022635603024514096,0.6864843641682765,0.3312,False,,,0.0912,35,22,4,564,0.0912,0.6140350877192983,0.8974358974358975,0.007042253521126761,0.8034964170990857
9,waviness,0.003,randomized_straddle,100,0.012223586895991501,0.008702555383601504,0.9536,0.43859649122807015,0.014750481109244953,0.024944210152827696,0.008,0.025209517716459955,0.7310469538824983,0.3776,False,,,0.0912,32,25,4,564,0.0912,0.5614035087719298,0.8888888888888888,0.007042253521126761,0.7771806276254015
9,waviness,0.003,posterior_risk,100,0.01457561948232137,0.010511865649601469,0.9456,0.543859649122807,0.016849459664580346,0.02973636730280793,0.0,0.03014993265838916,0.7300130430184881,0.4368,False,,,0.0912,26,31,3,565,0.0912,0.45614035087719296,0.896551724137931,0.00528169014084507,0.7254293303681739
9,waviness,0.003,evidence_no_geometry,100,0.012270469121672643,0.008765230741152309,0.9408,0.5964912280701754,0.014206178697451801,0.02398695002684266,0.0064,0.02429726726237314,0.72534574025858,0.3696,False,,,0.0912,23,34,3,565,0.0912,0.40350877192982454,0.8846153846153846,0.00528169014084507,0.6991135408944897
9,waviness,0.003,risk_geometry,100,0.014784093074346407,0.010624375512838792,0.9472,0.5263157894736842,0.01578047722050037,0.027152799935347003,0.0064,0.02748486810557284,0.7510420015144736,0.4096,False,,,0.0912,27,30,3,565,0.0912,0.47368421052631576,0.9,0.00528169014084507,0.7342012601927353
9,waviness,0.008,space_filling,100,0.009085318709654821,0.007066904970021029,0.9424,0.38596491228070173,0.013690512039632083,0.019224982705553867,0.0016,0.019421701336299436,0.5882210784833974,0.3504,False,,,0.0912,35,22,14,554,0.0912,0.6140350877192983,0.7142857142857143,0.02464788732394366,0.7946936001976773
9,waviness,0.008,geometry_only,100,0.014130166497878583,0.010436268024161782,0.9168,0.7543859649122807,0.015440579198254449,0.0245947997217169,0.0096,0.02497115251481913,0.5960370055317888,0.4384,False,,,0.0912,14,43,9,559,0.0912,0.24561403508771928,0.6086956521739131,0.01584507042253521,0.6148844823325921
9,waviness,0.008,uncertainty_only,100,0.009406329556188612,0.007463305294877179,0.9344,0.45614035087719296,0.013825430454337146,0.019061275961287077,0.0032,0.019330075752813237,0.6063283094365538,0.3456,False,,,0.0912,31,26,15,553,0.0912,0.543859649122807,0.6739130434782609,0.02640845070422535,0.7587255992092908
9,waviness,0.008,evidence_gated,100,0.012681430611810237,0.009430219756757533,0.944,0.47368421052631576,0.015375844698734155,0.022988459113501634,0.0016,0.023041437722126044,0.6801967737022708,0.424,False,,,0.0912,30,27,8,560,0.0912,0.5263157894736842,0.7894736842105263,0.014084507042253521,0.7561156412157153
9,waviness,0.008,two_sided_straddle,100,0.012048187203692239,0.009179102849877784,0.9376,0.5263157894736842,0.015542279249846871,0.02383219011908918,0.008,0.02418725003111536,0.7019720976267607,0.4592,False,,,0.0912,27,30,9,559,0.0912,0.47368421052631576,0.75,0.01584507042253521,0.7289195700518902
9,waviness,0.008,randomized_straddle,100,0.015894580249509203,0.012017900655205398,0.9296,0.6666666666666666,0.017897283474808633,0.03079029228536231,0.0,0.030989641143057106,0.7113701248066654,0.5168,False,,,0.0912,19,38,6,562,0.0912,0.3333333333333333,0.76,0.01056338028169014,0.6613849765258216
9,waviness,0.008,posterior_risk,100,0.01700305144936336,0.012648685222858232,0.944,0.5263157894736842,0.01779269372829585,0.030070640421395765,0.0,0.030167042693900265,0.6999081464345024,0.5152,False,,,0.0912,27,30,5,563,0.0912,0.47368421052631576,0.84375,0.008802816901408451,0.7324406968124536
9,waviness,0.008,evidence_no_geometry,100,0.015037518596506554,0.011235093025018898,0.9392,0.543859649122807,0.016227701044350222,0.025951564837295944,0.0048,0.026102324433580744,0.7319248197494451,0.4336,False,,,0.0912,26,31,7,561,0.0912,0.45614035087719296,0.7878787878787878,0.01232394366197183,0.7219082036076105
9,waviness,0.008,risk_geometry,100,0.015468298807374733,0.01148838573433087,0.9248,0.7368421052631579,0.016831970994500844,0.02635639343592055,0.0016,0.026473255523147315,0.7684261194285051,0.3936,False,,,0.0912,15,42,5,563,0.0912,0.2631578947368421,0.75,0.008802816901408451,0.6271775389177168
9,local_defect,0.003,space_filling,100,0.0048238981144128916,0.002736840685419096,0.9808,0.42857142857142855,0.011924267836857266,0.01833570847259324,0.0,0.018923237136861525,0.6281372807690444,0.24,False,,,0.0336,12,9,3,601,0.0336,0.5714285714285714,0.8,0.004966887417218543,0.7832308420056764
9,local_defect,0.003,geometry_only,100,0.00557785388794361,0.0030412373665769862,0.9728,0.6190476190476191,0.013465563678502821,0.022489745715553216,0.0112,0.02328020750337184,0.6225853967452785,0.3392,False,,,0.0336,8,13,4,600,0.0336,0.38095238095238093,0.6666666666666666,0.006622516556291391,0.6871649321980448
9,local_defect,0.003,uncertainty_only,100,0.004366791732081686,0.0027139655778808014,0.9792,0.23809523809523808,0.01219119156653027,0.019248921328606027,0.0,0.019629783102956325,0.6562349631118336,0.2496,False,,,0.0336,16,5,8,596,0.0336,0.7619047619047619,0.6666666666666666,0.013245033112582781,0.8743298643960895
9,local_defect,0.003,evidence_gated,100,0.0031856767101054767,0.0024507580199468935,0.9872,0.14285714285714285,0.013288237332540191,0.02139717052197044,0.0016,0.021800027696758317,0.7318149801597104,0.3088,False,,,0.0336,18,3,5,599,0.0336,0.8571428571428571,0.782608695652174,0.008278145695364239,0.9244323557237464
9,local_defect,0.003,two_sided_straddle,100,0.003238426332376981,0.0022995618125514227,0.9888,0.23809523809523808,0.01365237601090407,0.025278694925575114,0.0032,0.02558825360250492,0.7364239025309619,0.3712,False,,,0.0336,16,5,2,602,0.0336,0.7619047619047619,0.8888888888888888,0.0033112582781456954,0.8792967518133081
9,local_defect,0.003,randomized_straddle,100,0.006919025791377602,0.00316937659292787,0.9744,0.5714285714285714,0.014689113013168338,0.025312712493921394,0.0,0.025543960939833844,0.7822862198450806,0.4064,False,,,0.0336,9,12,4,600,0.0336,0.42857142857142855,0.6923076923076923,0.006622516556291391,0.7109744560075686
9,local_defect,0.003,posterior_risk,100,0.004778714845421824,0.0031254955975307955,0.984,0.09523809523809523,0.015827121474556633,0.027654657797480563,0.0048,0.027868722428366813,0.7379028973519219,0.4752,False,,,0.0336,19,2,8,596,0.0336,0.9047619047619048,0.7037037037037037,0.013245033112582781,0.945758435824661
9,local_defect,0.003,evidence_no_geometry,100,0.006521667216982238,0.0029979116846868097,0.9696,0.5714285714285714,0.013949494346053621,0.02305187686025343,0.0032,0.023321565988355827,0.7803565481281399,0.3632,False,,,0.0336,9,12,7,597,0.0336,0.42857142857142855,0.5625,0.011589403973509934,0.7084910122989593
9,local_defect,0.003,risk_geometry,100,0.0039566914364514896,0.0025880570416786505,0.9856,0.19047619047619047,0.015249173886104682,0.02488372133491119,0.0144,0.02497962534200463,0.766244193726083,0.4256,False,,,0.0336,17,4,5,599,0.0336,0.8095238095238095,0.7727272727272727,0.008278145695364239,0.9006228319142227
9,local_defect,0.008,space_filling,100,0.0075895145775533215,0.005294202548363147,0.96,0.5714285714285714,0.013690512039632083,0.019224982705553867,0.0128,0.01951409840950028,0.6066883805204895,0.352,False,,,0.0336,9,12,13,591,0.0336,0.42857142857142855,0.4090909090909091,0.02152317880794702,0.7035241248817408
9,local_defect,0.008,geometry_only,100,0.008549024109297552,0.006029390587705749,0.9408,0.6666666666666666,0.015132265169101175,0.02318740030025559,0.0064,0.023445461396851636,0.5512314568613594,0.4624,False,,,0.0336,7,14,23,581,0.0336,0.3333333333333333,0.23333333333333334,0.0380794701986755,0.6476269315673289
9,local_defect,0.008,uncertainty_only,100,0.007665300470326617,0.005472370359525705,0.9536,0.47619047619047616,0.013825430454337146,0.019061275961287077,0.0032,0.019338959466526414,0.5805553987917372,0.3728,False,,,0.0336,11,10,19,585,0.0336,0.5238095238095238,0.36666666666666664,0.03145695364238411,0.7461762850835698
9,local_defect,0.008,evidence_gated,100,0.008593337259959598,0.006331118551178159,0.9616,0.6190476190476191,0.014678621877057532,0.021450658632453014,0.0096,0.021622247510926354,0.6392797080175706,0.376,False,,,0.0336,8,13,11,593,0.0336,0.38095238095238093,0.42105263157894735,0.018211920529801324,0.6813702302112898
9,local_defect,0.008,two_sided_straddle,100,0.006788234795302126,0.005244453980080347,0.9616,0.09523809523809523,0.01536964982948208,0.025565364500576667,0.0064,0.025841374143006076,0.632404761869534,0.4784,False,,,0.0336,19,2,22,582,0.0336,0.9047619047619048,0.4634146341463415,0.03642384105960265,0.9341690318511511
9,local_defect,0.008,randomized_straddle,100,0.008259700168755008,0.0059460969371054094,0.9664,0.6190476190476191,0.01578976878082953,0.025255409861666227,0.0,0.025392642516036526,0.6350469921953678,0.5488,False,,,0.0336,8,13,8,596,0.0336,0.38095238095238093,0.5,0.013245033112582781,0.683853673919899
9,local_defect,0.008,posterior_risk,100,0.008207572548667346,0.00643684381356519,0.968,0.2857142857142857,0.01872377655589553,0.029212176912901885,0.0048,0.029297914971016525,0.6987016172146205,0.6752,False,,,0.0336,15,6,14,590,0.0336,0.7142857142857143,0.5172413793103449,0.023178807947019868,0.8455534531693472
9,local_defect,0.008,evidence_no_geometry,100,0.007458197753389243,0.005830969209132459,0.9584,0.2857142857142857,0.014853679166219096,0.021600644732534778,0.0288,0.021725455093336808,0.6565460118523734,0.4384,False,,,0.0336,15,6,20,584,0.0336,0.7142857142857143,0.42857142857142855,0.033112582781456956,0.8405865657521288
9,local_defect,0.008,risk_geometry,100,0.010674399701425752,0.006880748229821504,0.9552,0.5714285714285714,0.018463640317306917,0.0288610983542303,0.0032,0.02899339874743435,0.6978880110554764,0.664,False,,,0.0336,9,12,16,588,0.0336,0.42857142857142855,0.36,0.026490066225165563,0.7010406811731315
9,mixed,0.003,space_filling,100,0.004574638234689471,0.0029258425200028096,0.9856,0.8888888888888888,0.011924267836857266,0.01833570847259324,0.0,0.018931469159360226,0.7190922386956748,0.224,False,,,0.0144,1,8,1,615,0.0144,0.1111111111111111,0.5,0.0016233766233766235,0.5547438672438673
9,mixed,0.003,geometry_only,100,0.006485905646413032,0.004205484456728142,0.9856,0.5555555555555556,0.015089686979817296,0.02696283225292061,0.0016,0.027326591235987602,0.7229007681553226,0.4176,False,,,0.0144,4,5,4,612,0.0144,0.4444444444444444,0.5,0.006493506493506494,0.718975468975469
9,mixed,0.003,uncertainty_only,100,0.004841986101689075,0.0030816154864221554,0.9856,1.0,0.01219119156653027,0.019248921328606027,0.0,0.019672855613811217,0.7407015801421664,0.2304,False,,,0.0144,0,9,0,616,0.0144,0.0,0.0,0.0,0.5
9,mixed,0.003,evidence_gated,100,0.0055125341436111745,0.0034317449012517655,0.9904,0.4444444444444444,0.013327635428458752,0.02188863787764372,0.0,0.02232852679675487,0.7778111086919316,0.3056,False,,,0.0144,5,4,2,614,0.0144,0.5555555555555556,0.7142857142857143,0.003246753246753247,0.7761544011544012
9,mixed,0.003,two_sided_straddle,100,0.005098838346598296,0.003832648426030326,0.9856,0.3333333333333333,0.013472748546382696,0.022402032515848564,0.0,0.022927677195962674,0.7402806009638095,0.3024,False,,,0.0144,6,3,6,610,0.0144,0.6666666666666666,0.5,0.00974025974025974,0.8284632034632035
9,mixed,0.003,randomized_straddle,100,0.0053737064836687195,0.003971648085216623,0.992,0.1111111111111111,0.014874249360274306,0.0248393179776936,0.0032,0.024928276086636093,0.7747088709191939,0.416,False,,,0.0144,8,1,4,612,0.0144,0.8888888888888888,0.6666666666666666,0.006493506493506494,0.9411976911976911
9,mixed,0.003,posterior_risk,100,0.006619660057567376,0.004149279486566443,0.9856,0.3333333333333333,0.01512638827259426,0.02445176926250449,0.0,0.02459057697386689,0.8058923204685357,0.4528,False,,,0.0144,6,3,6,610,0.0144,0.6666666666666666,0.5,0.00974025974025974,0.8284632034632035
9,mixed,0.003,evidence_no_geometry,100,0.005768665456895218,0.0038187321029731023,0.9872,0.4444444444444444,0.013539622744562795,0.02230427611594119,0.0016,0.02300348742496571,0.7636594931547569,0.3392,False,,,0.0144,5,4,4,612,0.0144,0.5555555555555556,0.5555555555555556,0.006493506493506494,0.7745310245310246
9,mixed,0.003,risk_geometry,100,0.005364669977983805,0.004043265193671553,0.992,0.0,0.015082982781964802,0.024630700010403097,0.0,0.02472659910010835,0.7960117779661195,0.416,False,,,0.0144,9,0,5,611,0.0144,1.0,0.6428571428571429,0.008116883116883116,0.9959415584415585
9,mixed,0.008,space_filling,100,0.007586866826251237,0.0057524310852845465,0.9728,0.3333333333333333,0.013690512039632083,0.019224982705553867,0.0,0.01952141152522015,0.5984306474844213,0.32,False,,,0.0144,6,3,14,602,0.0144,0.6666666666666666,0.3,0.022727272727272728,0.821969696969697
9,mixed,0.008,geometry_only,100,0.008948503587094567,0.006477042211124141,0.976,0.5555555555555556,0.016685925996963426,0.027635442423021326,0.0096,0.027760059976787092,0.6564973238454199,0.4928,False,,,0.0144,4,5,10,606,0.0144,0.4444444444444444,0.2857142857142857,0.016233766233766232,0.7141053391053391
9,mixed,0.008,uncertainty_only,100,0.007573288141276079,0.005377203936921472,0.9792,0.6666666666666666,0.013825430454337146,0.019061275961287077,0.0016,0.019378182450626277,0.6954833710263809,0.2672,False,,,0.0144,3,6,7,609,0.0144,0.3333333333333333,0.3,0.011363636363636364,0.6609848484848485
9,mixed,0.008,evidence_gated,100,0.007350940616762164,0.005719291124617036,0.984,0.8888888888888888,0.014946511805425252,0.02181527606864999,0.0,0.022011996095020716,0.7413892950033341,0.3376,False,,,0.0144,1,8,2,614,0.0144,0.1111111111111111,0.3333333333333333,0.003246753246753247,0.5539321789321789
9,mixed,0.008,two_sided_straddle,100,0.00761812643482287,0.005852269291641703,0.9744,0.8888888888888888,0.015186459348351314,0.02292985868587984,0.0032,0.023063192076095262,0.7328829099026009,0.3776,False,,,0.0144,1,8,8,608,0.0144,0.1111111111111111,0.1111111111111111,0.012987012987012988,0.549062049062049
9,mixed,0.008,randomized_straddle,100,0.007930520408662422,0.0058524021945724845,0.9824,0.8888888888888888,0.01661329663213677,0.02583070958207026,0.0016,0.026134035898541297,0.7602810311536677,0.4864,False,,,0.0144,1,8,3,613,0.0144,0.1111111111111111,0.25,0.00487012987012987,0.5531204906204906
9,mixed,0.008,posterior_risk,100,0.00856180795766819,0.006569770950449218,0.9872,0.6666666666666666,0.017441467320805298,0.027121656367424418,0.0016,0.027238813151605246,0.7528795289839059,0.536,False,,,0.0144,3,6,2,614,0.0144,0.3333333333333333,0.6,0.003246753246753247,0.66504329004329
9,mixed,0.008,evidence_no_geometry,100,0.008120055956602614,0.005895894400697673,0.9824,0.8888888888888888,0.015210730706427757,0.022996702320351555,0.0,0.02311431683710651,0.7568094627356974,0.3696,False,,,0.0144,1,8,3,613,0.0144,0.1111111111111111,0.25,0.00487012987012987,0.5531204906204906
9,mixed,0.008,risk_geometry,100,0.008912594908352526,0.006979988133809911,0.9904,0.4444444444444444,0.017908691688837297,0.028974579285400058,0.0016,0.029044052944068165,0.7214136505638042,0.592,False,,,0.0144,5,4,2,614,0.0144,0.5555555555555556,0.7142857142857143,0.003246753246753247,0.7761544011544012
10,smooth,0.003,space_filling,100,0.002713757059235076,0.0021604214070612584,0.992,0.17857142857142858,0.01202829010839484,0.01875895109235977,0.0,0.01905674829089907,0.7012713360074578,0.2432,False,,,0.0448,23,5,0,597,0.0448,0.8214285714285714,1.0,0.0,0.9107142857142857
10,smooth,0.003,geometry_only,100,0.0031591604829553925,0.002393886558212055,0.992,0.10714285714285714,0.013162989416138672,0.022303900902639985,0.0,0.022754139975535794,0.6574004240793705,0.3616,False,,,0.0448,25,3,2,595,0.0448,0.8928571428571429,0.9259259259259259,0.0033500837520938024,0.9447535295525246
10,smooth,0.003,uncertainty_only,100,0.0025490971667285816,0.002028449812527638,0.9936,0.10714285714285714,0.012200273260622023,0.018669197564725237,0.0032,0.019045387649144464,0.7051306270535039,0.2528,False,,,0.0448,25,3,1,596,0.0448,0.8928571428571429,0.9615384615384616,0.0016750418760469012,0.945591050490548
10,smooth,0.003,evidence_gated,100,0.003030012389288906,0.002387263671805848,0.9952,0.07142857142857142,0.013433194757462167,0.021894239791627683,0.0,0.02215866947219589,0.7736790259831158,0.3264,False,,,0.0448,26,2,1,596,0.0448,0.9285714285714286,0.9629629629629629,0.0016750418760469012,0.9634481933476908
10,smooth,0.003,two_sided_straddle,100,0.0026961855548331432,0.002105053146251898,0.9904,0.07142857142857142,0.013859630172561012,0.02361974366303641,0.0,0.024029498875751537,0.7651416117997628,0.3616,False,,,0.0448,26,2,4,593,0.0448,0.9285714285714286,0.8666666666666667,0.006700167504187605,0.9609356305336205
10,smooth,0.003,randomized_straddle,100,0.002808235186361258,0.0022641799006398616,0.9936,0.10714285714285714,0.015031943012306988,0.02528350133277732,0.0,0.025376062092588962,0.7784983420319962,0.4544,False,,,0.0448,25,3,1,596,0.0448,0.8928571428571429,0.9615384615384616,0.0016750418760469012,0.945591050490548
10,smooth,0.003,posterior_risk,100,0.003395321159510293,0.0026631755870118092,0.9936,0.07142857142857142,0.01524774929952797,0.025294376051896533,0.0,0.025422253760102136,0.7794884152199776,0.4432,False,,,0.0448,26,2,2,595,0.0448,0.9285714285714286,0.9285714285714286,0.0033500837520938024,0.9626106724096675
10,smooth,0.003,evidence_no_geometry,100,0.0034550971287959004,0.0027559617413972053,0.992,0.07142857142857142,0.013559488136773908,0.022370674967604136,0.0,0.022697307640422718,0.7623306214903524,0.3376,False,,,0.0448,26,2,3,594,0.0448,0.9285714285714286,0.896551724137931,0.005025125628140704,0.9617731514716439
10,smooth,0.003,risk_geometry,100,0.003665632018104327,0.002859849918633019,0.9936,0.07142857142857142,0.015721210277750572,0.025526851963867715,0.0016,0.02561766484325944,0.7888863277307371,0.4848,False,,,0.0448,26,2,2,595,0.0448,0.9285714285714286,0.9285714285714286,0.0033500837520938024,0.9626106724096675
10,smooth,0.008,space_filling,100,0.006506239660517197,0.005265812506320724,0.9808,0.03571428571428571,0.013783733753151905,0.019593512590667637,0.0016,0.019766024223433622,0.6634971824707255,0.4016,False,,,0.0448,27,1,11,586,0.0448,0.9642857142857143,0.7105263157894737,0.018425460636515914,0.9729301268245991
10,smooth,0.008,geometry_only,100,0.005927261032573978,0.004777638354580398,0.96,0.03571428571428571,0.014851556466471022,0.022987432288295813,0.0,0.0232507070911168,0.6002300695085171,0.4256,False,,,0.0448,27,1,24,573,0.0448,0.9642857142857143,0.5294117647058824,0.04020100502512563,0.9620423546302943
10,smooth,0.008,uncertainty_only,100,0.006090309090291007,0.005016589389883478,0.976,0.10714285714285714,0.01380985050810171,0.018856843408642267,0.0,0.019318025899246506,0.6524355975946438,0.3216,False,,,0.0448,25,3,12,585,0.0448,0.8928571428571429,0.6756756756756757,0.020100502512562814,0.9363783201722901
10,smooth,0.008,evidence_gated,100,0.00614443910986684,0.004887144163483954,0.9904,0.07142857142857142,0.014845739812956865,0.02161113526759179,0.0,0.02170870587409005,0.7183411673410675,0.3696,False,,,0.0448,26,2,4,593,0.0448,0.9285714285714286,0.8666666666666667,0.006700167504187605,0.9609356305336205
10,smooth,0.008,two_sided_straddle,100,0.007444133708457948,0.006070419175339269,0.984,0.10714285714285714,0.01566343937904756,0.024448070368752534,0.0032,0.024512316930288384,0.7424452372993414,0.4528,False,,,0.0448,25,3,7,590,0.0448,0.8928571428571429,0.78125,0.011725293132328308,0.9405659248624073
10,smooth,0.008,randomized_straddle,100,0.005894001497882347,0.004870713777276221,0.9904,0.14285714285714285,0.016704563373786452,0.025659502632188885,0.0016,0.02571156706043132,0.7200201824337896,0.5664,False,,,0.0448,24,4,2,595,0.0448,0.8571428571428571,0.9230769230769231,0.0033500837520938024,0.9268963866953817
10,smooth,0.008,posterior_risk,100,0.007750802532322184,0.00612838618479789,0.992,0.10714285714285714,0.01730946267778075,0.026731785526369112,0.0,0.027022753600532173,0.7486445986632139,0.5392,False,,,0.0448,25,3,2,595,0.0448,0.8928571428571429,0.9259259259259259,0.0033500837520938024,0.9447535295525246
10,smooth,0.008,evidence_no_geometry,100,0.007177072711668668,0.005690174209954354,0.9872,0.07142857142857142,0.015040019606450818,0.022426627814562734,0.0,0.022621485956650998,0.7307409924889313,0.3856,False,,,0.0448,26,2,6,591,0.0448,0.9285714285714286,0.8125,0.010050251256281407,0.9592605886575736
10,smooth,0.008,risk_geometry,100,0.006874283556017952,0.005591485787984604,0.9888,0.14285714285714285,0.017780307032235175,0.02872266245715207,0.0016,0.029046681083587184,0.7253523030243982,0.5728,False,,,0.0448,24,4,3,594,0.0448,0.8571428571428571,0.8888888888888888,0.005025125628140704,0.9260588657573582
10,waviness,0.003,space_filling,100,0.00550855931918649,0.004231583720561883,0.9408,0.532258064516129,0.01202829010839484,0.01875895109235977,0.0032,0.018981783930822577,0.6032363845616753,0.3104,False,,,0.0992,29,33,4,559,0.0992,0.46774193548387094,0.8787878787878788,0.007104795737122558,0.7303185698733742
10,waviness,0.003,geometry_only,100,0.008878345127780395,0.005973108591102769,0.928,0.6129032258064516,0.01357261885391292,0.022096027898146353,0.0032,0.02252559800295653,0.6189100128496879,0.4096,False,,,0.0992,24,38,7,556,0.0992,0.3870967741935484,0.7741935483870968,0.012433392539964476,0.6873316908267919
10,waviness,0.003,uncertainty_only,100,0.006965443649126126,0.005125699075452031,0.9392,0.5483870967741935,0.012200273260622023,0.018669197564725237,0.0016,0.01899032968273225,0.5926587455774553,0.3136,False,,,0.0992,28,34,4,559,0.0992,0.45161290322580644,0.875,0.007104795737122558,0.7222540537443419
10,waviness,0.003,evidence_gated,100,0.009260519524260205,0.006733019198341782,0.9536,0.41935483870967744,0.01425205790424956,0.023286327011908452,0.0032,0.023431790178799296,0.7016209411338451,0.4304,False,,,0.0992,36,26,3,560,0.0992,0.5806451612903226,0.9230769230769231,0.0053285968028419185,0.7876582822437403
10,waviness,0.003,two_sided_straddle,100,0.008330310663149532,0.005907744161577713,0.9568,0.3870967741935484,0.013793326413888252,0.022414408257861115,0.0,0.02274644053482611,0.6738226382560296,0.376,False,,,0.0992,38,24,3,560,0.0992,0.6129032258064516,0.926829268292683,0.0053285968028419185,0.8037873145018049
10,waviness,0.003,randomized_straddle,100,0.012139836059572284,0.008368620037426692,0.944,0.4838709677419355,0.015379011819250405,0.025662907219584696,0.0064,0.02587166039748534,0.7185647499926645,0.4928,False,,,0.0992,32,30,5,558,0.0992,0.5161290322580645,0.8648648648648649,0.008880994671403197,0.7536240187933306
10,waviness,0.003,posterior_risk,100,0.014218712250593329,0.009940405147433351,0.9584,0.3870967741935484,0.016965634963295843,0.03110191261334211,0.0064,0.031274055467242164,0.6868289648326722,0.5408,False,,,0.0992,38,24,2,561,0.0992,0.6129032258064516,0.95,0.003552397868561279,0.8046754139689452
10,waviness,0.003,evidence_no_geometry,100,0.012017980833098896,0.008085238640228682,0.936,0.5806451612903226,0.014149670515815345,0.02297059653418091,0.0,0.023425083301013283,0.7347155003196583,0.384,False,,,0.0992,26,36,4,559,0.0992,0.41935483870967744,0.8666666666666667,0.007104795737122558,0.7061250214862774
10,waviness,0.003,risk_geometry,100,0.013805251072943801,0.009727335274369014,0.96,0.3387096774193548,0.016314405840568865,0.027998377128911327,0.0016,0.02833612806750579,0.6934289404646653,0.528,False,,,0.0992,41,21,4,559,0.0992,0.6612903225806451,0.9111111111111111,0.007104795737122558,0.8270927634217613
10,waviness,0.008,space_filling,100,0.008888804376350168,0.006964183728440105,0.9376,0.5483870967741935,0.013783733753151905,0.019593512590667637,0.0048,0.01976143153205419,0.5997942436465794,0.36,False,,,0.0992,28,34,5,558,0.0992,0.45161290322580644,0.8484848484848485,0.008880994671403197,0.7213659542772016
10,waviness,0.008,geometry_only,100,0.012378520210250198,0.008566772739633209,0.912,0.6935483870967742,0.015242231203305156,0.02290485388130835,0.0128,0.02322230955988339,0.579664334114887,0.4688,False,,,0.0992,19,43,12,551,0.0992,0.3064516129032258,0.6129032258064516,0.021314387211367674,0.642568612845929
10,waviness,0.008,uncertainty_only,100,0.008648422538782058,0.006864476810639099,0.9408,0.4838709677419355,0.01380985050810171,0.018856843408642267,0.008,0.019243273678021422,0.5839297783530478,0.3552,False,,,0.0992,32,30,7,556,0.0992,0.5161290322580645,0.8205128205128205,0.012433392539964476,0.75184781985905
10,waviness,0.008,evidence_gated,100,0.010663014877963341,0.008210069308595087,0.9472,0.46774193548387094,0.015884288348140468,0.024306010811134697,0.0096,0.024629613601060224,0.6873003673472743,0.4864,False,,,0.0992,33,29,4,559,0.0992,0.532258064516129,0.8918918918918919,0.007104795737122558,0.7625766343895033
10,waviness,0.008,two_sided_straddle,100,0.01089464142184165,0.008381198903362494,0.9456,0.45161290322580644,0.015708104415427953,0.024887671028135036,0.0,0.025082665818433294,0.6619675913456814,0.5168,False,,,0.0992,34,28,6,557,0.0992,0.5483870967741935,0.85,0.010657193605683837,0.7688649515842548
10,waviness,0.008,randomized_straddle,100,0.012539741482668912,0.009138806378240036,0.9408,0.5483870967741935,0.017083331888338497,0.026696291719463788,0.0032,0.026744426135308457,0.7317326262381236,0.5216,False,,,0.0992,28,34,3,560,0.0992,0.45161290322580644,0.9032258064516129,0.0053285968028419185,0.7231421532114822
10,waviness,0.008,posterior_risk,100,0.014893294581611965,0.011017843849948658,0.936,0.5806451612903226,0.018149958393196507,0.029654669181958318,0.0064,0.03013245512102325,0.677929145144208,0.6144,False,,,0.0992,26,36,4,559,0.0992,0.41935483870967744,0.8666666666666667,0.007104795737122558,0.7061250214862774
10,waviness,0.008,evidence_no_geometry,100,0.010506722165133821,0.007990082614641045,0.9344,0.5645161290322581,0.01576304535750302,0.02394266266336319,0.0016,0.024004851422540635,0.6929878941353861,0.4864,False,,,0.0992,27,35,6,557,0.0992,0.43548387096774194,0.8181818181818182,0.010657193605683837,0.7124133386810291
10,waviness,0.008,risk_geometry,100,0.013897004615477054,0.010547180659192756,0.9328,0.5967741935483871,0.017689343523826846,0.02728612455848078,0.0032,0.02743732170308706,0.6864391317333889,0.592,False,,,0.0992,25,37,5,558,0.0992,0.4032258064516129,0.8333333333333334,0.008880994671403197,0.6971724058901048
10,local_defect,0.003,space_filling,100,0.006327039224365836,0.0026398088459171623,0.9872,0.3333333333333333,0.01202829010839484,0.01875895109235977,0.0,0.019057310449392812,0.6530029364743327,0.288,False,,,0.0336,14,7,1,603,0.0336,0.6666666666666666,0.9333333333333333,0.0016556291390728477,0.8325055187637969
10,local_defect,0.003,geometry_only,100,0.0035510503375358257,0.002626674681894686,0.9872,0.23809523809523808,0.013324898826388726,0.022747613866531104,0.0,0.023466518679184416,0.6226658461720934,0.3776,False,,,0.0336,16,5,3,601,0.0336,0.7619047619047619,0.8421052631578947,0.004966887417218543,0.8784689372437717
10,local_defect,0.003,uncertainty_only,100,0.007169930534746422,0.0029983602500743265,0.9792,0.47619047619047616,0.012200273260622023,0.018669197564725237,0.0048,0.019045788785658976,0.6731635893389954,0.2944,False,,,0.0336,11,10,3,601,0.0336,0.5238095238095238,0.7857142857142857,0.004966887417218543,0.7594213181961527
10,local_defect,0.003,evidence_gated,100,0.006461912149507145,0.003177479669459203,0.9872,0.3333333333333333,0.013149004288770732,0.02105601331539124,0.0,0.021513387802560773,0.7447870425042767,0.344,False,,,0.0336,14,7,1,603,0.0336,0.6666666666666666,0.9333333333333333,0.0016556291390728477,0.8325055187637969
10,local_defect,0.003,two_sided_straddle,100,0.004555369106919775,0.002711812446934254,0.9872,0.23809523809523808,0.01314917482530474,0.021836566914617644,0.0032,0.02201708808789393,0.6812373889839981,0.3776,False,,,0.0336,16,5,3,601,0.0336,0.7619047619047619,0.8421052631578947,0.004966887417218543,0.8784689372437717
10,local_defect,0.003,randomized_straddle,100,0.005567811458720821,0.0033124757670079923,0.9824,0.23809523809523808,0.015250516545510214,0.026947801888094845,0.0,0.0271529220693902,0.6663450093050862,0.5312,False,,,0.0336,16,5,6,598,0.0336,0.7619047619047619,0.7272727272727273,0.009933774834437087,0.8759854935351623
10,local_defect,0.003,posterior_risk,100,0.007508124333600475,0.0035403158995362324,0.9872,0.3333333333333333,0.014861562194417673,0.024593401988425478,0.0,0.024942668794873512,0.7738990509981405,0.464,False,,,0.0336,14,7,1,603,0.0336,0.6666666666666666,0.9333333333333333,0.0016556291390728477,0.8325055187637969
10,local_defect,0.003,evidence_no_geometry,100,0.0070468129521886165,0.0030978476460379292,0.9872,0.3333333333333333,0.013380869020091606,0.02232278837429206,0.0,0.023032199407353154,0.7250531545411076,0.3728,False,,,0.0336,14,7,1,603,0.0336,0.6666666666666666,0.9333333333333333,0.0016556291390728477,0.8325055187637969
10,local_defect,0.003,risk_geometry,100,0.006954699170221911,0.0035463767216062287,0.984,0.3333333333333333,0.015483010222405861,0.02659636928389669,0.0,0.026810462200578544,0.7513349882626709,0.4992,False,,,0.0336,14,7,3,601,0.0336,0.6666666666666666,0.8235294117647058,0.004966887417218543,0.8308498896247241
10,local_defect,0.008,space_filling,100,0.00913706166328848,0.006390832555172923,0.9536,0.5714285714285714,0.013783733753151905,0.019593512590667637,0.0,0.01975913518636447,0.5829401424207147,0.3968,False,,,0.0336,9,12,17,587,0.0336,0.42857142857142855,0.34615384615384615,0.028145695364238412,0.700212866603595
10,local_defect,0.008,geometry_only,100,0.006312614107231269,0.005093745208858567,0.968,0.38095238095238093,0.015007768351349596,0.023428130845279522,0.0,0.02399431546864292,0.5906125842814438,0.4672,False,,,0.0336,13,8,12,592,0.0336,0.6190476190476191,0.52,0.019867549668874173,0.7995900346893725
10,local_defect,0.008,uncertainty_only,100,0.009474830273809572,0.006539480087393437,0.952,0.38095238095238093,0.01380985050810171,0.018856843408642267,0.0064,0.019283316784861886,0.5917295541140336,0.3888,False,,,0.0336,13,8,22,582,0.0336,0.6190476190476191,0.37142857142857144,0.03642384105960265,0.7913118889940083
10,local_defect,0.008,evidence_gated,100,0.009354409034814895,0.006607920040751408,0.9712,0.3333333333333333,0.015502964877735389,0.023680457003691896,0.0,0.023795007348004018,0.6816308948556759,0.5312,False,,,0.0336,14,7,11,593,0.0336,0.6666666666666666,0.56,0.018211920529801324,0.8242273730684326
10,local_defect,0.008,two_sided_straddle,100,0.0075714582345449005,0.005616000872257606,0.9712,0.23809523809523808,0.01497048493840436,0.023156596793968066,0.0048,0.023224580272730302,0.622632030737497,0.52,False,,,0.0336,16,5,13,591,0.0336,0.7619047619047619,0.5517241379310345,0.02152317880794702,0.8701907915484074
10,local_defect,0.008,randomized_straddle,100,0.008330619834591789,0.006300232448183491,0.9664,0.23809523809523808,0.016565455352154954,0.02690009695632407,0.0,0.026974840471553272,0.6421898090304804,0.5696,False,,,0.0336,16,5,16,588,0.0336,0.7619047619047619,0.5,0.026490066225165563,0.8677073478397981
10,local_defect,0.008,posterior_risk,100,0.010288387770798215,0.007265014528602296,0.9648,0.38095238095238093,0.017621878625994566,0.029489581053544954,0.0,0.029571943465752957,0.7079094250238015,0.592,False,,,0.0336,13,8,14,590,0.0336,0.6190476190476191,0.48148148148148145,0.023178807947019868,0.7979344055502996
10,local_defect,0.008,evidence_no_geometry,100,0.008386267388695417,0.006113505495880092,0.9744,0.3333333333333333,0.015557849088988161,0.023854177700734645,0.0032,0.024017133530857417,0.64378436067501,0.5024,False,,,0.0336,14,7,9,595,0.0336,0.6666666666666666,0.6086956521739131,0.014900662251655629,0.8258830022075054
10,local_defect,0.008,risk_geometry,100,0.009844383576813772,0.0066155068391190895,0.9696,0.2857142857142857,0.017312637243241967,0.026441923892430073,0.0,0.02653158195045918,0.7322052836503563,0.6272,False,,,0.0336,15,6,13,591,0.0336,0.7142857142857143,0.5357142857142857,0.02152317880794702,0.8463812677388836
10,mixed,0.003,space_filling,100,0.0051801667171506366,0.003393379424892646,0.9872,0.23076923076923078,0.01202829010839484,0.01875895109235977,0.0016,0.019056888830522506,0.6506033432556859,0.2672,False,,,0.0416,20,6,2,597,0.0416,0.7692307692307693,0.9090909090909091,0.00333889816360601,0.8829459355335816
10,mixed,0.003,geometry_only,100,0.004627787306467815,0.003348325793435044,0.9888,0.15384615384615385,0.01383467024251389,0.02223184659101197,0.0064,0.022671937876594696,0.68555356950393,0.3776,False,,,0.0416,22,4,3,596,0.0416,0.8461538461538461,0.88,0.005008347245409015,0.9205727494542186
10,mixed,0.003,uncertainty_only,100,0.00505047175550689,0.003361383213321247,0.984,0.2692307692307692,0.012200273260622023,0.018669197564725237,0.0,0.019040925002130917,0.6373599232490815,0.2624,False,,,0.0416,19,7,3,596,0.0416,0.7307692307692307,0.8636363636363636,0.005008347245409015,0.8628804417619109
10,mixed,0.003,evidence_gated,100,0.005697086169889021,0.004284108281981498,0.9856,0.11538461538461539,0.013875023047008082,0.022557085968125674,0.0,0.02297583272236782,0.7462162458197694,0.3728,False,,,0.0416,23,3,6,593,0.0416,0.8846153846153846,0.7931034482758621,0.01001669449081803,0.9372993450622833
10,mixed,0.003,two_sided_straddle,100,0.006345379329430784,0.004217209783971488,0.9792,0.07692307692307693,0.01355661227264367,0.021999434725127096,0.0016,0.02221723965062593,0.7053398642741547,0.3408,False,,,0.0416,24,2,11,588,0.0416,0.9230769230769231,0.6857142857142857,0.018363939899833055,0.952356491588545
10,mixed,0.003,randomized_straddle,100,0.006982854377914376,0.005012191088012458,0.9904,0.15384615384615385,0.014254833312856482,0.024095494648718345,0.0,0.024303495879157627,0.726427759138567,0.3984,False,,,0.0416,22,4,2,597,0.0416,0.8461538461538461,0.9166666666666666,0.00333889816360601,0.9214074739951201
10,mixed,0.003,posterior_risk,100,0.006274270480125567,0.004618574303391459,0.9904,0.07692307692307693,0.015484846970212953,0.027222600130801567,0.0,0.027699708775967835,0.7287247524722976,0.4352,False,,,0.0416,24,2,4,595,0.0416,0.9230769230769231,0.8571428571428571,0.00667779632721202,0.9581995633748556
10,mixed,0.003,evidence_no_geometry,100,0.0064468855417021634,0.004446331713583139,0.9904,0.11538461538461539,0.014075470332022487,0.022875040278671172,0.0,0.023445975249602232,0.7331104796905984,0.384,False,,,0.0416,23,3,3,596,0.0416,0.8846153846153846,0.8846153846153846,0.005008347245409015,0.9398035186849878
10,mixed,0.003,risk_geometry,100,0.011687761323513634,0.006397958211696057,0.968,0.5769230769230769,0.015318856027379145,0.024521430348239382,0.0,0.0247256336002182,0.7735159131789429,0.4272,False,,,0.0416,11,15,5,594,0.0416,0.4230769230769231,0.6875,0.008347245409015025,0.7073648388339541
10,mixed,0.008,space_filling,100,0.007943853255665184,0.005817541216509613,0.9664,0.34615384615384615,0.013783733753151905,0.019593512590667637,0.0016,0.01976774648270091,0.6101312664457813,0.3296,False,,,0.0416,17,9,12,587,0.0416,0.6538461538461539,0.5862068965517241,0.02003338898163606,0.8169063824322589
10,mixed,0.008,geometry_only,100,0.007618300102951437,0.005962515969968056,0.9728,0.19230769230769232,0.01547610913363211,0.02294387391044708,0.0144,0.023127739638862915,0.642916412684674,0.4896,False,,,0.0416,21,5,12,587,0.0416,0.8076923076923077,0.6363636363636364,0.02003338898163606,0.8938294593553358
10,mixed,0.008,uncertainty_only,100,0.008438837091599616,0.00651131312727486,0.9712,0.38461538461538464,0.01380985050810171,0.018856843408642267,0.0,0.019260177375272136,0.6304782288750047,0.3504,False,,,0.0416,16,10,8,591,0.0416,0.6153846153846154,0.6666666666666666,0.01335559265442404,0.8010145113650957
10,mixed,0.008,evidence_gated,100,0.008956338645106327,0.007002222780273141,0.9776,0.15384615384615385,0.01623355055595383,0.02513444197409222,0.0016,0.025261361820019083,0.7314553099041737,0.5152,False,,,0.0416,22,4,10,589,0.0416,0.8461538461538461,0.6875,0.01669449081803005,0.914729677667908
10,mixed,0.008,two_sided_straddle,100,0.009014912967512946,0.006884031530753491,0.9872,0.11538461538461539,0.015235157039773444,0.022782695779431424,0.0016,0.022985573472068723,0.691964682399367,0.4192,False,,,0.0416,23,3,5,594,0.0416,0.8846153846153846,0.8214285714285714,0.008347245409015025,0.9381340696031848
10,mixed,0.008,randomized_straddle,100,0.009019908554515751,0.007197981983358898,0.976,0.19230769230769232,0.017249592263384808,0.02790843976824854,0.0,0.028152648735415755,0.6759728232029277,0.5232,False,,,0.0416,21,5,10,589,0.0416,0.8076923076923077,0.6774193548387096,0.01669449081803005,0.8954989084371388
10,mixed,0.008,posterior_risk,100,0.01148300424842177,0.007451492240775193,0.9664,0.6153846153846154,0.01725322723918248,0.02724028760481816,0.0048,0.027346214479874665,0.7466175897427146,0.5344,False,,,0.0416,10,16,5,594,0.0416,0.38461538461538464,0.6666666666666666,0.008347245409015025,0.6881340696031848
10,mixed,0.008,evidence_no_geometry,100,0.007872805088742664,0.006196740630504427,0.9824,0.15384615384615385,0.015750252372739713,0.02387771071966272,0.0016,0.024013158302558884,0.685256790062612,0.4784,False,,,0.0416,22,4,7,592,0.0416,0.8461538461538461,0.7586206896551724,0.011686143572621035,0.9172338512906126
10,mixed,0.008,risk_geometry,100,0.013146996889063359,0.008655330261465276,0.9616,0.6538461538461539,0.01773587554419954,0.027829407175614607,0.0032,0.027979116933765976,0.7436850011550897,0.5456,False,,,0.0416,9,17,7,592,0.0416,0.34615384615384615,0.5625,0.011686143572621035,0.6672338512906126
11,smooth,0.003,space_filling,100,0.002875114921086785,0.0022649819685833946,0.9856,0.2,0.012089525938026638,0.018474183604360053,0.0016,0.01942935974554512,0.6151769026040234,0.2688,False,,,0.016,8,2,7,608,0.016,0.8,0.5333333333333333,0.011382113821138212,0.8943089430894309
11,smooth,0.003,geometry_only,100,0.0034015521738408323,0.0025993199868562474,0.9872,0.6,0.01437314680936728,0.025921377517840398,0.0016,0.026546372997536264,0.6400907618914702,0.4096,False,,,0.016,4,6,2,613,0.016,0.4,0.6666666666666666,0.0032520325203252032,0.6983739837398374
11,smooth,0.003,uncertainty_only,100,0.002411988967572463,0.001914698655293105,0.9904,0.2,0.01208836826767348,0.018302114660439406,0.0016,0.0190499998880465,0.6525814355177604,0.24,False,,,0.016,8,2,4,611,0.016,0.8,0.6666666666666666,0.0065040650406504065,0.8967479674796748
11,smooth,0.003,evidence_gated,100,0.002878760725634362,0.002251514309552729,0.9904,0.1,0.013254560084096954,0.021351864558411156,0.0,0.021806833952228693,0.7430528987023794,0.3232,False,,,0.016,9,1,5,610,0.016,0.9,0.6428571428571429,0.008130081300813009,0.9459349593495935
11,smooth,0.003,two_sided_straddle,100,0.00262942728442751,0.002080254527097467,0.9936,0.0,0.013523443556015717,0.022999564109545467,0.0,0.02321074630176298,0.7452535602618885,0.3248,False,,,0.016,10,0,4,611,0.016,1.0,0.7142857142857143,0.0065040650406504065,0.9967479674796749
11,smooth,0.003,randomized_straddle,100,0.0030753387559206394,0.0024962288842119867,0.9904,0.1,0.015641153852845285,0.026901851243038698,0.0,0.02720189169827575,0.736637493759894,0.4944,False,,,0.016,9,1,5,610,0.016,0.9,0.6428571428571429,0.008130081300813009,0.9459349593495935
11,smooth,0.003,posterior_risk,100,0.0034810229623038658,0.002738898906277396,0.9888,0.1,0.015518120029326793,0.025854428129371734,0.0,0.0258893218526125,0.7715101187249875,0.4672,False,,,0.016,9,1,6,609,0.016,0.9,0.6,0.00975609756097561,0.9451219512195121
11,smooth,0.003,evidence_no_geometry,100,0.0029520178245427717,0.0023229260954680726,0.992,0.1,0.013667094900052535,0.022265822677851835,0.0,0.02254296754086976,0.7659053869394208,0.3488,False,,,0.016,9,1,4,611,0.016,0.9,0.6923076923076923,0.0065040650406504065,0.9467479674796748
11,smooth,0.003,risk_geometry,100,0.0031271480358441924,0.002492111131268355,0.9888,0.1,0.01484823772857319,0.02457648754191538,0.0032,0.02468639171209755,0.7836284642475796,0.3744,False,,,0.016,9,1,6,609,0.016,0.9,0.6,0.00975609756097561,0.9451219512195121
11,smooth,0.008,space_filling,100,0.006614769110504283,0.005302998789842646,0.9744,0.2,0.013841608087958656,0.01930889832487162,0.008,0.019561757968621436,0.6467983777253503,0.312,False,,,0.016,8,2,14,601,0.016,0.8,0.36363636363636365,0.022764227642276424,0.8886178861788618
11,smooth,0.008,geometry_only,100,0.007658350185180378,0.006195449927039039,0.9744,0.3,0.016012941708991726,0.026806955878658435,0.0,0.027235052692583805,0.645440288234136,0.4512,False,,,0.016,7,3,13,602,0.016,0.7,0.35,0.02113821138211382,0.839430894308943
11,smooth,0.008,uncertainty_only,100,0.006610210260415182,0.005279520138015166,0.9712,0.2,0.013773514433273572,0.018417034570769493,0.0032,0.01889644346145162,0.6072766967463574,0.3168,False,,,0.016,8,2,16,599,0.016,0.8,0.3333333333333333,0.026016260162601626,0.8869918699186992
11,smooth,0.008,evidence_gated,100,0.006424222732696969,0.0051701151209919815,0.9728,0.8,0.015315700913374837,0.022291348346136452,0.0,0.022386630206599693,0.719433465142269,0.3696,False,,,0.016,2,8,9,606,0.016,0.2,0.18181818181818182,0.014634146341463415,0.5926829268292683
11,smooth,0.008,two_sided_straddle,100,0.006166134609928442,0.004881633712554331,0.9744,0.7,0.015577365285976875,0.02433989195223289,0.0,0.024499184402646056,0.6785494223731839,0.4128,False,,,0.016,3,7,9,606,0.016,0.3,0.25,0.014634146341463415,0.6426829268292683
11,smooth,0.008,randomized_straddle,100,0.0076121595089218355,0.00596014003385433,0.9824,0.4,0.01704416023471747,0.027381305923725667,0.0048,0.027453691854474504,0.7127036578337697,0.5056,False,,,0.016,6,4,7,608,0.016,0.6,0.46153846153846156,0.011382113821138212,0.7943089430894309
11,smooth,0.008,posterior_risk,100,0.006994165273239368,0.005670377257441143,0.9792,0.7,0.018106333055828594,0.029758454227613917,0.0032,0.02981934111477848,0.7181263831217045,0.56,False,,,0.016,3,7,6,609,0.016,0.3,0.3333333333333333,0.00975609756097561,0.6451219512195122
11,smooth,0.008,evidence_no_geometry,100,0.007072356086991128,0.005806903884893159,0.9872,0.5,0.015080677802664883,0.02270174753877066,0.0,0.02277647848058192,0.7129977034781388,0.3744,False,,,0.016,5,5,3,612,0.016,0.5,0.625,0.004878048780487805,0.7475609756097561
11,smooth,0.008,risk_geometry,100,0.006652748085021951,0.005371836836195076,0.9776,0.8,0.017315041139944923,0.028261193308116543,0.0016,0.028369644352652566,0.723293724927389,0.5216,False,,,0.016,2,8,6,609,0.016,0.2,0.25,0.00975609756097561,0.5951219512195122
11,waviness,0.003,space_filling,100,0.006446426813395122,0.005082934027461765,0.9584,0.6190476190476191,0.012089525938026638,0.018474183604360053,0.0016,0.01921583158662159,0.663593350419377,0.2432,False,,,0.0672,16,26,0,583,0.0672,0.38095238095238093,1.0,0.0,0.6904761904761905
11,waviness,0.003,geometry_only,100,0.007922191714928781,0.005843935062237215,0.96,0.5476190476190477,0.01421336450724844,0.025146739840274615,0.0,0.025838271747728323,0.6839725180795989,0.4048,False,,,0.0672,19,23,2,581,0.0672,0.4523809523809524,0.9047619047619048,0.003430531732418525,0.724475210324267
11,waviness,0.003,uncertainty_only,100,0.006993704749476611,0.00525026333965281,0.9632,0.5238095238095238,0.01208836826767348,0.018302114660439406,0.0,0.019061705739969553,0.682270553539438,0.256,False,,,0.0672,20,22,1,582,0.0672,0.47619047619047616,0.9523809523809523,0.0017152658662092624,0.7372376051621334
11,waviness,0.003,evidence_gated,100,0.009576929623762878,0.007032297553371669,0.968,0.38095238095238093,0.014011447696803993,0.022832131153744304,0.0096,0.023212326962627185,0.7331620671060963,0.3744,False,,,0.0672,26,16,4,579,0.0672,0.6190476190476191,0.8666666666666667,0.00686106346483705,0.806093277791391
11,waviness,0.003,two_sided_straddle,100,0.010179943538354714,0.0071821583803148795,0.9712,0.42857142857142855,0.01344622122179409,0.022077171375387204,0.0016,0.02242776898718573,0.7342623332042598,0.2848,False,,,0.0672,24,18,0,583,0.0672,0.5714285714285714,1.0,0.0,0.7857142857142857
11,waviness,0.003,randomized_straddle,100,0.011887823461548047,0.008513215523423929,0.9632,0.5,0.014781947689418044,0.024759265516747262,0.0048,0.024988532955737518,0.7888310573458508,0.3456,False,,,0.0672,21,21,2,581,0.0672,0.5,0.9130434782608695,0.003430531732418525,0.7482847341337908
11,waviness,0.003,posterior_risk,100,0.01294098315304331,0.009274408623620542,0.9632,0.47619047619047616,0.01589233948599196,0.02656624459876902,0.0,0.026939194347941925,0.7461642894615792,0.4272,False,,,0.0672,22,20,3,580,0.0672,0.5238095238095238,0.88,0.005145797598627788,0.759331863105448
11,waviness,0.003,evidence_no_geometry,100,0.009542620228827637,0.0068103825506788665,0.968,0.40476190476190477,0.013909854709709648,0.0226686092371814,0.0048,0.022846272189964493,0.7841402372177236,0.3232,False,,,0.0672,25,17,3,580,0.0672,0.5952380952380952,0.8928571428571429,0.005145797598627788,0.7950461488197338
11,waviness,0.003,risk_geometry,100,0.013784022479730575,0.01006337457390968,0.9632,0.5,0.015221369300613673,0.02446094485238701,0.0032,0.024681692465937082,0.792803234176718,0.3632,False,,,0.0672,21,21,2,581,0.0672,0.5,0.9130434782608695,0.003430531732418525,0.7482847341337908
11,waviness,0.008,space_filling,100,0.008666736384889214,0.0067639987945205746,0.9696,0.38095238095238093,0.013841608087958656,0.01930889832487162,0.0,0.01952422104386321,0.656814232840363,0.3616,False,,,0.0672,26,16,3,580,0.0672,0.6190476190476191,0.896551724137931,0.005145797598627788,0.8069509107244957
11,waviness,0.008,geometry_only,100,0.010146718789563601,0.007926643793426887,0.9664,0.40476190476190477,0.015857115936514555,0.025815115593863742,0.0,0.026370263956322547,0.6428494433730785,0.472,False,,,0.0672,25,17,4,579,0.0672,0.5952380952380952,0.8620689655172413,0.00686106346483705,0.7941885158866291
11,waviness,0.008,uncertainty_only,100,0.009003408797241633,0.006879715064877199,0.9664,0.42857142857142855,0.013773514433273572,0.018417034570769493,0.0048,0.018892425004096474,0.6220421259207565,0.3248,False,,,0.0672,24,18,3,580,0.0672,0.5714285714285714,0.8888888888888888,0.005145797598627788,0.7831413869149718
11,waviness,0.008,evidence_gated,100,0.01166299014374507,0.009278421210633738,0.9632,0.42857142857142855,0.015362560885849277,0.02254154821616087,0.0016,0.02259055091957295,0.7519499267333591,0.4112,False,,,0.0672,24,18,5,578,0.0672,0.5714285714285714,0.8275862068965517,0.008576329331046312,0.7814261210487625
11,waviness,0.008,two_sided_straddle,100,0.013858701435301981,0.010491730482880577,0.9456,0.5714285714285714,0.015594667703450487,0.02497879982581525,0.0048,0.0252893405674492,0.713621322342434,0.4608,False,,,0.0672,18,24,10,573,0.0672,0.42857142857142855,0.6428571428571429,0.017152658662092625,0.705709384954668
11,waviness,0.008,randomized_straddle,100,0.012194909471985729,0.009324602117951237,0.9536,0.30952380952380953,0.015988297031266734,0.025451924017639706,0.024,0.025651812127574145,0.6489808339772762,0.464,False,,,0.0672,29,13,16,567,0.0672,0.6904761904761905,0.6444444444444445,0.0274442538593482,0.8315159683084211
11,waviness,0.008,posterior_risk,100,0.01454077079315012,0.011308561059594891,0.9504,0.6428571428571429,0.017257451175555688,0.02647137101113596,0.0,0.026628576169978328,0.7667941231463855,0.5088,False,,,0.0672,15,27,4,579,0.0672,0.35714285714285715,0.7894736842105263,0.00686106346483705,0.67514089683901
11,waviness,0.008,evidence_no_geometry,100,0.012364849219185748,0.009628873691692998,0.9456,0.5952380952380952,0.01576560843334892,0.024616034937323172,0.0064,0.02481010875862349,0.7029326455080567,0.4736,False,,,0.0672,17,25,9,574,0.0672,0.40476190476190477,0.6538461538461539,0.015437392795883362,0.6946622559830107
11,waviness,0.008,risk_geometry,100,0.014572522784090994,0.011270469063434046,0.9536,0.5238095238095238,0.0172814807963302,0.026927886074077454,0.0048,0.026954297523302438,0.7235187709495154,0.5456,False,,,0.0672,20,22,7,576,0.0672,0.47619047619047616,0.7407407407407407,0.012006861063464836,0.7320918075635057
11,local_defect,0.003,space_filling,100,0.004791510542077033,0.0028034156540388947,0.9904,1.0,0.012089525938026638,0.018474183604360053,0.0,0.01956934623018534,0.8363478729636967,0.136,False,,,0.0096,0,6,0,619,0.0096,0.0,0.0,0.0,0.5
11,local_defect,0.003,geometry_only,100,0.004955821303980223,0.0032612212270506204,0.992,0.0,0.0137646494003631,0.023071477833848417,0.0,0.023712628386882945,0.769744561351708,0.2752,False,,,0.0096,6,0,5,614,0.0096,1.0,0.5454545454545454,0.008077544426494346,0.9959612277867529
11,local_defect,0.003,uncertainty_only,100,0.004750485805951757,0.0028839866750678613,0.9904,1.0,0.01208836826767348,0.018302114660439406,0.0,0.019194096964054802,0.8363597250222735,0.1392,False,,,0.0096,0,6,0,619,0.0096,0.0,0.0,0.0,0.5
11,local_defect,0.003,evidence_gated,100,0.0032995294957389567,0.0027027808761691786,0.9984,0.0,0.012446361426488684,0.019650044969962078,0.0,0.020183418524871603,0.8664167337398918,0.104,True,80.0,True,0.0096,6,0,1,618,0.0096,1.0,0.8571428571428571,0.0016155088852988692,0.9991922455573505
11,local_defect,0.003,two_sided_straddle,100,0.0032709698840834166,0.002570713376631904,0.9968,0.0,0.013124869179124556,0.02091904046740153,0.0128,0.021421940860601868,0.8694921340109822,0.12,False,,,0.0096,6,0,2,617,0.0096,1.0,0.75,0.0032310177705977385,0.9983844911147011
11,local_defect,0.003,randomized_straddle,100,0.006361900003585396,0.0032455507628333592,0.9904,1.0,0.014202231194736509,0.02523327711660079,0.0,0.025939679114433973,0.8266529541184211,0.2176,False,,,0.0096,0,6,0,619,0.0096,0.0,0.0,0.0,0.5
11,local_defect,0.003,posterior_risk,100,0.003059094970520101,0.0024983259993030917,1.0,0.0,0.013952235188883765,0.02308983210851856,0.0,0.02363571891622698,0.8449576604364475,0.1984,False,,,0.0096,6,0,0,619,0.0096,1.0,1.0,0.0,1.0
11,local_defect,0.003,evidence_no_geometry,100,0.004484468760315702,0.0026866709850707094,0.9904,1.0,0.012500895467924458,0.019157934374224212,0.0,0.01939361496855443,0.8642633736513745,0.1152,False,,,0.0096,0,6,0,619,0.0096,0.0,0.0,0.0,0.5
11,local_defect,0.003,risk_geometry,100,0.003027162011640346,0.0025365816971488733,1.0,0.0,0.013082354331850758,0.020386484280423195,0.0,0.020584201429947904,0.8798173549248476,0.1072,False,,,0.0096,6,0,0,619,0.0096,1.0,1.0,0.0,1.0
11,local_defect,0.008,space_filling,100,0.007385645013189706,0.005339751382700484,0.9904,1.0,0.013841608087958656,0.01930889832487162,0.0,0.01979370222216575,0.7755998890261826,0.2288,False,,,0.0096,0,6,0,619,0.0096,0.0,0.0,0.0,0.5
11,local_defect,0.008,geometry_only,100,0.007624443980152897,0.006019438475445201,0.9904,0.0,0.01542990874958358,0.023803866661601367,0.0,0.024320539477042952,0.7112439212695317,0.384,False,,,0.0096,6,0,6,613,0.0096,1.0,0.5,0.009693053311793215,0.9951534733441034
11,local_defect,0.008,uncertainty_only,100,0.0073759647785681046,0.005401702447097617,0.9904,1.0,0.013773514433273572,0.018417034570769493,0.0,0.01892425499452327,0.8021934420826698,0.2032,False,,,0.0096,0,6,0,619,0.0096,0.0,0.0,0.0,0.5
11,local_defect,0.008,evidence_gated,100,0.006122934629368743,0.004904657742128368,0.9952,0.0,0.014211527839665677,0.02032805870323175,0.0,0.02080944138294763,0.8150745611777813,0.2352,True,88.0,True,0.0096,6,0,3,616,0.0096,1.0,0.6666666666666666,0.004846526655896607,0.9975767366720517
11,local_defect,0.008,two_sided_straddle,100,0.006970649573355435,0.005300039054954908,0.9904,1.0,0.01492869067025155,0.021711940101917068,0.0,0.02196248928929947,0.8401170373072236,0.248,False,,,0.0096,0,6,0,619,0.0096,0.0,0.0,0.0,0.5
11,local_defect,0.008,randomized_straddle,100,0.005852526227669716,0.004613786804549446,0.9984,0.0,0.01585706609803044,0.02490239925805222,0.0016,0.02517199663201849,0.8002815299736372,0.3408,False,,,0.0096,6,0,1,618,0.0096,1.0,0.8571428571428571,0.0016155088852988692,0.9991922455573505
11,local_defect,0.008,posterior_risk,100,0.006442249593933604,0.005026052083811655,1.0,0.0,0.016168727490406966,0.02392426196330989,0.0,0.024224481483809773,0.8233064349451656,0.3376,False,,,0.0096,6,0,0,619,0.0096,1.0,1.0,0.0,1.0
11,local_defect,0.008,evidence_no_geometry,100,0.006816458907635614,0.0050016777819843405,0.9904,1.0,0.014305842848727116,0.019806760742596623,0.0,0.019979777714288435,0.8221517082035633,0.2336,False,,,0.0096,0,6,0,619,0.0096,0.0,0.0,0.0,0.5
11,local_defect,0.008,risk_geometry,100,0.006337286252894164,0.00503645645455304,1.0,0.0,0.016133635502943593,0.02409745010888952,0.0,0.024221328512766413,0.8076509174450502,0.3888,False,,,0.0096,6,0,0,619,0.0096,1.0,1.0,0.0,1.0
11,mixed,0.003,space_filling,100,0.006046255237922412,0.00322122072274571,0.968,0.5,0.012089525938026638,0.018474183604360053,0.0016,0.01935171314230018,0.6508485495355241,0.296,False,,,0.0416,13,13,7,592,0.0416,0.5,0.65,0.011686143572621035,0.7441569282136895
11,mixed,0.003,geometry_only,100,0.006667557174396218,0.003930020543041016,0.9712,0.5384615384615384,0.012801344890868321,0.02088383917915488,0.0,0.021619429924715345,0.6414802546477357,0.3248,False,,,0.0416,12,14,4,595,0.0416,0.46153846153846156,0.75,0.00667779632721202,0.7274303326056248
11,mixed,0.003,uncertainty_only,100,0.005792593845511746,0.0036187899849591844,0.9712,0.5384615384615384,0.01208836826767348,0.018302114660439406,0.0,0.0190499998880465,0.6511731793648174,0.288,False,,,0.0416,12,14,4,595,0.0416,0.46153846153846156,0.75,0.00667779632721202,0.7274303326056248
11,mixed,0.003,evidence_gated,100,0.005320460357928993,0.003920228457482354,0.9808,0.15384615384615385,0.013468300083138235,0.02193091167080297,0.0016,0.02215572974618742,0.7334579516808064,0.336,False,,,0.0416,22,4,8,591,0.0416,0.8461538461538461,0.7333333333333333,0.01335559265442404,0.9163991267497111
11,mixed,0.003,two_sided_straddle,100,0.00535709525117792,0.004084161250069632,0.9856,0.038461538461538464,0.013800624627753348,0.023147996160638947,0.0,0.023457477756340443,0.7066339881689483,0.384,False,,,0.0416,25,1,8,591,0.0416,0.9615384615384616,0.7575757575757576,0.01335559265442404,0.9740914344420188
11,mixed,0.003,randomized_straddle,100,0.006809341369581978,0.005351889158669709,0.9872,0.11538461538461539,0.015541764746001826,0.026097207560360283,0.0064,0.02624664252815265,0.7282112618868777,0.4816,False,,,0.0416,23,3,5,594,0.0416,0.8846153846153846,0.8214285714285714,0.008347245409015025,0.9381340696031848
11,mixed,0.003,posterior_risk,100,0.007787353449945216,0.00590805718675509,0.9856,0.19230769230769232,0.016006285861757147,0.02737671157702504,0.0,0.027517647357729224,0.7527612399622475,0.464,False,,,0.0416,21,5,4,595,0.0416,0.8076923076923077,0.84,0.00667779632721202,0.9005072556825479
11,mixed,0.003,evidence_no_geometry,100,0.005425587947287716,0.004199780414578986,0.9872,0.07692307692307693,0.013858296454656084,0.023050446074886446,0.0,0.02322092849635145,0.7503067337997451,0.3696,False,,,0.0416,24,2,6,593,0.0416,0.9230769230769231,0.8,0.01001669449081803,0.9565301142930526
11,mixed,0.003,risk_geometry,100,0.006698778688868202,0.005104637657777665,0.9792,0.15384615384615385,0.015318857891608308,0.025034402795543677,0.0,0.02513280261958901,0.7708970316381979,0.4624,False,,,0.0416,22,4,9,590,0.0416,0.8461538461538461,0.7096774193548387,0.015025041736227046,0.9155644022088095
11,mixed,0.008,space_filling,100,0.008828427288112763,0.0060018431010991835,0.9536,0.6538461538461539,0.013841608087958656,0.01930889832487162,0.0,0.019596458331644372,0.6394739277815894,0.3248,False,,,0.0416,9,17,12,587,0.0416,0.34615384615384615,0.42857142857142855,0.02003338898163606,0.663060228586105
11,mixed,0.008,geometry_only,100,0.009315026838829985,0.0063629589747496934,0.9504,0.7307692307692307,0.01450616045488357,0.021666091190360573,0.0048,0.022054939613732498,0.6317917609499311,0.3856,False,,,0.0416,7,19,12,587,0.0416,0.2692307692307692,0.3684210526315789,0.02003338898163606,0.6245986901245666
11,mixed,0.008,uncertainty_only,100,0.0088938420983464,0.006356527939281548,0.944,0.5769230769230769,0.013773514433273572,0.018417034570769493,0.0,0.018868131400734976,0.6275297140795503,0.3872,False,,,0.0416,11,15,20,579,0.0416,0.4230769230769231,0.3548387096774194,0.0333889816360601,0.6948439707204315
11,mixed,0.008,evidence_gated,100,0.007507598612126576,0.0061825003394162525,0.9824,0.23076923076923078,0.014851737461254209,0.02248225937387446,0.0048,0.02255401867033432,0.7066947088879966,0.3808,False,,,0.0416,20,6,5,594,0.0416,0.7692307692307693,0.8,0.008347245409015025,0.8804417619108771
11,mixed,0.008,two_sided_straddle,100,0.009375564614108892,0.007676043422070748,0.984,0.07692307692307693,0.015546823265897817,0.02528569692328847,0.0,0.025417881045056562,0.6969986934266215,0.416,False,,,0.0416,24,2,8,591,0.0416,0.9230769230769231,0.75,0.01335559265442404,0.9548606652112496
11,mixed,0.008,randomized_straddle,100,0.010232107682204696,0.008067063219228553,0.9744,0.38461538461538464,0.017232437878720662,0.028302332030996205,0.0032,0.028423481722837422,0.7008754196539666,0.5792,False,,,0.0416,16,10,6,593,0.0416,0.6153846153846154,0.7272727272727273,0.01001669449081803,0.8026839604468987
11,mixed,0.008,posterior_risk,100,0.01137640562370006,0.009005386205650452,0.9776,0.19230769230769232,0.017181398251667635,0.02701764920618423,0.0016,0.02710643824849873,0.7328483734398518,0.5248,False,,,0.0416,21,5,9,590,0.0416,0.8076923076923077,0.7,0.015025041736227046,0.8963336329780403
11,mixed,0.008,evidence_no_geometry,100,0.009226332280924544,0.007271978122563767,0.976,0.07692307692307693,0.015627906290912347,0.023580065355336195,0.016,0.023859265589680427,0.6761565011989354,0.4304,False,,,0.0416,24,2,13,586,0.0416,0.9230769230769231,0.6486486486486487,0.021702838063439065,0.950687042506742
11,mixed,0.008,risk_geometry,100,0.011514345700451987,0.008431124926220685,0.968,0.5,0.017029972193318386,0.025994936824079145,0.0016,0.026132602848196053,0.7523289070116174,0.5152,False,,,0.0416,13,13,7,592,0.0416,0.5,0.65,0.011686143572621035,0.7441569282136895
12,smooth,0.003,space_filling,100,0.002757624986173483,0.002161442503883266,0.9888,0.13636363636363635,0.012267520920407934,0.020253358119437643,0.0032,0.020658219505847477,0.6253487963372804,0.3632,False,,,0.0352,19,3,4,599,0.0352,0.8636363636363636,0.8260869565217391,0.006633499170812604,0.9285014322327756
12,smooth,0.003,geometry_only,100,0.003063615024331102,0.0023586211764102657,0.9936,0.0,0.01351852131974346,0.022857047649062802,0.0016,0.023280362221245104,0.7079279691860898,0.4288,False,,,0.0352,22,0,4,599,0.0352,1.0,0.8461538461538461,0.006633499170812604,0.9966832504145937
12,smooth,0.003,uncertainty_only,100,0.002760756642177715,0.002109533466716423,0.9856,0.2727272727272727,0.01223253513908665,0.019356345854006692,0.0016,0.01962476988880834,0.6323477468173542,0.3376,False,,,0.0352,16,6,3,600,0.0352,0.7272727272727273,0.8421052631578947,0.004975124378109453,0.861148801447309
12,smooth,0.003,evidence_gated,100,0.0030777465483674306,0.002450912834771922,0.9888,0.13636363636363635,0.013306977941047415,0.021569520403561644,0.0,0.02175689135407238,0.755760312257088,0.4224,False,,,0.0352,19,3,4,599,0.0352,0.8636363636363636,0.8260869565217391,0.006633499170812604,0.9285014322327756
12,smooth,0.003,two_sided_straddle,100,0.003452007729237657,0.002673132258929521,0.9872,0.18181818181818182,0.01300990008573463,0.022279107116227347,0.0016,0.02322103573542373,0.7434451366130892,0.3584,False,,,0.0352,18,4,4,599,0.0352,0.8181818181818182,0.8181818181818182,0.006633499170812604,0.9057741595055029
12,smooth,0.003,randomized_straddle,100,0.003937949249424391,0.003012414451606925,0.9936,0.0,0.015163720934721356,0.027794317964282497,0.0016,0.028098490718869447,0.744871196566474,0.536,False,,,0.0352,22,0,4,599,0.0352,1.0,0.8461538461538461,0.006633499170812604,0.9966832504145937
12,smooth,0.003,posterior_risk,100,0.003598641810789853,0.0026214489815604425,0.9904,0.09090909090909091,0.01594321522764787,0.027446639507842582,0.0,0.028189382820760455,0.7407634183280347,0.5808,False,,,0.0352,20,2,4,599,0.0352,0.9090909090909091,0.8333333333333334,0.006633499170812604,0.9512287049600483
12,smooth,0.003,evidence_no_geometry,100,0.0027752083061766963,0.0021353354863299094,0.9888,0.13636363636363635,0.013283034508400212,0.02211361739390867,0.0,0.02245239519823038,0.739250846740067,0.4448,False,,,0.0352,19,3,4,599,0.0352,0.8636363636363636,0.8260869565217391,0.006633499170812604,0.9285014322327756
12,smooth,0.003,risk_geometry,100,0.0035611952511171467,0.0026944201490708645,0.9904,0.09090909090909091,0.015301182901614951,0.025705809264677793,0.0,0.02594565042653611,0.7696442420323694,0.5424,False,,,0.0352,20,2,4,599,0.0352,0.9090909090909091,0.8333333333333334,0.006633499170812604,0.9512287049600483
12,smooth,0.008,space_filling,100,0.006080133272777901,0.004730604049481441,0.96,0.8636363636363636,0.014015681525285612,0.02107406298373749,0.0064,0.021250024682910762,0.6101037338800486,0.456,False,,,0.0352,3,19,6,597,0.0352,0.13636363636363635,0.3333333333333333,0.009950248756218905,0.5632066938037088
12,smooth,0.008,geometry_only,100,0.00587186248583912,0.00464740879748646,0.9712,0.22727272727272727,0.015188219967673701,0.023630965645915658,0.0,0.02387822599115151,0.627567293003369,0.5392,False,,,0.0352,17,5,13,590,0.0352,0.7727272727272727,0.5666666666666667,0.02155887230514096,0.8755842002110659
12,smooth,0.008,uncertainty_only,100,0.005756983032443913,0.004473135872207898,0.976,0.5,0.013956369228107866,0.01967194214844663,0.0048,0.01988006282714067,0.6179044133561087,0.4384,False,,,0.0352,11,11,4,599,0.0352,0.5,0.7333333333333333,0.006633499170812604,0.7466832504145937
12,smooth,0.008,evidence_gated,100,0.006802551482924217,0.005126538322624734,0.984,0.2727272727272727,0.015450040454286636,0.024479490212018788,0.0,0.024591930737959646,0.7039714117543145,0.5488,False,,,0.0352,16,6,4,599,0.0352,0.7272727272727273,0.8,0.006633499170812604,0.8603196140509574
12,smooth,0.008,two_sided_straddle,100,0.006240013026536782,0.004916079805406727,0.9856,0.4090909090909091,0.014523273369447788,0.022768493483285343,0.0096,0.022826919210598668,0.7115207173029432,0.4384,False,,,0.0352,13,9,0,603,0.0352,0.5909090909090909,1.0,0.0,0.7954545454545454
12,smooth,0.008,randomized_straddle,100,0.00606261040944503,0.0046472759871318174,0.9856,0.13636363636363635,0.01627821669817638,0.025989732954723985,0.0048,0.026088980275021403,0.7158068837781167,0.6096,False,,,0.0352,19,3,6,597,0.0352,0.8636363636363636,0.76,0.009950248756218905,0.9268430574400723
12,smooth,0.008,posterior_risk,100,0.007335665251703793,0.005945090516145375,0.976,0.22727272727272727,0.017241137134838762,0.02819478575506695,0.0032,0.028308418422508686,0.7092365226826852,0.6016,False,,,0.0352,17,5,10,593,0.0352,0.7727272727272727,0.6296296296296297,0.01658374792703151,0.8780717624001206
12,smooth,0.008,evidence_no_geometry,100,0.007192951426694087,0.005591693396153069,0.9744,0.4090909090909091,0.01510008967582891,0.02315859768771446,0.0064,0.02321554558593119,0.6973915703100777,0.5312,False,,,0.0352,13,9,7,596,0.0352,0.5909090909090909,0.65,0.011608623548922056,0.7896502336800845
12,smooth,0.008,risk_geometry,100,0.006733906189802373,0.005368227566339325,0.9808,0.18181818181818182,0.017746060820580972,0.027985896592511928,0.0016,0.02804247709140057,0.7277043639251561,0.6832,False,,,0.0352,18,4,8,595,0.0352,0.8181818181818182,0.6923076923076923,0.013266998341625208,0.9024574099200965
12,waviness,0.003,space_filling,100,0.007820319961938414,0.005420992291099537,0.9344,0.5135135135135135,0.012267520920407934,0.020253358119437643,0.0016,0.020693552092831462,0.6069171444690538,0.3072,False,,,0.1184,36,38,3,548,0.1184,0.4864864864864865,0.9230769230769231,0.0054446460980036296,0.7405209201942414
12,waviness,0.003,geometry_only,100,0.009375009993512873,0.006562394729012533,0.9424,0.47297297297297297,0.014206629740618518,0.02493652961409667,0.0096,0.025316291845919475,0.605999315148115,0.4192,False,,,0.1184,39,35,1,550,0.1184,0.527027027027027,0.975,0.0018148820326678765,0.7626060724971795
12,waviness,0.003,uncertainty_only,100,0.006627782233414477,0.0049275857981020766,0.9376,0.5135135135135135,0.01223253513908665,0.019356345854006692,0.008,0.019668531502748682,0.626206069147517,0.3168,False,,,0.1184,36,38,1,550,0.1184,0.4864864864864865,0.972972972972973,0.0018148820326678765,0.7423358022269093
12,waviness,0.003,evidence_gated,100,0.009310463979962278,0.006890148043953564,0.9472,0.40540540540540543,0.014171727251265615,0.022965341740505144,0.008,0.023024837873074296,0.6788159436068454,0.4336,False,,,0.1184,44,30,3,548,0.1184,0.5945945945945946,0.9361702127659575,0.0054446460980036296,0.7945749742482955
12,waviness,0.003,two_sided_straddle,100,0.009456832087921576,0.006734998751599923,0.9568,0.28378378378378377,0.013761621670367572,0.02287838616671294,0.0064,0.022999863861444342,0.6524773790026089,0.3824,False,,,0.1184,53,21,6,545,0.1184,0.7162162162162162,0.8983050847457628,0.010889292196007259,0.8526634620101046
12,waviness,0.003,randomized_straddle,100,0.01162970325322725,0.008153327252125172,0.9456,0.43243243243243246,0.01570123507005276,0.027765247961970194,0.0032,0.028213435803048848,0.7123461123809731,0.4528,False,,,0.1184,42,32,2,549,0.1184,0.5675675675675675,0.9545454545454546,0.003629764065335753,0.7819689017511159
12,waviness,0.003,posterior_risk,100,0.01500610126910794,0.010479773139089616,0.9408,0.4594594594594595,0.017326864116799193,0.03162462906655355,0.0016,0.03187982352433436,0.6817548203387989,0.5424,False,,,0.1184,40,34,3,548,0.1184,0.5405405405405406,0.9302325581395349,0.0054446460980036296,0.7675479472212685
12,waviness,0.003,evidence_no_geometry,100,0.010172060872465635,0.00707099867190198,0.952,0.36486486486486486,0.014848312111314033,0.02484375347278216,0.0016,0.02492689810155018,0.7285746815633939,0.4512,False,,,0.1184,47,27,3,548,0.1184,0.6351351351351351,0.94,0.0054446460980036296,0.8148452445185657
12,waviness,0.003,risk_geometry,100,0.013935334892232165,0.009894429792194426,0.9456,0.40540540540540543,0.016500682368847015,0.027765479146886315,0.0096,0.028000670750824824,0.6818512038098284,0.5024,False,,,0.1184,44,30,4,547,0.1184,0.5945945945945946,0.9166666666666666,0.007259528130671506,0.7936675332319616
12,waviness,0.008,space_filling,100,0.009522084078655459,0.0074358701292700875,0.9248,0.5540540540540541,0.014015681525285612,0.02107406298373749,0.0032,0.02128130828075248,0.6005195354612313,0.3872,False,,,0.1184,33,41,6,545,0.1184,0.44594594594594594,0.8461538461538461,0.010889292196007259,0.7175283268749694
12,waviness,0.008,geometry_only,100,0.012119047145401931,0.008914195421752192,0.9248,0.581081081081081,0.015837337774554282,0.025538509114542432,0.0048,0.025834652859337604,0.6071031088127654,0.4784,False,,,0.1184,31,43,4,547,0.1184,0.4189189189189189,0.8857142857142857,0.007259528130671506,0.7058296953941237
12,waviness,0.008,uncertainty_only,100,0.00936657762179776,0.007251128627851012,0.92,0.6351351351351351,0.013956369228107866,0.01967194214844663,0.0064,0.019902683651834455,0.6378959140338506,0.3472,False,,,0.1184,27,47,3,548,0.1184,0.36486486486486486,0.9,0.0054446460980036296,0.6797101093834306
12,waviness,0.008,evidence_gated,100,0.010428569995917458,0.008060516589795872,0.936,0.4594594594594595,0.015524060530784891,0.023356576348621857,0.0032,0.023428194590204482,0.6947341060703146,0.4848,False,,,0.1184,40,34,6,545,0.1184,0.5405405405405406,0.8695652173913043,0.010889292196007259,0.7648256241722666
12,waviness,0.008,two_sided_straddle,100,0.012831217722923473,0.009766281476187856,0.928,0.527027027027027,0.015889757900759797,0.025077641951154687,0.0,0.025163810595166498,0.731009071013626,0.4672,False,,,0.1184,35,39,6,545,0.1184,0.47297297297297297,0.8536585365853658,0.010889292196007259,0.7310418403884829
12,waviness,0.008,randomized_straddle,100,0.012918152656605114,0.009657529911186577,0.9344,0.5135135135135135,0.017387664250642546,0.026873836659930993,0.0032,0.026900264374036514,0.6985709085000753,0.5552,False,,,0.1184,36,38,3,548,0.1184,0.4864864864864865,0.9230769230769231,0.0054446460980036296,0.7405209201942414
12,waviness,0.008,posterior_risk,100,0.01358920789822453,0.010060605023584595,0.9264,0.5405405405405406,0.018422730704792147,0.029389859896732918,0.0032,0.02942677665360106,0.6902841921628746,0.6384,False,,,0.1184,34,40,6,545,0.1184,0.4594594594594595,0.85,0.010889292196007259,0.7242850836317262
12,waviness,0.008,evidence_no_geometry,100,0.013046373794933553,0.009880195649841633,0.9312,0.4594594594594595,0.016342819581438694,0.02449939772781444,0.0016,0.02453101322916445,0.6631128101090343,0.5072,False,,,0.1184,40,34,9,542,0.1184,0.5405405405405406,0.8163265306122449,0.016333938294010888,0.7621033011232649
12,waviness,0.008,risk_geometry,100,0.016211002178896476,0.011727295333961251,0.9328,0.5,0.018285905950793897,0.028518561861614056,0.0016,0.02860762074893254,0.6848289757503618,0.6384,False,,,0.1184,37,37,5,546,0.1184,0.5,0.8809523809523809,0.009074410163339383,0.7454627949183303
12,local_defect,0.003,space_filling,100,0.003758682770959346,0.0025573008290225695,0.9952,0.043478260869565216,0.012267520920407934,0.020253358119437643,0.0,0.020702201578523875,0.7374332646855102,0.2928,False,,,0.0368,22,1,2,600,0.0368,0.9565217391304348,0.9166666666666666,0.0033222591362126247,0.9765997399971111
12,local_defect,0.003,geometry_only,100,0.003385941052365324,0.002541301002330879,1.0,0.0,0.013554691998307052,0.022317967340023486,0.0,0.022724448308894606,0.7321980508118184,0.3264,False,,,0.0368,23,0,0,602,0.0368,1.0,1.0,0.0,1.0
12,local_defect,0.003,uncertainty_only,100,0.0037999824500104763,0.0025460228005008217,0.9936,0.043478260869565216,0.01223253513908665,0.019356345854006692,0.0,0.019695891991742962,0.7347246798969195,0.2768,False,,,0.0368,22,1,3,599,0.0368,0.9565217391304348,0.88,0.0049833887043189366,0.975769175213058
12,local_defect,0.003,evidence_gated,100,0.003522357290192531,0.002525381540833563,0.9968,0.043478260869565216,0.0130528725769318,0.021495605581817314,0.0,0.0216317377641228,0.81699337362224,0.2816,True,96.0,True,0.0368,22,1,1,601,0.0368,0.9565217391304348,0.9565217391304348,0.0016611295681063123,0.9774303047811643
12,local_defect,0.003,two_sided_straddle,100,0.0034228532012775393,0.002620532523452623,0.9952,0.043478260869565216,0.013398959086020474,0.02269682255521161,0.0,0.023074935605085976,0.7884271638623812,0.2992,False,,,0.0368,22,1,2,600,0.0368,0.9565217391304348,0.9166666666666666,0.0033222591362126247,0.9765997399971111
12,local_defect,0.003,randomized_straddle,100,0.003486732667417064,0.0026684940786582123,0.9936,0.043478260869565216,0.015270151966617936,0.025590390935153237,0.0,0.025858351893771028,0.7824007071959794,0.456,False,,,0.0368,22,1,3,599,0.0368,0.9565217391304348,0.88,0.0049833887043189366,0.975769175213058
12,local_defect,0.003,posterior_risk,100,0.0032076977162886324,0.002416421280801088,0.9952,0.043478260869565216,0.014575728319472254,0.02351955238026703,0.0,0.023796770660570586,0.8238191549066208,0.3888,False,,,0.0368,22,1,2,600,0.0368,0.9565217391304348,0.9166666666666666,0.0033222591362126247,0.9765997399971111
12,local_defect,0.003,evidence_no_geometry,100,0.00309883042632782,0.0023380693983058687,0.9968,0.043478260869565216,0.012961131118600559,0.02080570594493894,0.0,0.021302475840678986,0.8047674235433605,0.2528,False,,,0.0368,22,1,1,601,0.0368,0.9565217391304348,0.9565217391304348,0.0016611295681063123,0.9774303047811643
12,local_defect,0.003,risk_geometry,100,0.0031411063833988694,0.002320672897008878,0.9952,0.043478260869565216,0.014414589064745542,0.023244774812155925,0.0,0.02354013882427349,0.8200439148593793,0.3776,False,,,0.0368,22,1,2,600,0.0368,0.9565217391304348,0.9166666666666666,0.0033222591362126247,0.9765997399971111
12,local_defect,0.008,space_filling,100,0.007752836019774688,0.006070623173550819,0.9696,0.043478260869565216,0.014015681525285612,0.02107406298373749,0.0,0.021321099789609176,0.6850699029079409,0.328,False,,,0.0368,22,1,18,584,0.0368,0.9565217391304348,0.55,0.029900332225913623,0.9633107034522606
12,local_defect,0.008,geometry_only,100,0.006794882678771887,0.00545864996495603,0.976,0.043478260869565216,0.015215286362361894,0.023017362968325194,0.0,0.023278299599504823,0.6202873994940157,0.4368,False,,,0.0368,22,1,14,588,0.0368,0.9565217391304348,0.6111111111111112,0.023255813953488372,0.9666329625884732
12,local_defect,0.008,uncertainty_only,100,0.007363911391406734,0.005865727594758461,0.9648,0.17391304347826086,0.013956369228107866,0.01967194214844663,0.0,0.019902683651834455,0.6662295459240698,0.3552,False,,,0.0368,19,4,18,584,0.0368,0.8260869565217391,0.5135135135135135,0.029900332225913623,0.8980933121479128
12,local_defect,0.008,evidence_gated,100,0.006488783458528587,0.0050993612698661435,0.9904,0.043478260869565216,0.015316019360546813,0.022930866659081634,0.0,0.022980900887990506,0.7477125090091237,0.4176,False,,,0.0368,22,1,5,597,0.0368,0.9565217391304348,0.8148148148148148,0.008305647840531562,0.9741080456449516
12,local_defect,0.008,two_sided_straddle,100,0.00609203115544304,0.0049557399129051966,0.9808,0.0,0.015118567110255617,0.02309869846025442,0.0,0.023313844159335417,0.7472172665355483,0.4288,False,,,0.0368,23,0,12,590,0.0368,1.0,0.6571428571428571,0.019933554817275746,0.9900332225913622
12,local_defect,0.008,randomized_straddle,100,0.00747753278823411,0.005789689185939504,0.9856,0.043478260869565216,0.016713443945659986,0.026543054528815724,0.0,0.026674078563467866,0.7357790960706122,0.5232,False,,,0.0368,22,1,8,594,0.0368,0.9565217391304348,0.7333333333333333,0.013289036544850499,0.9716163512927922
12,local_defect,0.008,posterior_risk,100,0.006815407698668717,0.005358959758219249,0.9872,0.043478260869565216,0.01720417021649276,0.02683942946295623,0.0032,0.027164640340140458,0.7383122734689014,0.552,False,,,0.0368,22,1,7,595,0.0368,0.9565217391304348,0.7586206896551724,0.011627906976744186,0.9724469160768453
12,local_defect,0.008,evidence_no_geometry,100,0.007093509391324823,0.0056566627150160765,0.984,0.08695652173913043,0.015062438194096433,0.022317777353401277,0.0,0.022380545104270528,0.7321010532246826,0.4272,False,,,0.0368,21,2,8,594,0.0368,0.9130434782608695,0.7241379310344828,0.013289036544850499,0.9498772208580095
12,local_defect,0.008,risk_geometry,100,0.006505707637670703,0.0050205006939512044,0.9872,0.043478260869565216,0.0167697048644054,0.02562311421585859,0.0,0.02576909599840476,0.7692447524091142,0.464,False,,,0.0368,22,1,7,595,0.0368,0.9565217391304348,0.7586206896551724,0.011627906976744186,0.9724469160768453
12,mixed,0.003,space_filling,100,0.0036956808933424207,0.002761977686155352,0.9856,0.2916666666666667,0.012267520920407934,0.020253358119437643,0.0,0.02075819195020431,0.7087823747580723,0.2608,False,,,0.0384,17,7,2,599,0.0384,0.7083333333333334,0.8947368421052632,0.0033277870216306157,0.8525027731558514
12,mixed,0.003,geometry_only,100,0.006374424588655659,0.004474902372316869,0.9824,0.375,0.014720574280502956,0.027656720954823605,0.0032,0.028632237989096976,0.644154281417276,0.3728,False,,,0.0384,15,9,2,599,0.0384,0.625,0.8823529411764706,0.0033277870216306157,0.8108361064891847
12,mixed,0.003,uncertainty_only,100,0.004226679353123854,0.003209050644752505,0.984,0.4166666666666667,0.01223253513908665,0.019356345854006692,0.0016,0.019705012154741058,0.6941634104583554,0.2608,False,,,0.0384,14,10,0,601,0.0384,0.5833333333333334,1.0,0.0,0.7916666666666667
12,mixed,0.003,evidence_gated,100,0.005773324862154722,0.004273161824302484,0.9856,0.25,0.014487595926133969,0.024073538013917328,0.0,0.024596227570513916,0.7687219808000769,0.352,False,,,0.0384,18,6,3,598,0.0384,0.75,0.8571428571428571,0.004991680532445923,0.872504159733777
12,mixed,0.003,two_sided_straddle,100,0.006308241489251314,0.004698951842414702,0.9888,0.20833333333333334,0.014245449142218217,0.023969730552374273,0.0,0.02411473616524931,0.7626070588627353,0.3712,False,,,0.0384,19,5,2,599,0.0384,0.7916666666666666,0.9047619047619048,0.0033277870216306157,0.894169439822518
12,mixed,0.003,randomized_straddle,100,0.006336801032555686,0.004683626638734652,0.9872,0.25,0.015293233615235028,0.024767047308303248,0.008,0.024817804437870888,0.7743044030571509,0.4256,False,,,0.0384,18,6,2,599,0.0384,0.75,0.9,0.0033277870216306157,0.8733361064891847
12,mixed,0.003,posterior_risk,100,0.0064478704203613365,0.004937070570340676,0.9872,0.20833333333333334,0.016216778848718444,0.027195113288435824,0.0,0.0274631841017348,0.746537158694228,0.4688,False,,,0.0384,19,5,3,598,0.0384,0.7916666666666666,0.8636363636363636,0.004991680532445923,0.8933374930671103
12,mixed,0.003,evidence_no_geometry,100,0.0042201969185694495,0.003221681028657859,0.9824,0.3333333333333333,0.01406673733952548,0.023137371561814425,0.0,0.02354944429329706,0.757034114145462,0.352,False,,,0.0384,16,8,3,598,0.0384,0.6666666666666666,0.8421052631578947,0.004991680532445923,0.8308374930671103
12,mixed,0.003,risk_geometry,100,0.005556875483493848,0.004340985227166589,0.9856,0.25,0.015552068185680725,0.025949689178751394,0.0,0.026454666906013592,0.7548718017416701,0.4272,False,,,0.0384,18,6,3,598,0.0384,0.75,0.8571428571428571,0.004991680532445923,0.872504159733777
12,mixed,0.008,space_filling,100,0.0075580563211937925,0.005995526942030421,0.968,0.7083333333333334,0.014015681525285612,0.02107406298373749,0.0032,0.02130783595332361,0.6746267772979948,0.3024,False,,,0.0384,7,17,3,598,0.0384,0.2916666666666667,0.7,0.004991680532445923,0.6433374930671104
12,mixed,0.008,geometry_only,100,0.009343083424292293,0.007143227451810169,0.9696,0.7083333333333334,0.01635325068981598,0.028394235399536498,0.0016,0.02912094469141222,0.6600024490808718,0.4256,False,,,0.0384,7,17,2,599,0.0384,0.2916666666666667,0.7777777777777778,0.0033277870216306157,0.6441694398225181
12,mixed,0.008,uncertainty_only,100,0.007194813537993081,0.005750672656882637,0.9744,0.5416666666666666,0.013956369228107866,0.01967194214844663,0.0048,0.019887281776854032,0.6724349814229653,0.3072,False,,,0.0384,11,13,3,598,0.0384,0.4583333333333333,0.7857142857142857,0.004991680532445923,0.7266708264004437
12,mixed,0.008,evidence_gated,100,0.008113244458040602,0.00619237998894162,0.9808,0.20833333333333334,0.01573840628687677,0.0232222080062387,0.0016,0.023560109757669246,0.7659779920118333,0.3312,False,,,0.0384,19,5,7,594,0.0384,0.7916666666666666,0.7307692307692307,0.011647254575707155,0.8900097060454797
12,mixed,0.008,two_sided_straddle,100,0.007158113025843834,0.005772074102505962,0.976,0.3333333333333333,0.015671662197190517,0.023108774024588007,0.0,0.023125603102651746,0.7368258685055226,0.4,False,,,0.0384,16,8,7,594,0.0384,0.6666666666666666,0.6956521739130435,0.011647254575707155,0.8275097060454797
12,mixed,0.008,randomized_straddle,100,0.008174487475896865,0.0064020442491243045,0.9744,0.4166666666666667,0.01822829915299193,0.028918390192422525,0.0,0.029059792801574037,0.7061719963863295,0.5856,False,,,0.0384,14,10,6,595,0.0384,0.5833333333333334,0.7,0.009983361064891847,0.7866749861342208
12,mixed,0.008,posterior_risk,100,0.008435594227685276,0.006678848605116741,0.976,0.4166666666666667,0.017010810249675826,0.025109388591609976,0.0048,0.025228803359782573,0.7418890953546415,0.4912,False,,,0.0384,14,10,5,596,0.0384,0.5833333333333334,0.7368421052631579,0.008319467554076539,0.7875069328896285
12,mixed,0.008,evidence_no_geometry,100,0.008160692104216922,0.006560782826497541,0.984,0.25,0.015274336651138677,0.022785456534696148,0.0016,0.022865347922581672,0.7425648154158025,0.336,False,,,0.0384,18,6,4,597,0.0384,0.75,0.8181818181818182,0.0066555740432612314,0.8716722129783694
12,mixed,0.008,risk_geometry,100,0.00847927138274165,0.006704781954027422,0.976,0.25,0.017163016472629158,0.026047320323561374,0.0,0.02613131777413753,0.7707821866167589,0.448,False,,,0.0384,18,6,9,592,0.0384,0.75,0.6666666666666666,0.014975041597337771,0.8675124792013311
13,smooth,0.003,space_filling,100,0.0030289678658086644,0.0023900302569305745,0.9936,0.08,0.012201908991295207,0.019599448424121223,0.0032,0.02025534847367825,0.6270777863257306,0.3488,False,,,0.04,23,2,2,598,0.04,0.92,0.92,0.0033333333333333335,0.9583333333333334
13,smooth,0.003,geometry_only,100,0.0032755928169853144,0.002505732509177671,0.9888,0.16,0.01394884643403379,0.024484797847649013,0.0,0.024743861070438668,0.6115464124110744,0.4608,False,,,0.04,21,4,3,597,0.04,0.84,0.875,0.005,0.9175
13,smooth,0.003,uncertainty_only,100,0.002789744330193797,0.0021619885742930277,0.9824,0.28,0.012269124186737233,0.019157048263572667,0.0016,0.01938301786327935,0.6458237856573865,0.368,False,,,0.04,18,7,4,596,0.04,0.72,0.8181818181818182,0.006666666666666667,0.8566666666666667
13,smooth,0.003,evidence_gated,100,0.0029473811456139907,0.0022459091245512915,0.9824,0.28,0.013928670787028006,0.02344994153882554,0.0,0.02353639786659255,0.7093595631310253,0.5024,False,,,0.04,18,7,4,596,0.04,0.72,0.8181818181818182,0.006666666666666667,0.8566666666666667
13,smooth,0.003,two_sided_straddle,100,0.0023736988178675394,0.0018778378360189685,0.9872,0.2,0.013697304315078788,0.023764151423023048,0.0,0.02447536206806101,0.676504044275989,0.4896,False,,,0.04,20,5,3,597,0.04,0.8,0.8695652173913043,0.005,0.8975
13,smooth,0.003,randomized_straddle,100,0.0034216431741024866,0.0026882252995925225,0.984,0.28,0.015116895508931654,0.02665459342873129,0.0,0.0272032074421333,0.7355772989770291,0.5472,False,,,0.04,18,7,3,597,0.04,0.72,0.8571428571428571,0.005,0.8574999999999999
13,smooth,0.003,posterior_risk,100,0.0038575903890147355,0.002895889577844348,0.9824,0.32,0.01661506328212032,0.02704489240940415,0.0,0.027148113993803,0.7424390895988711,0.6208,False,,,0.04,17,8,3,597,0.04,0.68,0.85,0.005,0.8375
13,smooth,0.003,evidence_no_geometry,100,0.003186690656791047,0.0024528002286124035,0.9824,0.24,0.014358034912678655,0.024538903015353383,0.0,0.024857899400715696,0.7296833005298027,0.5152,False,,,0.04,19,6,5,595,0.04,0.76,0.7916666666666666,0.008333333333333333,0.8758333333333334
13,smooth,0.003,risk_geometry,100,0.004521091016160718,0.0032901054415805085,0.984,0.28,0.01668544873872213,0.02868049776244891,0.0016,0.028830000814247306,0.7255136409323701,0.6352,False,,,0.04,18,7,3,597,0.04,0.72,0.8571428571428571,0.005,0.8574999999999999
13,smooth,0.008,space_filling,100,0.006566625756057489,0.005186588108094487,0.9696,0.44,0.013947082539196813,0.02045928395593052,0.0096,0.020671284994258438,0.6043628441837786,0.3936,False,,,0.04,14,11,8,592,0.04,0.56,0.6363636363636364,0.013333333333333334,0.7733333333333334
13,smooth,0.008,geometry_only,100,0.005760549076748821,0.004296215297297973,0.976,0.2,0.015609597574538978,0.025161490745249336,0.0032,0.025289705751507977,0.6101763783426909,0.528,False,,,0.04,20,5,10,590,0.04,0.8,0.6666666666666666,0.016666666666666666,0.8916666666666666
13,smooth,0.008,uncertainty_only,100,0.006499642187494267,0.005051770046585402,0.9552,0.68,0.01392511378045524,0.019842626090426422,0.0,0.01998915697692325,0.645051923213824,0.4288,False,,,0.04,8,17,11,589,0.04,0.32,0.42105263157894735,0.018333333333333333,0.6508333333333334
13,smooth,0.008,evidence_gated,100,0.005914745561233993,0.004709739290238569,0.9824,0.32,0.015532888507719946,0.02326000853528836,0.0016,0.023360903767446463,0.6973893537925953,0.5424,False,,,0.04,17,8,3,597,0.04,0.68,0.85,0.005,0.8375
13,smooth,0.008,two_sided_straddle,100,0.005934224990498751,0.004541942537866577,0.976,0.36,0.015832073337149272,0.025387571019781945,0.0048,0.025401956487394187,0.6825104464277194,0.5744,False,,,0.04,16,9,6,594,0.04,0.64,0.7272727272727273,0.01,0.815
13,smooth,0.008,randomized_straddle,100,0.006788292238848869,0.005040532449646579,0.9744,0.44,0.017537998011877356,0.028973271336515723,0.0048,0.029080164932420778,0.6897545121439341,0.6464,False,,,0.04,14,11,5,595,0.04,0.56,0.7368421052631579,0.008333333333333333,0.7758333333333334
13,smooth,0.008,posterior_risk,100,0.008115768775472298,0.006296432393954348,0.9808,0.28,0.017966287670990903,0.02895360510050364,0.0,0.028998073325005893,0.7300724603753703,0.6096,False,,,0.04,18,7,5,595,0.04,0.72,0.782608695652174,0.008333333333333333,0.8558333333333333
13,smooth,0.008,evidence_no_geometry,100,0.006172374230893323,0.004661533586020623,0.9776,0.36,0.015677402192767743,0.024590617355735825,0.0112,0.02475642154324997,0.7011316808816032,0.576,False,,,0.04,16,9,5,595,0.04,0.64,0.7619047619047619,0.008333333333333333,0.8158333333333334
13,smooth,0.008,risk_geometry,100,0.006073776631027086,0.004929974064481062,0.9824,0.32,0.018027756355319766,0.028601462272233303,0.0016,0.029123472747983804,0.6886054539514752,0.6288,False,,,0.04,17,8,3,597,0.04,0.68,0.85,0.005,0.8375
13,waviness,0.003,space_filling,100,0.00693443964580883,0.005062800124028682,0.9456,0.576271186440678,0.012201908991295207,0.019599448424121223,0.008,0.02024862205115202,0.6542871107135334,0.304,False,,,0.0944,25,34,0,566,0.0944,0.423728813559322,1.0,0.0,0.711864406779661
13,waviness,0.003,geometry_only,100,0.008835228171573794,0.006427190381342268,0.9344,0.6779661016949152,0.013857551487696082,0.023625842507656335,0.0,0.023992052046781405,0.6373529653102024,0.4128,False,,,0.0944,19,40,1,565,0.0944,0.3220338983050847,0.95,0.0017667844522968198,0.660133556926394
13,waviness,0.003,uncertainty_only,100,0.006850974814426018,0.005084148742809866,0.944,0.576271186440678,0.012269124186737233,0.019157048263572667,0.0064,0.0193832105019536,0.626015169474421,0.3072,False,,,0.0944,25,34,1,565,0.0944,0.423728813559322,0.9615384615384616,0.0017667844522968198,0.7109810145535126
13,waviness,0.003,evidence_gated,100,0.010909604226118388,0.007788082333693036,0.9504,0.4745762711864407,0.014236481968008002,0.023500833053672576,0.0032,0.02362950558772152,0.7460153684395147,0.448,False,,,0.0944,31,28,3,563,0.0944,0.5254237288135594,0.9117647058823529,0.00530035335689046,0.7600616877283344
13,waviness,0.003,two_sided_straddle,100,0.01008586784149021,0.0068786778549809625,0.9616,0.3898305084745763,0.013560446976392037,0.023156774871353786,0.0032,0.02336770179183664,0.702755307111304,0.3808,False,,,0.0944,36,23,1,565,0.0944,0.6101694915254238,0.972972972972973,0.0017667844522968198,0.8042013535365635
13,waviness,0.003,randomized_straddle,100,0.011786410734710978,0.008053665009131756,0.9616,0.4067796610169492,0.014560083266931262,0.024457410637637133,0.0,0.024556053096613416,0.6979069980382119,0.44,False,,,0.0944,35,24,0,566,0.0944,0.5932203389830508,1.0,0.0,0.7966101694915254
13,waviness,0.003,posterior_risk,100,0.013424495909499307,0.00977320381763137,0.9424,0.576271186440678,0.01623456437050985,0.027809435444807056,0.0,0.028326703903296835,0.7554251460358032,0.5072,False,,,0.0944,25,34,2,564,0.0944,0.423728813559322,0.9259259259259259,0.0035335689045936395,0.7100976223273642
13,waviness,0.003,evidence_no_geometry,100,0.01041435621362993,0.007224341060544896,0.9568,0.423728813559322,0.015046731206926978,0.02518239835173019,0.0064,0.025413821065548386,0.7218982932472726,0.4848,False,,,0.0944,34,25,2,564,0.0944,0.576271186440678,0.9444444444444444,0.0035335689045936395,0.7863688087680422
13,waviness,0.003,risk_geometry,100,0.012667003814378028,0.009309491063691475,0.9456,0.5423728813559322,0.015511105618606351,0.02545126055154697,0.0032,0.025614299605564574,0.7740774447341517,0.456,False,,,0.0944,27,32,2,564,0.0944,0.4576271186440678,0.9310344827586207,0.0035335689045936395,0.7270467748697371
13,waviness,0.008,space_filling,100,0.009819809054372231,0.007546360946920041,0.9216,0.7288135593220338,0.013947082539196813,0.02045928395593052,0.008,0.02068379442418408,0.5928016380646414,0.3856,False,,,0.0944,16,43,6,560,0.0944,0.2711864406779661,0.7272727272727273,0.01060070671378092,0.6302928669820926
13,waviness,0.008,geometry_only,100,0.010804071792244355,0.008421652696940058,0.9216,0.7796610169491526,0.015512723594643998,0.024495143711124902,0.0016,0.024605463481792995,0.6345126373777036,0.4544,False,,,0.0944,13,46,3,563,0.0944,0.22033898305084745,0.8125,0.00530035335689046,0.6075193148469785
13,waviness,0.008,uncertainty_only,100,0.00983685090981023,0.007663598487307143,0.9248,0.6779661016949152,0.01392511378045524,0.019842626090426422,0.0064,0.01996221858238713,0.5878704723175379,0.3792,False,,,0.0944,19,40,7,559,0.0944,0.3220338983050847,0.7307692307692307,0.012367491166077738,0.6548332035695035
13,waviness,0.008,evidence_gated,100,0.01317743451135758,0.010208966670729428,0.9312,0.5932203389830508,0.015469869516256183,0.02312493244246856,0.0,0.023304315502268358,0.6266164966754281,0.5056,False,,,0.0944,24,35,8,558,0.0944,0.4067796610169492,0.75,0.014134275618374558,0.6963226926992874
13,waviness,0.008,two_sided_straddle,100,0.012398708821657993,0.00928492935894565,0.9392,0.5423728813559322,0.015532752550429484,0.023879741607545437,0.0048,0.023923562072251554,0.637402998410426,0.4512,False,,,0.0944,27,32,6,560,0.0944,0.4576271186440678,0.8181818181818182,0.01060070671378092,0.7235132059651435
13,waviness,0.008,randomized_straddle,100,0.013145886012716861,0.009935879614832421,0.928,0.6949152542372882,0.01682643350333479,0.02656773932037833,0.0032,0.026646014672881614,0.6973576205018851,0.5856,False,,,0.0944,18,41,4,562,0.0944,0.3050847457627119,0.8181818181818182,0.007067137809187279,0.6490088039767623
13,waviness,0.008,posterior_risk,100,0.015903712616064197,0.012057152149039655,0.9232,0.6101694915254238,0.01814626208868163,0.0300164775778939,0.0096,0.030215534918798217,0.6751084344747205,0.6,False,,,0.0944,23,36,12,554,0.0944,0.3898305084745763,0.6571428571428571,0.02120141342756184,0.6843145475235072
13,waviness,0.008,evidence_no_geometry,100,0.012505161167025136,0.009616274882990276,0.936,0.6271186440677966,0.015495602280429807,0.023556018572342532,0.0,0.023764623025393554,0.7000413847524746,0.4464,False,,,0.0944,22,37,3,563,0.0944,0.3728813559322034,0.88,0.00530035335689046,0.6837905012876564
13,waviness,0.008,risk_geometry,100,0.015232029954170183,0.011466665225760647,0.9264,0.5932203389830508,0.01749111586585917,0.028140769986891957,0.0032,0.028312265033966718,0.7034693376423443,0.616,False,,,0.0944,24,35,11,555,0.0944,0.4067796610169492,0.6857142857142857,0.019434628975265017,0.6936725160208421
13,local_defect,0.003,space_filling,100,0.006037927445929328,0.003189889494832512,0.9824,0.03333333333333333,0.012201908991295207,0.019599448424121223,0.0,0.02028231643246835,0.7057315874463821,0.256,False,,,0.048,29,1,10,585,0.048,0.9666666666666667,0.7435897435897436,0.01680672268907563,0.9749299719887955
13,local_defect,0.003,geometry_only,100,0.002818997028708888,0.0021928259820865365,0.9968,0.0,0.013740837086491502,0.02398756550808456,0.0,0.024822778047273474,0.6993518456015542,0.352,False,,,0.048,30,0,2,593,0.048,1.0,0.9375,0.0033613445378151263,0.9983193277310924
13,local_defect,0.003,uncertainty_only,100,0.004455756282416126,0.002615319269085216,0.9872,0.0,0.012269124186737233,0.019157048263572667,0.0,0.019402016179645286,0.7320540076730546,0.2256,False,,,0.048,30,0,8,587,0.048,1.0,0.7894736842105263,0.013445378151260505,0.9932773109243698
13,local_defect,0.003,evidence_gated,100,0.0036850319487883587,0.0022366278544506124,0.992,0.03333333333333333,0.013024030429020849,0.021135475005327888,0.0,0.02159827300152403,0.7934795950534158,0.2624,False,,,0.048,29,1,4,591,0.048,0.9666666666666667,0.8787878787878788,0.0067226890756302525,0.9799719887955183
13,local_defect,0.003,two_sided_straddle,100,0.005201806510957147,0.0029408857484492343,0.9952,0.0,0.013264036577852077,0.02254560697001322,0.0016,0.022789692802863113,0.7954468829435524,0.288,False,,,0.048,30,0,3,592,0.048,1.0,0.9090909090909091,0.005042016806722689,0.9974789915966387
13,local_defect,0.003,randomized_straddle,100,0.0033006413237477925,0.002543786412298205,0.9936,0.0,0.015752067910129564,0.02706977071344427,0.0,0.02753081212883851,0.7594242961642557,0.4944,False,,,0.048,30,0,4,591,0.048,1.0,0.8823529411764706,0.0067226890756302525,0.9966386554621849
13,local_defect,0.003,posterior_risk,100,0.004632419923382265,0.0029332950126159537,0.992,0.03333333333333333,0.014672960126239507,0.0247750102719952,0.0016,0.024832807466347185,0.8165386868264014,0.3408,False,,,0.048,29,1,4,591,0.048,0.9666666666666667,0.8787878787878788,0.0067226890756302525,0.9799719887955183
13,local_defect,0.003,evidence_no_geometry,100,0.003391166614940888,0.002113215438720627,0.9984,0.0,0.012808020350723634,0.021017963827742195,0.0,0.02137427671902353,0.7948782417364259,0.2496,False,,,0.048,30,0,1,594,0.048,1.0,0.967741935483871,0.0016806722689075631,0.9991596638655462
13,local_defect,0.003,risk_geometry,100,0.004329941895615444,0.0026976863897374558,0.9936,0.0,0.014505619213929646,0.023915018578983753,0.0016,0.024256713299984668,0.8035892516566355,0.3568,False,,,0.048,30,0,4,591,0.048,1.0,0.8823529411764706,0.0067226890756302525,0.9966386554621849
13,local_defect,0.008,space_filling,100,0.007626789524307701,0.005490695413184202,0.9728,0.03333333333333333,0.013947082539196813,0.02045928395593052,0.0,0.02069189482701635,0.6466617355007164,0.3168,False,,,0.048,29,1,16,579,0.048,0.9666666666666667,0.6444444444444445,0.02689075630252101,0.9698879551820728
13,local_defect,0.008,geometry_only,100,0.00630112139862459,0.005133568182293253,0.9904,0.0,0.015403054414424662,0.024791576749923872,0.0016,0.02542257314596203,0.6589239344482731,0.4096,False,,,0.048,30,0,6,589,0.048,1.0,0.8333333333333334,0.010084033613445379,0.9949579831932773
13,local_defect,0.008,uncertainty_only,100,0.007243149629499357,0.005531788907761452,0.9904,0.0,0.01392511378045524,0.019842626090426422,0.0032,0.020014231670116046,0.6851273938350464,0.2848,False,,,0.048,30,0,6,589,0.048,1.0,0.8333333333333334,0.010084033613445379,0.9949579831932773
13,local_defect,0.008,evidence_gated,100,0.005655067388811989,0.0045406755701882405,0.9888,0.0,0.014738397347913738,0.021957447435243402,0.0032,0.022164224765493786,0.7344359223737217,0.3616,False,,,0.048,30,0,7,588,0.048,1.0,0.8108108108108109,0.011764705882352941,0.9941176470588236
13,local_defect,0.008,two_sided_straddle,100,0.00663145776254591,0.0052156237050908945,0.9968,0.0,0.015164928244633682,0.024044072707472542,0.0016,0.02425575986388123,0.756754162645644,0.3888,False,,,0.048,30,0,2,593,0.048,1.0,0.9375,0.0033613445378151263,0.9983193277310924
13,local_defect,0.008,randomized_straddle,100,0.006607943657251055,0.005208792917576158,0.9936,0.0,0.016210312897474433,0.026420316204165906,0.0016,0.02659309662693445,0.7377796330694111,0.4912,False,,,0.048,30,0,4,591,0.048,1.0,0.8823529411764706,0.0067226890756302525,0.9966386554621849
13,local_defect,0.008,posterior_risk,100,0.006117992867965738,0.004910878569735939,0.992,0.0,0.017115033848288958,0.02622462866321793,0.0,0.026286324859684945,0.7663691574138055,0.56,False,,,0.048,30,0,5,590,0.048,1.0,0.8571428571428571,0.008403361344537815,0.9957983193277311
13,local_defect,0.008,evidence_no_geometry,100,0.005351260193837944,0.004329869534525494,0.9936,0.0,0.014704104102980009,0.021973304231821554,0.0,0.02215862226705388,0.7587080059790685,0.3696,False,,,0.048,30,0,4,591,0.048,1.0,0.8823529411764706,0.0067226890756302525,0.9966386554621849
13,local_defect,0.008,risk_geometry,100,0.00636075149856207,0.004805600894980121,0.9952,0.0,0.016950496476110903,0.02682332364641033,0.0016,0.027090229478852302,0.7524001091059086,0.5312,False,,,0.048,30,0,3,592,0.048,1.0,0.9090909090909091,0.005042016806722689,0.9974789915966387
13,mixed,0.003,space_filling,100,0.004938574022696873,0.0034025542245098277,0.968,0.5517241379310345,0.012201908991295207,0.019599448424121223,0.0016,0.020283911567235018,0.6700327421688173,0.2528,False,,,0.0464,13,16,4,592,0.0464,0.4482758620689655,0.7647058823529411,0.006711409395973154,0.7207822263364962
13,mixed,0.003,geometry_only,100,0.0053554821743366674,0.003909369961463399,0.976,0.5172413793103449,0.013718073143166205,0.02296905178566841,0.0,0.023996558479220016,0.6931348467511084,0.3216,False,,,0.0464,14,15,0,596,0.0464,0.4827586206896552,1.0,0.0,0.7413793103448276
13,mixed,0.003,uncertainty_only,100,0.00465805267926908,0.0031743757423015537,0.9808,0.3793103448275862,0.012269124186737233,0.019157048263572667,0.0016,0.01938324902968845,0.6216389104230972,0.2816,False,,,0.0464,18,11,1,595,0.0464,0.6206896551724138,0.9473684210526315,0.0016778523489932886,0.8095059014117103
13,mixed,0.003,evidence_gated,100,0.004987473535392641,0.0035735416104607557,0.9872,0.10344827586206896,0.013937642704626142,0.02319963536433007,0.0,0.023431462442788858,0.7556471819216863,0.3632,False,,,0.0464,26,3,5,591,0.0464,0.896551724137931,0.8387096774193549,0.008389261744966443,0.9440812311964824
13,mixed,0.003,two_sided_straddle,100,0.005458537447600633,0.003822490270358965,0.9808,0.3103448275862069,0.013621951098967468,0.021915488896272203,0.0,0.02209107951420203,0.7394941203990993,0.3024,False,,,0.0464,20,9,3,593,0.0464,0.6896551724137931,0.8695652173913043,0.0050335570469798654,0.8423108076834067
13,mixed,0.003,randomized_straddle,100,0.006659756163067851,0.004634687495446927,0.9888,0.13793103448275862,0.015711060173925054,0.026210414763614173,0.0032,0.0264646054284602,0.7344435259066212,0.5088,False,,,0.0464,25,4,3,593,0.0464,0.8620689655172413,0.8928571428571429,0.0050335570469798654,0.9285177042351307
13,mixed,0.003,posterior_risk,100,0.006793088071734563,0.005131234037041406,0.9888,0.13793103448275862,0.015997750245704326,0.026729855288014755,0.0032,0.026976349365031335,0.7581122516558538,0.4656,False,,,0.0464,25,4,3,593,0.0464,0.8620689655172413,0.8928571428571429,0.0050335570469798654,0.9285177042351307
13,mixed,0.003,evidence_no_geometry,100,0.0070505956288511515,0.004702998843476566,0.9856,0.20689655172413793,0.014003364561316102,0.022543166937728797,0.0016,0.02328813008405833,0.7543486453148371,0.3568,False,,,0.0464,23,6,3,593,0.0464,0.7931034482758621,0.8846153846153846,0.0050335570469798654,0.8940349456144412
13,mixed,0.003,risk_geometry,100,0.005952879368013933,0.004435631927029225,0.9888,0.10344827586206896,0.01545833245708759,0.02606586834465988,0.0016,0.02632464428973407,0.7567301545480946,0.4528,False,,,0.0464,26,3,4,592,0.0464,0.896551724137931,0.8666666666666667,0.006711409395973154,0.9449201573709789
13,mixed,0.008,space_filling,100,0.00694284856159178,0.005559189545509869,0.9584,0.6206896551724138,0.013947082539196813,0.02045928395593052,0.0016,0.020846331883261838,0.6614947684957311,0.3168,False,,,0.0464,11,18,8,588,0.0464,0.3793103448275862,0.5789473684210527,0.013422818791946308,0.6829437630178199
13,mixed,0.008,geometry_only,100,0.007682009152073911,0.005908963868098822,0.96,0.7931034482758621,0.0153770884263885,0.023683239331631998,0.0,0.024202849119794437,0.709631709788595,0.416,False,,,0.0464,6,23,2,594,0.0464,0.20689655172413793,0.75,0.003355704697986577,0.6017704235130756
13,mixed,0.008,uncertainty_only,100,0.006521704910832025,0.0050293197575255084,0.9696,0.3448275862068966,0.01392511378045524,0.019842626090426422,0.0064,0.020004122751665545,0.5943235328712926,0.3536,False,,,0.0464,19,10,9,587,0.0464,0.6551724137931034,0.6785714285714286,0.015100671140939598,0.8200358713260819
13,mixed,0.008,evidence_gated,100,0.007146478888963141,0.005642975466027451,0.9776,0.3103448275862069,0.015306232109579805,0.02254533028582079,0.0016,0.02265231223672885,0.6723300493686983,0.4208,False,,,0.0464,20,9,5,591,0.0464,0.6896551724137931,0.8,0.008389261744966443,0.8406329553344134
13,mixed,0.008,two_sided_straddle,100,0.008107492924355857,0.006560265648993648,0.9696,0.3793103448275862,0.01568646780442177,0.02376231525965321,0.0016,0.023844582411961274,0.7284852058077836,0.4624,False,,,0.0464,18,11,8,588,0.0464,0.6206896551724138,0.6923076923076923,0.013422818791946308,0.8036334181902338
13,mixed,0.008,randomized_straddle,100,0.008185129505737295,0.006552206837205582,0.9696,0.2413793103448276,0.01622443197268249,0.025434623997230354,0.0048,0.02554109146214355,0.7035271599643207,0.5104,False,,,0.0464,22,7,12,584,0.0464,0.7586206896551724,0.6470588235294118,0.020134228187919462,0.8692432307336264
13,mixed,0.008,posterior_risk,100,0.009594702930571844,0.007778351165877041,0.9744,0.27586206896551724,0.01805368227122007,0.027995263890438802,0.0,0.02811514578982132,0.7109482320008684,0.5904,False,,,0.0464,21,8,8,588,0.0464,0.7241379310344828,0.7241379310344828,0.013422818791946308,0.8553575561212683
13,mixed,0.008,evidence_no_geometry,100,0.007679987490942916,0.0059150628463118,0.9648,0.5172413793103449,0.015297324612209695,0.02241086720693913,0.0016,0.022604693530832706,0.7290929026871397,0.3856,False,,,0.0464,14,15,7,589,0.0464,0.4827586206896552,0.6666666666666666,0.01174496644295302,0.7355068271233511
13,mixed,0.008,risk_geometry,100,0.008941090706974407,0.007218915516398011,0.9728,0.3448275862068966,0.018482021607029935,0.029169135706656066,0.0032,0.029233085802008753,0.7319635856496304,0.6016,False,,,0.0464,19,10,7,589,0.0464,0.6551724137931034,0.7307692307692307,0.01174496644295302,0.8217137236750752
14,smooth,0.003,space_filling,100,0.0028781966224207677,0.002322442649306089,0.9888,0.16666666666666666,0.012192444246804672,0.019893833627180894,0.0,0.020439353419072225,0.7084237564925123,0.3104,False,,,0.0384,20,4,3,598,0.0384,0.8333333333333334,0.8695652173913043,0.004991680532445923,0.9141708264004438
14,smooth,0.003,geometry_only,100,0.0034008144431567746,0.002750342722262487,0.992,0.16666666666666666,0.014569067404786123,0.02674672414771687,0.0,0.027978672048648658,0.6440078468061622,0.4144,False,,,0.0384,20,4,1,600,0.0384,0.8333333333333334,0.9523809523809523,0.0016638935108153079,0.9158347199112591
14,smooth,0.003,uncertainty_only,100,0.0028447011113701655,0.0022813475043172225,0.992,0.16666666666666666,0.012259727386932168,0.018955901339217287,0.0,0.01928516455193963,0.6982638211603648,0.3072,False,,,0.0384,20,4,1,600,0.0384,0.8333333333333334,0.9523809523809523,0.0016638935108153079,0.9158347199112591
14,smooth,0.003,evidence_gated,100,0.002658794619740277,0.0021439513370221258,0.9904,0.20833333333333334,0.012963673994022255,0.021340660355146906,0.0,0.021739911359129314,0.7332630389854936,0.3632,False,,,0.0384,19,5,1,600,0.0384,0.7916666666666666,0.95,0.0016638935108153079,0.8950013865779256
14,smooth,0.003,two_sided_straddle,100,0.002933399566638383,0.002395320350426391,0.992,0.16666666666666666,0.013694659911013485,0.022630650611639616,0.0,0.02284234049434058,0.7337278306062412,0.384,False,,,0.0384,20,4,1,600,0.0384,0.8333333333333334,0.9523809523809523,0.0016638935108153079,0.9158347199112591
14,smooth,0.003,randomized_straddle,100,0.0039020162865965108,0.003075534020433939,0.9936,0.08333333333333333,0.016282115971485475,0.02772218085327604,0.0,0.027931669875597885,0.7362467401782253,0.5216,False,,,0.0384,22,2,2,599,0.0384,0.9166666666666666,0.9166666666666666,0.0033277870216306157,0.956669439822518
14,smooth,0.003,posterior_risk,100,0.0046627475460233915,0.003507453064984297,0.9936,0.08333333333333333,0.015749397213255713,0.02692642350836925,0.0,0.02726121289228533,0.7703868649381315,0.4864,False,,,0.0384,22,2,2,599,0.0384,0.9166666666666666,0.9166666666666666,0.0033277870216306157,0.956669439822518
14,smooth,0.003,evidence_no_geometry,100,0.0035790070071408924,0.0028927349943486144,0.992,0.16666666666666666,0.013610545816851291,0.02232966009810917,0.0,0.022818876904740173,0.7632493420316403,0.3504,False,,,0.0384,20,4,1,600,0.0384,0.8333333333333334,0.9523809523809523,0.0016638935108153079,0.9158347199112591
14,smooth,0.003,risk_geometry,100,0.0034787214530101894,0.002772777366159968,0.9952,0.08333333333333333,0.015242443751665672,0.025176296838982083,0.0,0.025441625220709696,0.7716093929138159,0.4768,False,,,0.0384,22,2,1,600,0.0384,0.9166666666666666,0.9565217391304348,0.0016638935108153079,0.9575013865779256
14,smooth,0.008,space_filling,100,0.006064018827141113,0.004741221353476578,0.9856,0.3333333333333333,0.013946462885069778,0.020654085945766686,0.0016,0.02104986696287944,0.6498935341414923,0.3456,False,,,0.0384,16,8,1,600,0.0384,0.6666666666666666,0.9411764705882353,0.0016638935108153079,0.8325013865779256
14,smooth,0.008,geometry_only,100,0.006747050293618158,0.005193904696098062,0.9744,0.20833333333333334,0.016190281028202528,0.027406415709312067,0.0,0.028428577386841035,0.6134082634192046,0.472,False,,,0.0384,19,5,11,590,0.0384,0.7916666666666666,0.6333333333333333,0.018302828618968387,0.8866819190238491
14,smooth,0.008,uncertainty_only,100,0.006048858631052114,0.004617462261180914,0.984,0.375,0.013902578995306083,0.01954372144218718,0.0032,0.019804659090592102,0.648164617929488,0.3488,False,,,0.0384,15,9,1,600,0.0384,0.625,0.9375,0.0016638935108153079,0.8116680532445923
14,smooth,0.008,evidence_gated,100,0.006077233336752199,0.004854761724717345,0.9856,0.125,0.015213785657561197,0.02268656087735785,0.0016,0.02284878413843592,0.7275955329226298,0.4368,False,,,0.0384,21,3,6,595,0.0384,0.875,0.7777777777777778,0.009983361064891847,0.9325083194675541
14,smooth,0.008,two_sided_straddle,100,0.006358709678109943,0.004919313991644111,0.9792,0.16666666666666666,0.015262630347672198,0.02377523348848543,0.0048,0.02411096248995153,0.7185561525748241,0.3856,False,,,0.0384,20,4,9,592,0.0384,0.8333333333333334,0.6896551724137931,0.014975041597337771,0.9091791458679979
14,smooth,0.008,randomized_straddle,100,0.007677195308960625,0.005911061337922341,0.984,0.125,0.0185980712968753,0.031419017311047376,0.0016,0.031501438414891156,0.7021195534544421,0.6032,False,,,0.0384,21,3,7,594,0.0384,0.875,0.75,0.011647254575707155,0.9316763727121464
14,smooth,0.008,posterior_risk,100,0.007833299329144783,0.00622334699231523,0.9808,0.16666666666666666,0.0178923428545514,0.027739404097832147,0.0032,0.028151008118920354,0.7265996404690165,0.576,False,,,0.0384,20,4,8,593,0.0384,0.8333333333333334,0.7142857142857143,0.013311148086522463,0.9100110926234055
14,smooth,0.008,evidence_no_geometry,100,0.006425289092330226,0.005123409654894113,0.9728,0.125,0.01594322243643797,0.023984976690406674,0.0,0.02404679674246636,0.7141282476274866,0.4992,False,,,0.0384,21,3,14,587,0.0384,0.875,0.6,0.02329450915141431,0.9258527454242929
14,smooth,0.008,risk_geometry,100,0.007296282728525506,0.005925783380335471,0.9808,0.125,0.017792541196173774,0.02836041472230108,0.0,0.028605742736973267,0.7176210277381038,0.5888,False,,,0.0384,21,3,9,592,0.0384,0.875,0.7,0.014975041597337771,0.9300124792013311
14,waviness,0.003,space_filling,100,0.007878128460244504,0.005631299573091506,0.9392,0.6271186440677966,0.012192444246804672,0.019893833627180894,0.0064,0.020383876121401523,0.653520404856842,0.2864,False,,,0.0944,22,37,1,565,0.0944,0.3728813559322034,0.9565217391304348,0.0017667844522968198,0.6855572857399532
14,waviness,0.003,geometry_only,100,0.01512722496280524,0.010023377641852661,0.9104,0.9152542372881356,0.015438530489736457,0.03224062052462644,0.0048,0.033281280966688385,0.5604917183744897,0.4208,False,,,0.0944,5,54,2,564,0.0944,0.0847457627118644,0.7142857142857143,0.0035335689045936395,0.5406060969036354
14,waviness,0.003,uncertainty_only,100,0.008459779814721548,0.006226075401341332,0.9296,0.6949152542372882,0.012259727386932168,0.018955901339217287,0.0,0.019220957771683866,0.6779322470873177,0.2464,False,,,0.0944,18,41,3,563,0.0944,0.3050847457627119,0.8571428571428571,0.00530035335689046,0.6498921962029107
14,waviness,0.003,evidence_gated,100,0.009578464106161895,0.0070285853879684425,0.9536,0.3898305084745763,0.01372558983570297,0.022223974936182393,0.0016,0.022345249236827402,0.7233385174290733,0.3808,False,,,0.0944,36,23,6,560,0.0944,0.6101694915254238,0.8571428571428571,0.01060070671378092,0.7997843924058214
14,waviness,0.003,two_sided_straddle,100,0.011893927096295937,0.008324204286598337,0.9472,0.5254237288135594,0.013942407532976559,0.022964667922889336,0.0016,0.024043158316141334,0.7360035113214771,0.3376,False,,,0.0944,28,31,2,564,0.0944,0.4745762711864407,0.9333333333333333,0.0035335689045936395,0.7355213511409235
14,waviness,0.003,randomized_straddle,100,0.01336234018497325,0.009406499458636523,0.9424,0.5423728813559322,0.01637395470980843,0.02939450956435186,0.0016,0.029853930581779715,0.723050550683375,0.4736,False,,,0.0944,27,32,4,562,0.0944,0.4576271186440678,0.8709677419354839,0.007067137809187279,0.7252799904174403
14,waviness,0.003,posterior_risk,100,0.014977039276906676,0.01019086924859841,0.9504,0.4576271186440678,0.017370127776357967,0.03169076929667656,0.0016,0.03182702641680709,0.6926534754107584,0.568,False,,,0.0944,32,27,4,562,0.0944,0.5423728813559322,0.8888888888888888,0.007067137809187279,0.7676528717733724
14,waviness,0.003,evidence_no_geometry,100,0.010989682820787865,0.007978151639946045,0.9552,0.423728813559322,0.01427266112101496,0.02323907864709285,0.0,0.023414480711386403,0.7401984647715578,0.3696,False,,,0.0944,34,25,3,563,0.0944,0.576271186440678,0.918918918918919,0.00530035335689046,0.7854854165418937
14,waviness,0.003,risk_geometry,100,0.013129828112224214,0.009269404348919801,0.952,0.4406779661016949,0.016186252551132964,0.02806614747068798,0.0016,0.028199352773466527,0.7285634586014199,0.5392,False,,,0.0944,33,26,4,562,0.0944,0.559322033898305,0.8918918918918919,0.007067137809187279,0.7761274480445588
14,waviness,0.008,space_filling,100,0.009325797949021853,0.007227301920612497,0.9312,0.6271186440677966,0.013946462885069778,0.020654085945766686,0.0,0.020879345249146142,0.6518022324844395,0.3488,False,,,0.0944,22,37,6,560,0.0944,0.3728813559322034,0.7857142857142857,0.01060070671378092,0.6811403246092113
14,waviness,0.008,geometry_only,100,0.01607923730638458,0.011393308388732912,0.896,0.9491525423728814,0.017050927118949233,0.03285227519313459,0.0048,0.033514861209039064,0.5671343189000859,0.4816,False,,,0.0944,3,56,9,557,0.0944,0.05084745762711865,0.25,0.015901060070671377,0.5174731987782236
14,waviness,0.008,uncertainty_only,100,0.011069814596884968,0.008558437660643571,0.9216,0.7627118644067796,0.013902578995306083,0.01954372144218718,0.0032,0.019741778530501027,0.6725400422364356,0.3216,False,,,0.0944,14,45,4,562,0.0944,0.23728813559322035,0.7777777777777778,0.007067137809187279,0.6151104988920165
14,waviness,0.008,evidence_gated,100,0.011802213979802013,0.008799270403388465,0.9328,0.559322033898305,0.014949875639190728,0.021739177324446204,0.0048,0.021900913177459652,0.6786869016620348,0.3952,False,,,0.0944,26,33,9,557,0.0944,0.4406779661016949,0.7428571428571429,0.015901060070671377,0.7123884530155118
14,waviness,0.008,two_sided_straddle,100,0.012841083528606178,0.009902598601120248,0.9296,0.6610169491525424,0.01521878576627326,0.0220707018067374,0.008,0.022225571043854624,0.66287410736109,0.3824,False,,,0.0944,20,39,5,561,0.0944,0.3389830508474576,0.8,0.0088339222614841,0.6650745642929867
14,waviness,0.008,randomized_straddle,100,0.013372829803213325,0.010105838848359503,0.928,0.6779661016949152,0.01743636545979879,0.027256230243363405,0.0048,0.027397115169561347,0.7389616466639397,0.52,False,,,0.0944,19,40,5,561,0.0944,0.3220338983050847,0.7916666666666666,0.0088339222614841,0.6565999880218003
14,waviness,0.008,posterior_risk,100,0.014327430018564595,0.010828972708236134,0.9232,0.6779661016949152,0.017541876452733005,0.02815622686569,0.0048,0.028253196223660054,0.707371636375542,0.5312,False,,,0.0944,19,40,8,558,0.0944,0.3220338983050847,0.7037037037037037,0.014134275618374558,0.6539498113433551
14,waviness,0.008,evidence_no_geometry,100,0.012920505294891315,0.009853466051437613,0.9264,0.6610169491525424,0.015576067038162472,0.023212785958541086,0.0016,0.023315400978646372,0.7056415531518457,0.4064,False,,,0.0944,20,39,7,559,0.0944,0.3389830508474576,0.7407407407407407,0.012367491166077738,0.6633077798406899
14,waviness,0.008,risk_geometry,100,0.013999151911775682,0.010626395731946158,0.9248,0.6779661016949152,0.016743307998417344,0.025139781575358858,0.0064,0.025213582039723296,0.7370276356614411,0.5152,False,,,0.0944,19,40,7,559,0.0944,0.3220338983050847,0.7307692307692307,0.012367491166077738,0.6548332035695035
14,local_defect,0.003,space_filling,100,0.0037503590465563057,0.0027356967469811303,0.9904,0.3,0.012192444246804672,0.019893833627180894,0.0,0.020487471968015657,0.7746614617605679,0.1808,False,,,0.016,7,3,3,612,0.016,0.7,0.7,0.004878048780487805,0.8475609756097561
14,local_defect,0.003,geometry_only,100,0.003942384439202594,0.002730663934198705,0.9936,0.3,0.013700613288074408,0.022995963024015898,0.0016,0.02396485205735452,0.7581476062561954,0.2912,False,,,0.016,7,3,1,614,0.016,0.7,0.875,0.0016260162601626016,0.8491869918699186
14,local_defect,0.003,uncertainty_only,100,0.0033442496650358503,0.0024688095663031495,0.9968,0.1,0.012259727386932168,0.018955901339217287,0.0,0.019311400874656513,0.7968275358117776,0.1792,False,,,0.016,9,1,1,614,0.016,0.9,0.9,0.0016260162601626016,0.9491869918699187
14,local_defect,0.003,evidence_gated,100,0.0025030734461868385,0.0019349727589031637,0.9984,0.0,0.012303669693588417,0.019047114910801,0.0,0.02018445586595901,0.8470981656332933,0.1504,True,76.0,True,0.016,10,0,1,614,0.016,1.0,0.9090909090909091,0.0016260162601626016,0.9991869918699188
14,local_defect,0.003,two_sided_straddle,100,0.0028974224335706813,0.0023076987717817275,0.9984,0.0,0.01347708706415921,0.022344738630831907,0.0,0.02261947735112195,0.835297841136458,0.2128,False,,,0.016,10,0,1,614,0.016,1.0,0.9090909090909091,0.0016260162601626016,0.9991869918699188
14,local_defect,0.003,randomized_straddle,100,0.00286102372491096,0.00231008000488413,0.9984,0.0,0.014643078776915553,0.025152721028905176,0.0,0.025657579389954176,0.818139050855887,0.3104,False,,,0.016,10,0,1,614,0.016,1.0,0.9090909090909091,0.0016260162601626016,0.9991869918699188
14,local_defect,0.003,posterior_risk,100,0.0026601098885921616,0.0021038709374583565,0.9984,0.0,0.013711676842640304,0.0224055834820078,0.0,0.022862282013143498,0.8530498515373587,0.2016,False,,,0.016,10,0,1,614,0.016,1.0,0.9090909090909091,0.0016260162601626016,0.9991869918699188
14,local_defect,0.003,evidence_no_geometry,100,0.0030064745688171634,0.0024212767789430485,0.9984,0.0,0.012734772297994558,0.020657236565272023,0.0,0.020724853002902697,0.8381454425616239,0.1648,False,,,0.016,10,0,1,614,0.016,1.0,0.9090909090909091,0.0016260162601626016,0.9991869918699188
14,local_defect,0.003,risk_geometry,100,0.0027452621253034664,0.002148379099897219,0.9984,0.0,0.013510691180374759,0.022048275304684038,0.0,0.022185689548154978,0.8567029313949537,0.2128,False,,,0.016,10,0,1,614,0.016,1.0,0.9090909090909091,0.0016260162601626016,0.9991869918699188
14,local_defect,0.008,space_filling,100,0.006843667077287822,0.005193634555648645,0.984,0.5,0.013946462885069778,0.020654085945766686,0.0,0.021083600387729624,0.7291721990579583,0.2512,False,,,0.016,5,5,5,610,0.016,0.5,0.5,0.008130081300813009,0.7459349593495934
14,local_defect,0.008,geometry_only,100,0.006105930651522595,0.004448008621944351,0.9904,0.6,0.015359101223919215,0.023844830497945085,0.0016,0.024316193922264043,0.7568346175060242,0.3568,False,,,0.016,4,6,0,615,0.016,0.4,1.0,0.0,0.7
14,local_defect,0.008,uncertainty_only,100,0.005970088297980459,0.004719817714173803,0.992,0.1,0.013902578995306083,0.01954372144218718,0.0,0.019860736182121495,0.7124823619716719,0.2176,False,,,0.016,9,1,4,611,0.016,0.9,0.6923076923076923,0.0065040650406504065,0.9467479674796748
14,local_defect,0.008,evidence_gated,100,0.00543559514675697,0.004372376217128345,0.9952,0.0,0.014378459350638298,0.021024175737374466,0.0,0.02135025945089361,0.8174080613500804,0.1968,True,100.0,True,0.016,10,0,3,612,0.016,1.0,0.7692307692307693,0.004878048780487805,0.9975609756097561
14,local_defect,0.008,two_sided_straddle,100,0.006016798466510984,0.004625317581110435,0.992,0.4,0.015225035086483148,0.023059415468274957,0.0,0.023151777678010004,0.8276826217028141,0.2672,False,,,0.016,6,4,1,614,0.016,0.6,0.8571428571428571,0.0016260162601626016,0.7991869918699187
14,local_defect,0.008,randomized_straddle,100,0.005912790562201242,0.004646776179701545,0.9968,0.0,0.016486792202690077,0.02541218038551415,0.0,0.025528297969216546,0.8059237178157554,0.3648,False,,,0.016,10,0,2,613,0.016,1.0,0.8333333333333334,0.0032520325203252032,0.9983739837398373
14,local_defect,0.008,posterior_risk,100,0.00610820713581952,0.0047913862749214215,0.9984,0.0,0.01575398224351095,0.022881022912855622,0.0,0.023000007494156816,0.8242352809000949,0.3296,False,,,0.016,10,0,1,614,0.016,1.0,0.9090909090909091,0.0016260162601626016,0.9991869918699188
14,local_defect,0.008,evidence_no_geometry,100,0.006274729751144759,0.004823858536657582,0.9984,0.0,0.01436035710482042,0.02079117244179711,0.0,0.021102008287553365,0.8094068026204246,0.2544,False,,,0.016,10,0,1,614,0.016,1.0,0.9090909090909091,0.0016260162601626016,0.9991869918699188
14,local_defect,0.008,risk_geometry,100,0.005526062219194308,0.004297060865992121,0.9984,0.0,0.015605086348155795,0.024070000765049816,0.0,0.024300031170483485,0.8261450045472974,0.3024,False,,,0.016,10,0,1,614,0.016,1.0,0.9090909090909091,0.0016260162601626016,0.9991869918699188
14,mixed,0.003,space_filling,100,0.0040020320993304805,0.003037272118694954,0.9872,0.5384615384615384,0.012192444246804672,0.019893833627180894,0.0,0.020442664763348526,0.683229353220141,0.2432,False,,,0.0208,6,7,1,611,0.0208,0.46153846153846156,0.8571428571428571,0.0016339869281045752,0.7299522373051786
14,mixed,0.003,geometry_only,100,0.0051486978935006466,0.0038991371744217466,0.984,0.46153846153846156,0.014706597244943425,0.025940565651489597,0.0,0.027203421128618593,0.6972976159481294,0.4048,False,,,0.0208,7,6,4,608,0.0208,0.5384615384615384,0.6363636363636364,0.006535947712418301,0.76596279537456
14,mixed,0.003,uncertainty_only,100,0.004070750170424995,0.0031256081852912986,0.9872,0.5384615384615384,0.012259727386932168,0.018955901339217287,0.0,0.019311400874656513,0.6941330271198219,0.2448,False,,,0.0208,6,7,1,611,0.0208,0.46153846153846156,0.8571428571428571,0.0016339869281045752,0.7299522373051786
14,mixed,0.003,evidence_gated,100,0.004683345515529832,0.0036123484591721678,0.9872,0.15384615384615385,0.013214661756656795,0.021363272312491643,0.0,0.021652836473600227,0.7650214403836404,0.288,False,,,0.0208,11,2,6,606,0.0208,0.8461538461538461,0.6470588235294118,0.00980392156862745,0.9181749622926094
14,mixed,0.003,two_sided_straddle,100,0.004631946344963522,0.0036717238010037043,0.9904,0.0,0.013452289678984692,0.02265146694001963,0.0016,0.022974260645927915,0.7228517060544619,0.3008,False,,,0.0208,13,0,6,606,0.0208,1.0,0.6842105263157895,0.00980392156862745,0.9950980392156863
14,mixed,0.003,randomized_straddle,100,0.006946371910085281,0.005130115668798103,0.984,0.15384615384615385,0.015496342487456382,0.027160527575130114,0.0016,0.027358197936279197,0.7614239433432018,0.3984,False,,,0.0208,11,2,8,604,0.0208,0.8461538461538461,0.5789473684210527,0.013071895424836602,0.9165409753645049
14,mixed,0.003,posterior_risk,100,0.007182546674843688,0.00550385368585001,0.9824,0.15384615384615385,0.01565680864763743,0.0257692661926307,0.0032,0.026010606147361004,0.7658550077075756,0.4432,False,,,0.0208,11,2,9,603,0.0208,0.8461538461538461,0.55,0.014705882352941176,0.9157239819004526
14,mixed,0.003,evidence_no_geometry,100,0.004948610972688987,0.0038103562444070697,0.9872,0.23076923076923078,0.01319963564434212,0.020943075560553685,0.0,0.02105943702622987,0.7444225182159799,0.3088,False,,,0.0208,10,3,5,607,0.0208,0.7692307692307693,0.6666666666666666,0.008169934640522876,0.8805304172951232
14,mixed,0.003,risk_geometry,100,0.0056349921833823815,0.004383542467166383,0.9824,0.23076923076923078,0.015071120025295266,0.02552810093233017,0.0,0.025586399328008345,0.7790252617550092,0.3936,False,,,0.0208,10,3,8,604,0.0208,0.7692307692307693,0.5555555555555556,0.013071895424836602,0.8780794369029663
14,mixed,0.008,space_filling,100,0.006684270351908018,0.005365194206164376,0.9856,0.6153846153846154,0.013946462885069778,0.020654085945766686,0.0,0.02098661110855017,0.7178919110901658,0.2848,False,,,0.0208,5,8,1,611,0.0208,0.38461538461538464,0.8333333333333334,0.0016339869281045752,0.69149069884364
14,mixed,0.008,geometry_only,100,0.008192182076843042,0.0064343612466501955,0.976,0.6153846153846154,0.016319647756757632,0.026545471087941388,0.0032,0.027768716473824565,0.6508664591316666,0.4752,False,,,0.0208,5,8,7,605,0.0208,0.38461538461538464,0.4166666666666667,0.011437908496732025,0.6865887380593263
14,mixed,0.008,uncertainty_only,100,0.006462771156125948,0.005188517840277359,0.984,0.5384615384615384,0.013902578995306083,0.01954372144218718,0.0,0.019853399209070508,0.6664067566839488,0.3008,False,,,0.0208,6,7,3,609,0.0208,0.46153846153846156,0.6666666666666666,0.004901960784313725,0.728318250377074
14,mixed,0.008,evidence_gated,100,0.0067085065602712594,0.005305876414114226,0.9856,0.46153846153846156,0.014995737215560793,0.0223017290567249,0.0,0.02252715478397472,0.772820990284562,0.3664,False,,,0.0208,7,6,3,609,0.0208,0.5384615384615384,0.7,0.004901960784313725,0.7667797888386123
14,mixed,0.008,two_sided_straddle,100,0.007739516271342855,0.006048151487413941,0.9824,0.38461538461538464,0.015116827436252138,0.022311215080201778,0.0032,0.022437189628294395,0.7273515097604892,0.3792,False,,,0.0208,8,5,6,606,0.0208,0.6153846153846154,0.5714285714285714,0.00980392156862745,0.802790346907994
14,mixed,0.008,randomized_straddle,100,0.008401727392087872,0.006422266617321443,0.9808,0.3076923076923077,0.01608933204329374,0.025785492398131445,0.0016,0.02606838403386001,0.7301595416814832,0.44,False,,,0.0208,9,4,8,604,0.0208,0.6923076923076923,0.5294117647058824,0.013071895424836602,0.8396178984414279
14,mixed,0.008,posterior_risk,100,0.007162388924136447,0.005647322172644916,0.9904,0.23076923076923078,0.017035272806064778,0.02618509101492541,0.0032,0.026243585394504557,0.7619641001164674,0.472,False,,,0.0208,10,3,3,609,0.0208,0.7692307692307693,0.7692307692307693,0.004901960784313725,0.8821644042232277
14,mixed,0.008,evidence_no_geometry,100,0.006896978879573135,0.005602793598429278,0.9808,0.46153846153846156,0.015130124382881792,0.022650744201371212,0.0016,0.022742543657666724,0.7294346937187653,0.4048,False,,,0.0208,7,6,6,606,0.0208,0.5384615384615384,0.5384615384615384,0.00980392156862745,0.7643288084464555
14,mixed,0.008,risk_geometry,100,0.009683825627395778,0.00739030060192797,0.9888,0.15384615384615385,0.017499128048399645,0.028339178712460864,0.0016,0.028385630041513198,0.7100100059701198,0.5888,False,,,0.0208,11,2,5,607,0.0208,0.8461538461538461,0.6875,0.008169934640522876,0.9189919557566617
