seed,family,noise,method,length_scale,rmse,mae,decision_agreement,missed_exceedance,tp,fn,fp,tn,prevalence,recall,precision,false_positive_rate,balanced_accuracy
0,smooth,0.003,uncertainty_only,0.1,0.0026556149335094704,0.00212211058792818,0.992,0.10526315789473684,17,2,3,603,0.0304,0.8947368421052632,0.85,0.0049504950495049506,0.9448931735278792
0,smooth,0.003,two_sided_straddle,0.1,0.0027069512581050586,0.002137694483036348,0.9952,0.10526315789473684,17,2,1,605,0.0304,0.8947368421052632,0.9444444444444444,0.0016501650165016502,0.9465433385443808
0,smooth,0.003,evidence_gated,0.1,0.0035189149891775434,0.0028092876552046975,0.9984,0.0,19,0,1,605,0.0304,1.0,0.95,0.0016501650165016502,0.9991749174917492
0,smooth,0.008,uncertainty_only,0.1,0.005974066766233178,0.004717982874970947,0.9808,0.3684210526315789,12,7,5,601,0.0304,0.631578947368421,0.7058823529411765,0.00825082508250825,0.8116640611429564
0,smooth,0.008,two_sided_straddle,0.1,0.005917097980264883,0.004762154305822634,0.9808,0.15789473684210525,16,3,9,597,0.0304,0.8421052631578947,0.64,0.01485148514851485,0.9136268890046899
0,smooth,0.008,evidence_gated,0.1,0.0059881057630322984,0.004809968027933797,0.9808,0.3157894736842105,13,6,6,600,0.0304,0.6842105263157895,0.6842105263157895,0.009900990099009901,0.8371547681083897
0,waviness,0.003,uncertainty_only,0.1,0.00706870318763931,0.005339682142899161,0.9312,0.5540540540540541,33,41,2,549,0.1184,0.44594594594594594,0.9428571428571428,0.003629764065335753,0.721158090940305
0,waviness,0.003,two_sided_straddle,0.1,0.009309133658091232,0.0066497908605621684,0.9536,0.35135135135135137,48,26,3,548,0.1184,0.6486486486486487,0.9411764705882353,0.0054446460980036296,0.8216020012753225
0,waviness,0.003,evidence_gated,0.1,0.012075545983455773,0.008671900635724839,0.9424,0.3918918918918919,45,29,7,544,0.1184,0.6081081081081081,0.8653846153846154,0.012704174228675136,0.7977019669397165
0,waviness,0.008,uncertainty_only,0.1,0.009119150981971491,0.0072504408154306105,0.9344,0.4594594594594595,40,34,7,544,0.1184,0.5405405405405406,0.851063829787234,0.012704174228675136,0.7639181831559327
0,waviness,0.008,two_sided_straddle,0.1,0.012434486125883392,0.009461076224099297,0.9184,0.581081081081081,31,43,8,543,0.1184,0.4189189189189189,0.7948717948717948,0.014519056261343012,0.702199931328788
0,waviness,0.008,evidence_gated,0.1,0.012674389299887956,0.009999379742902426,0.9264,0.5540540540540541,33,41,5,546,0.1184,0.44594594594594594,0.868421052631579,0.009074410163339383,0.7184357678913033
0,local_defect,0.003,uncertainty_only,0.1,0.005853987428500997,0.002583318075352687,0.9984,1.0,0,1,0,624,0.0016,0.0,0.0,0.0,0.5
0,local_defect,0.003,two_sided_straddle,0.1,0.003379014076495277,0.0023700930082431394,0.9936,0.0,1,0,4,620,0.0016,1.0,0.2,0.00641025641025641,0.9967948717948718
0,local_defect,0.003,evidence_gated,0.1,0.004291411550544141,0.002606083823060674,0.9984,1.0,0,1,0,624,0.0016,0.0,0.0,0.0,0.5
0,local_defect,0.008,uncertainty_only,0.1,0.007213237464787162,0.005110626647602444,0.9984,1.0,0,1,0,624,0.0016,0.0,0.0,0.0,0.5
0,local_defect,0.008,two_sided_straddle,0.1,0.006578604586038222,0.0053131928663438,0.9968,0.0,1,0,2,622,0.0016,1.0,0.3333333333333333,0.003205128205128205,0.9983974358974359
0,local_defect,0.008,evidence_gated,0.1,0.007147660694613937,0.005372467129029296,0.9984,1.0,0,1,0,624,0.0016,0.0,0.0,0.0,0.5
0,mixed,0.003,uncertainty_only,0.1,0.0048756306828913205,0.0035260990238003857,0.9824,0.3,14,6,5,600,0.032,0.7,0.7368421052631579,0.008264462809917356,0.8458677685950413
0,mixed,0.003,two_sided_straddle,0.1,0.005399538211417511,0.003950483305823589,0.9872,0.2,16,4,4,601,0.032,0.8,0.8,0.006611570247933884,0.8966942148760331
0,mixed,0.003,evidence_gated,0.1,0.006613521764347971,0.004757209997458621,0.992,0.2,16,4,1,604,0.032,0.8,0.9411764705882353,0.001652892561983471,0.8991735537190083
0,mixed,0.008,uncertainty_only,0.1,0.008499031984951146,0.0068801720177170496,0.9712,0.15,17,3,15,590,0.032,0.85,0.53125,0.024793388429752067,0.9126033057851239
0,mixed,0.008,two_sided_straddle,0.1,0.0089980924274946,0.007155526483002008,0.9648,0.3,14,6,16,589,0.032,0.7,0.4666666666666667,0.026446280991735537,0.8367768595041323
0,mixed,0.008,evidence_gated,0.1,0.0085926824901017,0.006929306218922699,0.9808,0.05,19,1,11,594,0.032,0.95,0.6333333333333333,0.01818181818181818,0.9659090909090908
1,smooth,0.003,uncertainty_only,0.1,0.002955750362659249,0.002305584687256394,0.992,0.03225806451612903,30,1,4,590,0.0496,0.967741935483871,0.8823529411764706,0.006734006734006734,0.9805039643749321
1,smooth,0.003,two_sided_straddle,0.1,0.0035576609928607223,0.0027283008252296194,0.992,0.0,31,0,5,589,0.0496,1.0,0.8611111111111112,0.008417508417508417,0.9957912457912458
1,smooth,0.003,evidence_gated,0.1,0.0036007518399536983,0.0028746484754275437,0.9888,0.03225806451612903,30,1,6,588,0.0496,0.967741935483871,0.8333333333333334,0.010101010101010102,0.9788204626914305
1,smooth,0.008,uncertainty_only,0.1,0.006830504511990718,0.005283734586113235,0.9696,0.3870967741935484,19,12,7,587,0.0496,0.6129032258064516,0.7307692307692307,0.011784511784511785,0.8005593570109699
1,smooth,0.008,two_sided_straddle,0.1,0.006502575645903025,0.00533441246828847,0.984,0.12903225806451613,27,4,6,588,0.0496,0.8709677419354839,0.8181818181818182,0.010101010101010102,0.9304333659172369
1,smooth,0.008,evidence_gated,0.1,0.006562754144990461,0.005298937100597086,0.9856,0.0967741935483871,28,3,6,588,0.0496,0.9032258064516129,0.8235294117647058,0.010101010101010102,0.9465623981753014
1,waviness,0.003,uncertainty_only,0.1,0.007502937785014917,0.005422786498254607,0.9664,0.46511627906976744,23,20,1,581,0.0688,0.5348837209302325,0.9583333333333334,0.001718213058419244,0.7665827539359067
1,waviness,0.003,two_sided_straddle,0.1,0.008691170295306971,0.005843905737570145,0.9712,0.37209302325581395,27,16,2,580,0.0688,0.627906976744186,0.9310344827586207,0.003436426116838488,0.8122352753136738
1,waviness,0.003,evidence_gated,0.1,0.010640879489762032,0.00787255531640935,0.9648,0.4418604651162791,24,19,3,579,0.0688,0.5581395348837209,0.8888888888888888,0.005154639175257732,0.7764924478542317
1,waviness,0.008,uncertainty_only,0.1,0.009593883274122443,0.007533539869931947,0.9424,0.6976744186046512,13,30,6,576,0.0688,0.3023255813953488,0.6842105263157895,0.010309278350515464,0.6460081515224168
1,waviness,0.008,two_sided_straddle,0.1,0.011636058618986395,0.009102671647442528,0.9344,0.6046511627906976,17,26,15,567,0.0688,0.3953488372093023,0.53125,0.02577319587628866,0.6847878206665068
1,waviness,0.008,evidence_gated,0.1,0.012763738828628284,0.009814590399895342,0.9552,0.5813953488372093,18,25,3,579,0.0688,0.4186046511627907,0.8571428571428571,0.005154639175257732,0.7067250059937665
1,local_defect,0.003,uncertainty_only,0.1,0.0028575982651390178,0.0021851396735930286,0.9984,0.0,7,0,1,617,0.0112,1.0,0.875,0.0016181229773462784,0.9991909385113269
1,local_defect,0.003,two_sided_straddle,0.1,0.002995187397142169,0.0023883160117377598,0.9968,0.0,7,0,2,616,0.0112,1.0,0.7777777777777778,0.003236245954692557,0.9983818770226538
1,local_defect,0.003,evidence_gated,0.1,0.0030951650175760786,0.0022793119794622713,0.9952,0.0,7,0,3,615,0.0112,1.0,0.7,0.0048543689320388345,0.9975728155339806
1,local_defect,0.008,uncertainty_only,0.1,0.007787447428648412,0.006147643752761924,0.9824,0.0,7,0,11,607,0.0112,1.0,0.3888888888888889,0.01779935275080906,0.9911003236245954
1,local_defect,0.008,two_sided_straddle,0.1,0.00656095975357834,0.0053056041477820655,0.9728,0.0,7,0,17,601,0.0112,1.0,0.2916666666666667,0.02750809061488673,0.9862459546925566
1,local_defect,0.008,evidence_gated,0.1,0.00801224947081224,0.0064675108049927,0.9856,0.0,7,0,9,609,0.0112,1.0,0.4375,0.014563106796116505,0.9927184466019418
1,mixed,0.003,uncertainty_only,0.1,0.004740805849558187,0.003487135247912957,0.984,0.3103448275862069,20,9,1,595,0.0464,0.6896551724137931,0.9523809523809523,0.0016778523489932886,0.8439886600323999
1,mixed,0.003,two_sided_straddle,0.1,0.0054957540052479915,0.003939677917508327,0.9904,0.1724137931034483,24,5,1,595,0.0464,0.8275862068965517,0.96,0.0016778523489932886,0.9129541772737793
1,mixed,0.003,evidence_gated,0.1,0.006820872589588291,0.004960804852694279,0.9936,0.10344827586206896,26,3,1,595,0.0464,0.896551724137931,0.9629629629629629,0.0016778523489932886,0.9474369358944689
1,mixed,0.008,uncertainty_only,0.1,0.007615086668308638,0.0059127320755798405,0.9776,0.2413793103448276,22,7,7,589,0.0464,0.7586206896551724,0.7586206896551724,0.01174496644295302,0.8734378616061097
1,mixed,0.008,two_sided_straddle,0.1,0.008894840733011146,0.0068220678414415235,0.984,0.034482758620689655,28,1,9,587,0.0464,0.9655172413793104,0.7567567567567568,0.015100671140939598,0.9752082851191854
1,mixed,0.008,evidence_gated,0.1,0.008880218660313056,0.00700230528593737,0.9904,0.10344827586206896,26,3,3,593,0.0464,0.896551724137931,0.896551724137931,0.0050335570469798654,0.9457590835454757
2,smooth,0.003,uncertainty_only,0.1,0.0025562100005017264,0.0019690396284586954,0.9872,0.4444444444444444,5,4,4,612,0.0144,0.5555555555555556,0.5555555555555556,0.006493506493506494,0.7745310245310246
2,smooth,0.003,two_sided_straddle,0.1,0.0026566554427451313,0.002062665008624453,0.9872,0.3333333333333333,6,3,5,611,0.0144,0.6666666666666666,0.5454545454545454,0.008116883116883116,0.8292748917748918
2,smooth,0.003,evidence_gated,0.1,0.003297747966936588,0.002560424490618755,0.9904,0.3333333333333333,6,3,3,613,0.0144,0.6666666666666666,0.6666666666666666,0.00487012987012987,0.8308982683982684
2,smooth,0.008,uncertainty_only,0.1,0.006583162344397564,0.005344138283753301,0.9648,0.5555555555555556,4,5,17,599,0.0144,0.4444444444444444,0.19047619047619047,0.027597402597402596,0.7084235209235209
2,smooth,0.008,two_sided_straddle,0.1,0.006829209051204357,0.005518885708374704,0.9696,0.7777777777777778,2,7,12,604,0.0144,0.2222222222222222,0.14285714285714285,0.01948051948051948,0.6013708513708513
2,smooth,0.008,evidence_gated,0.1,0.007013849546688222,0.005579449312031764,0.984,0.1111111111111111,8,1,9,607,0.0144,0.8888888888888888,0.47058823529411764,0.01461038961038961,0.9371392496392497
2,waviness,0.003,uncertainty_only,0.1,0.00887413111614023,0.0063450780500592914,0.9408,0.6296296296296297,20,34,3,568,0.0864,0.37037037037037035,0.8695652173913043,0.005253940455341506,0.6825582149575145
2,waviness,0.003,two_sided_straddle,0.1,0.009309018469203189,0.006806443242789419,0.9408,0.6111111111111112,21,33,4,567,0.0864,0.3888888888888889,0.84,0.0070052539404553416,0.6909418174742168
2,waviness,0.003,evidence_gated,0.1,0.011574785984949647,0.008403667057786363,0.9472,0.5370370370370371,25,29,4,567,0.0864,0.46296296296296297,0.8620689655172413,0.0070052539404553416,0.7279788545112538
2,waviness,0.008,uncertainty_only,0.1,0.0097417057301008,0.007660249645259366,0.9376,0.6296296296296297,20,34,5,566,0.0864,0.37037037037037035,0.8,0.008756567425569177,0.6808069014724005
2,waviness,0.008,two_sided_straddle,0.1,0.012429887928277521,0.009739803172464352,0.936,0.5925925925925926,22,32,8,563,0.0864,0.4074074074074074,0.7333333333333333,0.014010507880910683,0.6966984497632484
2,waviness,0.008,evidence_gated,0.1,0.014380834907686822,0.01105595865672602,0.9392,0.46296296296296297,29,25,13,558,0.0864,0.5370370370370371,0.6904761904761905,0.02276707530647986,0.7571349808652786
2,local_defect,0.003,uncertainty_only,0.1,0.004485941176991557,0.002333109348022224,0.9872,0.875,1,7,1,616,0.0128,0.125,0.5,0.0016207455429497568,0.5616896272285251
2,local_defect,0.003,two_sided_straddle,0.1,0.004198289522629684,0.0025517074475111534,0.992,0.5,4,4,1,616,0.0128,0.5,0.8,0.0016207455429497568,0.7491896272285251
2,local_defect,0.003,evidence_gated,0.1,0.0028331390619994604,0.002051537664921964,0.9984,0.0,8,0,1,616,0.0128,1.0,0.8888888888888888,0.0016207455429497568,0.9991896272285251
2,local_defect,0.008,uncertainty_only,0.1,0.007310320617766988,0.0054696006850246896,0.9872,1.0,0,8,0,617,0.0128,0.0,0.0,0.0,0.5
2,local_defect,0.008,two_sided_straddle,0.1,0.007426443514420794,0.005424950204389344,0.9872,1.0,0,8,0,617,0.0128,0.0,0.0,0.0,0.5
2,local_defect,0.008,evidence_gated,0.1,0.006159653143478097,0.0048910780206596486,0.9984,0.0,8,0,1,616,0.0128,1.0,0.8888888888888888,0.0016207455429497568,0.9991896272285251
2,mixed,0.003,uncertainty_only,0.1,0.0041340920899333436,0.0031093558225526816,0.9872,0.5384615384615384,6,7,1,611,0.0208,0.46153846153846156,0.8571428571428571,0.0016339869281045752,0.7299522373051786
2,mixed,0.003,two_sided_straddle,0.1,0.004156772419688928,0.003213508392322303,0.9936,0.07692307692307693,12,1,3,609,0.0208,0.9230769230769231,0.8,0.004901960784313725,0.9590874811463047
2,mixed,0.003,evidence_gated,0.1,0.005248709730752296,0.00401388639123316,0.9952,0.07692307692307693,12,1,2,610,0.0208,0.9230769230769231,0.8571428571428571,0.0032679738562091504,0.959904474610357
2,mixed,0.008,uncertainty_only,0.1,0.00660462211891441,0.0053594794360027325,0.984,0.23076923076923078,10,3,7,605,0.0208,0.7692307692307693,0.5882352941176471,0.011437908496732025,0.8788964303670186
2,mixed,0.008,two_sided_straddle,0.1,0.007912160999734345,0.006289125676926853,0.9824,0.46153846153846156,7,6,5,607,0.0208,0.5384615384615384,0.5833333333333334,0.008169934640522876,0.7651458019105077
2,mixed,0.008,evidence_gated,0.1,0.007875466179304604,0.00614398842169831,0.9792,0.38461538461538464,8,5,8,604,0.0208,0.6153846153846154,0.5,0.013071895424836602,0.8011563599798894
3,smooth,0.003,uncertainty_only,0.1,0.0027594063320534445,0.0022331920430926043,0.992,0.1111111111111111,8,1,4,612,0.0144,0.8888888888888888,0.6666666666666666,0.006493506493506494,0.9411976911976911
3,smooth,0.003,two_sided_straddle,0.1,0.002711750693477168,0.0022273390846294836,0.992,0.3333333333333333,6,3,2,614,0.0144,0.6666666666666666,0.75,0.003246753246753247,0.8317099567099566
3,smooth,0.003,evidence_gated,0.1,0.003255672609054464,0.002579673056147055,0.9856,0.1111111111111111,8,1,8,608,0.0144,0.8888888888888888,0.5,0.012987012987012988,0.9379509379509379
3,smooth,0.008,uncertainty_only,0.1,0.005932611921323203,0.004673278879707419,0.976,0.3333333333333333,6,3,12,604,0.0144,0.6666666666666666,0.3333333333333333,0.01948051948051948,0.8235930735930737
3,smooth,0.008,two_sided_straddle,0.1,0.005808293610264142,0.0044250805093184594,0.9744,0.3333333333333333,6,3,13,603,0.0144,0.6666666666666666,0.3157894736842105,0.021103896103896104,0.8227813852813852
3,smooth,0.008,evidence_gated,0.1,0.005798295189916306,0.004686080206642537,0.9904,0.2222222222222222,7,2,4,612,0.0144,0.7777777777777778,0.6363636363636364,0.006493506493506494,0.8856421356421357
3,waviness,0.003,uncertainty_only,0.1,0.00817492456877947,0.006118950747795164,0.9424,0.7346938775510204,13,36,0,576,0.0784,0.2653061224489796,1.0,0.0,0.6326530612244898
3,waviness,0.003,two_sided_straddle,0.1,0.010809744998245304,0.007835274385324793,0.9584,0.4489795918367347,27,22,4,572,0.0784,0.5510204081632653,0.8709677419354839,0.006944444444444444,0.7720379818594104
3,waviness,0.003,evidence_gated,0.1,0.011246302686207642,0.008307637891295636,0.9568,0.4489795918367347,27,22,5,571,0.0784,0.5510204081632653,0.84375,0.008680555555555556,0.7711699263038548
3,waviness,0.008,uncertainty_only,0.1,0.00924597729014993,0.007407625358448817,0.9376,0.6530612244897959,17,32,7,569,0.0784,0.3469387755102041,0.7083333333333334,0.012152777777777778,0.6673929988662132
3,waviness,0.008,two_sided_straddle,0.1,0.011492248389549644,0.008936102001313293,0.9312,0.7142857142857143,14,35,8,568,0.0784,0.2857142857142857,0.6363636363636364,0.013888888888888888,0.6359126984126984
3,waviness,0.008,evidence_gated,0.1,0.012751265458051525,0.009841219459532088,0.9376,0.5510204081632653,22,27,12,564,0.0784,0.4489795918367347,0.6470588235294118,0.020833333333333332,0.7140731292517006
3,local_defect,0.003,uncertainty_only,0.1,0.0036745196661959905,0.0028368918375397197,0.9936,0.09090909090909091,20,2,2,601,0.0352,0.9090909090909091,0.9090909090909091,0.003316749585406302,0.9528870797527513
3,local_defect,0.003,two_sided_straddle,0.1,0.0028750301732786325,0.002352058291858723,0.9952,0.09090909090909091,20,2,1,602,0.0352,0.9090909090909091,0.9523809523809523,0.001658374792703151,0.953716267149103
3,local_defect,0.003,evidence_gated,0.1,0.003700919771683646,0.002679802320257014,0.9968,0.09090909090909091,20,2,0,603,0.0352,0.9090909090909091,1.0,0.0,0.9545454545454546
3,local_defect,0.008,uncertainty_only,0.1,0.006527965368910852,0.005147266456226513,0.9904,0.18181818181818182,18,4,2,601,0.0352,0.8181818181818182,0.9,0.003316749585406302,0.9074325342982059
3,local_defect,0.008,two_sided_straddle,0.1,0.006544358578834455,0.005175235168019907,0.9856,0.22727272727272727,17,5,4,599,0.0352,0.7727272727272727,0.8095238095238095,0.006633499170812604,0.8830468867782301
3,local_defect,0.008,evidence_gated,0.1,0.006515597430355509,0.005249048616901063,0.992,0.09090909090909091,20,2,3,600,0.0352,0.9090909090909091,0.8695652173913043,0.004975124378109453,0.9520578923563998
3,mixed,0.003,uncertainty_only,0.1,0.004576558063801118,0.003332369529436185,0.9712,0.3469387755102041,32,17,1,575,0.0784,0.6530612244897959,0.9696969696969697,0.001736111111111111,0.8256625566893423
3,mixed,0.003,two_sided_straddle,0.1,0.004607015136367598,0.003462226314532027,0.984,0.12244897959183673,43,6,4,572,0.0784,0.8775510204081632,0.9148936170212766,0.006944444444444444,0.9353032879818595
3,mixed,0.003,evidence_gated,0.1,0.007190441773369919,0.004769128796172501,0.9824,0.16326530612244897,41,8,3,573,0.0784,0.8367346938775511,0.9318181818181818,0.005208333333333333,0.9157631802721089
3,mixed,0.008,uncertainty_only,0.1,0.008860617233815756,0.0069128267214820785,0.9504,0.2857142857142857,35,14,17,559,0.0784,0.7142857142857143,0.6730769230769231,0.029513888888888888,0.8423859126984128
3,mixed,0.008,two_sided_straddle,0.1,0.007741910779921051,0.006414342877585177,0.9488,0.1836734693877551,40,9,23,553,0.0784,0.8163265306122449,0.6349206349206349,0.03993055555555555,0.8881979875283447
3,mixed,0.008,evidence_gated,0.1,0.008496408407017361,0.006265690410221315,0.9552,0.32653061224489793,33,16,12,564,0.0784,0.673469387755102,0.7333333333333333,0.020833333333333332,0.8263180272108843
4,smooth,0.003,uncertainty_only,0.1,0.002435475706711772,0.0019884559999837235,0.9936,0.18181818181818182,18,4,0,603,0.0352,0.8181818181818182,1.0,0.0,0.9090909090909092
4,smooth,0.003,two_sided_straddle,0.1,0.0027971310702073686,0.0022155586545246774,0.9888,0.22727272727272727,17,5,2,601,0.0352,0.7727272727272727,0.8947368421052632,0.003316749585406302,0.8847052615709332
4,smooth,0.003,evidence_gated,0.1,0.0029321536644160264,0.0023193875780977676,0.9952,0.045454545454545456,21,1,2,601,0.0352,0.9545454545454546,0.9130434782608695,0.003316749585406302,0.9756143524800241
4,smooth,0.008,uncertainty_only,0.1,0.0063822981106641495,0.0048386790149965225,0.9936,0.13636363636363635,19,3,1,602,0.0352,0.8636363636363636,0.95,0.001658374792703151,0.9309889944218303
4,smooth,0.008,two_sided_straddle,0.1,0.006330326624970872,0.004991346846974725,0.9904,0.18181818181818182,18,4,2,601,0.0352,0.8181818181818182,0.9,0.003316749585406302,0.9074325342982059
4,smooth,0.008,evidence_gated,0.1,0.006795194915876552,0.005421672011231978,0.9904,0.09090909090909091,20,2,4,599,0.0352,0.9090909090909091,0.8333333333333334,0.006633499170812604,0.9512287049600483
4,waviness,0.003,uncertainty_only,0.1,0.008404633323734458,0.005935825142277075,0.9408,0.6470588235294118,18,33,4,570,0.0816,0.35294117647058826,0.8181818181818182,0.006968641114982578,0.6729862676778028
4,waviness,0.003,two_sided_straddle,0.1,0.010600304187352399,0.007412069401024109,0.944,0.5882352941176471,21,30,5,569,0.0816,0.4117647058823529,0.8076923076923077,0.008710801393728223,0.7015269522443124
4,waviness,0.003,evidence_gated,0.1,0.012665774418046852,0.009097743740762077,0.9408,0.6274509803921569,19,32,5,569,0.0816,0.37254901960784315,0.7916666666666666,0.008710801393728223,0.6819191091070574
4,waviness,0.008,uncertainty_only,0.1,0.00910661419117725,0.007187449305470168,0.9296,0.7254901960784313,14,37,7,567,0.0816,0.27450980392156865,0.6666666666666666,0.012195121951219513,0.6311573409851745
4,waviness,0.008,two_sided_straddle,0.1,0.012712593753509135,0.009562308269205665,0.9296,0.7254901960784313,14,37,7,567,0.0816,0.27450980392156865,0.6666666666666666,0.012195121951219513,0.6311573409851745
4,waviness,0.008,evidence_gated,0.1,0.012464631474914641,0.009403947559459815,0.9424,0.5294117647058824,24,27,9,565,0.0816,0.47058823529411764,0.7272727272727273,0.0156794425087108,0.7274543963927034
4,local_defect,0.003,uncertainty_only,0.1,0.003914986175044285,0.0026569826232639717,0.992,0.043478260869565216,22,1,4,598,0.0368,0.9565217391304348,0.8461538461538461,0.006644518272425249,0.9749386104290048
4,local_defect,0.003,two_sided_straddle,0.1,0.0034778685726873605,0.002548568481330208,0.9968,0.0,23,0,2,600,0.0368,1.0,0.92,0.0033222591362126247,0.9983388704318936
4,local_defect,0.003,evidence_gated,0.1,0.003281096728259669,0.002325646673412217,0.9984,0.0,23,0,1,601,0.0368,1.0,0.9583333333333334,0.0016611295681063123,0.9991694352159468
4,local_defect,0.008,uncertainty_only,0.1,0.006382748462327313,0.0048651622861669505,0.9888,0.13043478260869565,20,3,4,598,0.0368,0.8695652173913043,0.8333333333333334,0.006644518272425249,0.9314603495594396
4,local_defect,0.008,two_sided_straddle,0.1,0.006342261123688674,0.0051597192923775485,0.992,0.08695652173913043,21,2,3,599,0.0368,0.9130434782608695,0.875,0.0049833887043189366,0.9540300447782752
4,local_defect,0.008,evidence_gated,0.1,0.006028990486923677,0.00485872354897714,0.992,0.08695652173913043,21,2,3,599,0.0368,0.9130434782608695,0.875,0.0049833887043189366,0.9540300447782752
4,mixed,0.003,uncertainty_only,0.1,0.00432152161009401,0.0033119488517691464,0.9856,0.15151515151515152,28,5,4,588,0.0528,0.8484848484848485,0.875,0.006756756756756757,0.9208640458640458
4,mixed,0.003,two_sided_straddle,0.1,0.007452487712673523,0.005132149982886759,0.9872,0.09090909090909091,30,3,5,587,0.0528,0.9090909090909091,0.8571428571428571,0.008445945945945946,0.9503224815724816
4,mixed,0.003,evidence_gated,0.1,0.007099970991172384,0.005113745527414626,0.9936,0.06060606060606061,31,2,2,590,0.0528,0.9393939393939394,0.9393939393939394,0.0033783783783783786,0.9680077805077805
4,mixed,0.008,uncertainty_only,0.1,0.008015050670478752,0.0063431184041906445,0.976,0.21212121212121213,26,7,8,584,0.0528,0.7878787878787878,0.7647058823529411,0.013513513513513514,0.8871826371826372
4,mixed,0.008,two_sided_straddle,0.1,0.008319685476052888,0.006758038317967907,0.9712,0.15151515151515152,28,5,13,579,0.0528,0.8484848484848485,0.6829268292682927,0.02195945945945946,0.9132626945126945
4,mixed,0.008,evidence_gated,0.1,0.009773199622988825,0.007441444433430742,0.9808,0.12121212121212122,29,4,8,584,0.0528,0.8787878787878788,0.7837837837837838,0.013513513513513514,0.9326371826371826
5,smooth,0.003,uncertainty_only,0.1,0.002863503016426843,0.002261885228059954,0.9824,0.1694915254237288,49,10,1,565,0.0944,0.8305084745762712,0.98,0.0017667844522968198,0.9143708450619872
5,smooth,0.003,two_sided_straddle,0.1,0.0029015056631285616,0.0023414034529878566,0.9824,0.11864406779661017,52,7,4,562,0.0944,0.8813559322033898,0.9285714285714286,0.007067137809187279,0.9371443971971012
5,smooth,0.003,evidence_gated,0.1,0.004769443700548448,0.0035641441602790322,0.9888,0.0847457627118644,54,5,2,564,0.0944,0.9152542372881356,0.9642857142857143,0.0035335689045936395,0.955860334191771
5,smooth,0.008,uncertainty_only,0.1,0.006304339502922603,0.004980634105095459,0.9328,0.3050847457627119,41,18,24,542,0.0944,0.6949152542372882,0.6307692307692307,0.04240282685512368,0.8262562136910823
5,smooth,0.008,two_sided_straddle,0.1,0.0066531363555681145,0.005312823445968592,0.9616,0.11864406779661017,52,7,17,549,0.0944,0.8813559322033898,0.7536231884057971,0.030035335689045935,0.925660298257172
5,smooth,0.008,evidence_gated,0.1,0.008239213514247772,0.006719158526428501,0.9712,0.15254237288135594,50,9,9,557,0.0944,0.847457627118644,0.847457627118644,0.015901060070671377,0.9157782835239863
5,waviness,0.003,uncertainty_only,0.1,0.00697784498680744,0.005183350119055085,0.9504,0.6363636363636364,16,28,3,578,0.0704,0.36363636363636365,0.8421052631578947,0.0051635111876075735,0.679236426224378
5,waviness,0.003,two_sided_straddle,0.1,0.011487568928974764,0.007798906138824569,0.968,0.4318181818181818,25,19,1,580,0.0704,0.5681818181818182,0.9615384615384616,0.0017211703958691911,0.7832303238929745
5,waviness,0.003,evidence_gated,0.1,0.012475311879389987,0.008940590292696506,0.9568,0.4772727272727273,23,21,6,575,0.0704,0.5227272727272727,0.7931034482758621,0.010327022375215147,0.7562001251760289
5,waviness,0.008,uncertainty_only,0.1,0.00860549030958849,0.006711247302358804,0.9456,0.7045454545454546,13,31,3,578,0.0704,0.29545454545454547,0.8125,0.0051635111876075735,0.6451455171334689
5,waviness,0.008,two_sided_straddle,0.1,0.01294958351663425,0.00980243412262924,0.9536,0.5909090909090909,18,26,3,578,0.0704,0.4090909090909091,0.8571428571428571,0.0051635111876075735,0.7019636989516508
5,waviness,0.008,evidence_gated,0.1,0.011514303162143339,0.009363970794508382,0.944,0.6363636363636364,16,28,7,574,0.0704,0.36363636363636365,0.6956521739130435,0.012048192771084338,0.6757940854326396
5,local_defect,0.003,uncertainty_only,0.1,0.004716298122443876,0.0024687880740238673,0.9728,0.23076923076923078,30,9,8,578,0.0624,0.7692307692307693,0.7894736842105263,0.013651877133105802,0.8777894460488318
5,local_defect,0.003,two_sided_straddle,0.1,0.004513863629454686,0.0030728032537598207,0.9808,0.15384615384615385,33,6,6,580,0.0624,0.8461538461538461,0.8461538461538461,0.010238907849829351,0.9179574691520084
5,local_defect,0.003,evidence_gated,0.1,0.0033041416756750316,0.002540989848218795,0.9776,0.2564102564102564,29,10,4,582,0.0624,0.7435897435897436,0.8787878787878788,0.006825938566552901,0.8683819025115953
5,local_defect,0.008,uncertainty_only,0.1,0.007148788319118566,0.005438278630450403,0.9392,0.358974358974359,25,14,24,562,0.0624,0.6410256410256411,0.5102040816326531,0.040955631399317405,0.8000350048131618
5,local_defect,0.008,two_sided_straddle,0.1,0.006561488345807293,0.00494009549998312,0.9504,0.3076923076923077,27,12,19,567,0.0624,0.6923076923076923,0.5869565217391305,0.032423208191126277,0.8299422420582829
5,local_defect,0.008,evidence_gated,0.1,0.007032727212209019,0.005854148800591643,0.9536,0.2564102564102564,29,10,19,567,0.0624,0.7435897435897436,0.6041666666666666,0.032423208191126277,0.8555832676993087
5,mixed,0.003,uncertainty_only,0.1,0.004169324520075585,0.003209846895393929,0.992,0.16,21,4,1,599,0.04,0.84,0.9545454545454546,0.0016666666666666668,0.9191666666666667
5,mixed,0.003,two_sided_straddle,0.1,0.006802389228401575,0.004784963258780436,0.9888,0.04,24,1,6,594,0.04,0.96,0.8,0.01,0.975
5,mixed,0.003,evidence_gated,0.1,0.006828385375136415,0.004824747859578133,0.9904,0.08,23,2,4,596,0.04,0.92,0.8518518518518519,0.006666666666666667,0.9566666666666667
5,mixed,0.008,uncertainty_only,0.1,0.007689362116792623,0.0060715589612832166,0.9584,0.16,21,4,22,578,0.04,0.84,0.4883720930232558,0.03666666666666667,0.9016666666666666
5,mixed,0.008,two_sided_straddle,0.1,0.008501157219207578,0.006695412593471416,0.968,0.2,20,5,15,585,0.04,0.8,0.5714285714285714,0.025,0.8875
5,mixed,0.008,evidence_gated,0.1,0.009460572420829538,0.007366389545954207,0.9728,0.2,20,5,12,588,0.04,0.8,0.625,0.02,0.89
6,smooth,0.003,uncertainty_only,0.1,0.0030932466916293593,0.0025022289206213656,0.9728,0.4166666666666667,21,15,2,587,0.0576,0.5833333333333334,0.9130434782608695,0.003395585738539898,0.7899688737973967
6,smooth,0.003,two_sided_straddle,0.1,0.002823831956616326,0.0022244114904154434,0.984,0.05555555555555555,34,2,8,581,0.0576,0.9444444444444444,0.8095238095238095,0.013582342954159592,0.9654310507451425
6,smooth,0.003,evidence_gated,0.1,0.0036387775971177642,0.0028520071485833016,0.9808,0.19444444444444445,29,7,5,584,0.0576,0.8055555555555556,0.8529411764705882,0.008488964346349746,0.8985332956046029
6,smooth,0.008,uncertainty_only,0.1,0.007191554533066322,0.005768749268493929,0.9664,0.2222222222222222,28,8,13,576,0.0576,0.7777777777777778,0.6829268292682927,0.022071307300509338,0.8778532352386342
6,smooth,0.008,two_sided_straddle,0.1,0.0067179997469596665,0.005323667897904743,0.9712,0.16666666666666666,30,6,12,577,0.0576,0.8333333333333334,0.7142857142857143,0.02037351443123939,0.906479909451047
6,smooth,0.008,evidence_gated,0.1,0.008240635936717132,0.0064818250338227685,0.9728,0.2777777777777778,26,10,7,582,0.0576,0.7222222222222222,0.7878787878787878,0.011884550084889643,0.8551688360686662
6,waviness,0.003,uncertainty_only,0.1,0.007524859748064288,0.005557617760354466,0.9616,0.425531914893617,27,20,4,574,0.0752,0.574468085106383,0.8709677419354839,0.006920415224913495,0.7837738349407348
6,waviness,0.003,two_sided_straddle,0.1,0.009141044730539458,0.006452970797717856,0.968,0.3404255319148936,31,16,4,574,0.0752,0.6595744680851063,0.8857142857142857,0.006920415224913495,0.8263270264300964
6,waviness,0.003,evidence_gated,0.1,0.011140007802883427,0.007986432542974617,0.9744,0.2765957446808511,34,13,3,575,0.0752,0.723404255319149,0.918918918918919,0.005190311418685121,0.859106971950232
6,waviness,0.008,uncertainty_only,0.1,0.009599023155661442,0.0073991129456453765,0.952,0.425531914893617,27,20,10,568,0.0752,0.574468085106383,0.7297297297297297,0.01730103806228374,0.7785835235220496
6,waviness,0.008,two_sided_straddle,0.1,0.010994294562646643,0.008619036361564714,0.9632,0.3404255319148936,31,16,7,571,0.0752,0.6595744680851063,0.8157894736842105,0.012110726643598616,0.8237318707207539
6,waviness,0.008,evidence_gated,0.1,0.012922854118888032,0.01001012346012036,0.9616,0.425531914893617,27,20,4,574,0.0752,0.574468085106383,0.8709677419354839,0.006920415224913495,0.7837738349407348
6,local_defect,0.003,uncertainty_only,0.1,0.0056807922467083105,0.002825096995933876,0.9856,0.6,6,9,0,610,0.024,0.4,1.0,0.0,0.7
6,local_defect,0.003,two_sided_straddle,0.1,0.0056778622328127835,0.0027895508414230276,0.984,0.6666666666666666,5,10,0,610,0.024,0.3333333333333333,1.0,0.0,0.6666666666666666
6,local_defect,0.003,evidence_gated,0.1,0.004339676316563834,0.0029829809522474906,0.9936,0.06666666666666667,14,1,3,607,0.024,0.9333333333333333,0.8235294117647058,0.004918032786885246,0.964207650273224
6,local_defect,0.008,uncertainty_only,0.1,0.008452880257035666,0.00602331394663255,0.9712,0.6,6,9,9,601,0.024,0.4,0.4,0.014754098360655738,0.6926229508196722
6,local_defect,0.008,two_sided_straddle,0.1,0.007644139210280151,0.005845381515471549,0.9936,0.2,12,3,1,609,0.024,0.8,0.9230769230769231,0.001639344262295082,0.8991803278688525
6,local_defect,0.008,evidence_gated,0.1,0.006719625448046159,0.005253792463624027,0.9888,0.2,12,3,4,606,0.024,0.8,0.75,0.006557377049180328,0.8967213114754098
6,mixed,0.003,uncertainty_only,0.1,0.004813928982838229,0.0032671445204102176,0.9744,0.4782608695652174,12,11,5,597,0.0368,0.5217391304347826,0.7058823529411765,0.008305647840531562,0.7567167412971255
6,mixed,0.003,two_sided_straddle,0.1,0.006376374508920556,0.004329570499790323,0.984,0.43478260869565216,13,10,0,602,0.0368,0.5652173913043478,1.0,0.0,0.7826086956521738
6,mixed,0.003,evidence_gated,0.1,0.00573628816705967,0.004053944501669753,0.9808,0.391304347826087,14,9,3,599,0.0368,0.6086956521739131,0.8235294117647058,0.0049833887043189366,0.8018561317347971
6,mixed,0.008,uncertainty_only,0.1,0.007135095601403594,0.005590798680814335,0.9632,0.8260869565217391,4,19,4,598,0.0368,0.17391304347826086,0.5,0.006644518272425249,0.5836342626029178
6,mixed,0.008,two_sided_straddle,0.1,0.0077251889903538744,0.005978444373086457,0.976,0.391304347826087,14,9,6,596,0.0368,0.6086956521739131,0.7,0.009966777408637873,0.7993644373826376
6,mixed,0.008,evidence_gated,0.1,0.007419145019592988,0.005833715751214446,0.9856,0.17391304347826086,19,4,5,597,0.0368,0.8260869565217391,0.7916666666666666,0.008305647840531562,0.9088906543406038
7,smooth,0.003,uncertainty_only,0.1,0.002609616085060522,0.002041497525671262,0.9776,0.30952380952380953,29,13,1,582,0.0672,0.6904761904761905,0.9666666666666667,0.0017152658662092624,0.8443804623049906
7,smooth,0.003,two_sided_straddle,0.1,0.0026507806609186086,0.002157965414712791,0.9824,0.16666666666666666,35,7,4,579,0.0672,0.8333333333333334,0.8974358974358975,0.00686106346483705,0.9132361349342482
7,smooth,0.003,evidence_gated,0.1,0.0035998509925907773,0.0027946456131024895,0.968,0.3333333333333333,28,14,6,577,0.0672,0.6666666666666666,0.8235294117647058,0.010291595197255575,0.8281875357347055
7,smooth,0.008,uncertainty_only,0.1,0.006693828158036541,0.00558325026932271,0.9552,0.5476190476190477,19,23,5,578,0.0672,0.4523809523809524,0.7916666666666666,0.008576329331046312,0.721902311524953
7,smooth,0.008,two_sided_straddle,0.1,0.006436811886617441,0.005239775990424947,0.9552,0.5,21,21,7,576,0.0672,0.5,0.75,0.012006861063464836,0.7439965694682675
7,smooth,0.008,evidence_gated,0.1,0.006458866030458644,0.004999741128254555,0.9472,0.5238095238095238,20,22,11,572,0.0672,0.47619047619047616,0.6451612903225806,0.018867924528301886,0.7286612758310871
7,waviness,0.003,uncertainty_only,0.1,0.0073363474858471785,0.005403309063289941,0.9504,0.39705882352941174,41,27,4,553,0.1088,0.6029411764705882,0.9111111111111111,0.00718132854578097,0.7978799239624036
7,waviness,0.003,two_sided_straddle,0.1,0.008924337034588534,0.006311538531938893,0.9568,0.3235294117647059,46,22,5,552,0.1088,0.6764705882352942,0.9019607843137255,0.008976660682226212,0.833746963776534
7,waviness,0.003,evidence_gated,0.1,0.013219720301250551,0.009474941450690767,0.9616,0.27941176470588236,49,19,5,552,0.1088,0.7205882352941176,0.9074074074074074,0.008976660682226212,0.8558057873059457
7,waviness,0.008,uncertainty_only,0.1,0.010440202883722638,0.00840508075096302,0.9216,0.5441176470588235,31,37,12,545,0.1088,0.45588235294117646,0.7209302325581395,0.02154398563734291,0.7171691836519167
7,waviness,0.008,two_sided_straddle,0.1,0.012055800489013266,0.009001325798141934,0.9296,0.5,34,34,10,547,0.1088,0.5,0.7727272727272727,0.017953321364452424,0.7410233393177739
7,waviness,0.008,evidence_gated,0.1,0.012724810920965909,0.00986782305517012,0.9456,0.39705882352941174,41,27,7,550,0.1088,0.6029411764705882,0.8541666666666666,0.012567324955116697,0.7951869257577358
7,local_defect,0.003,uncertainty_only,0.1,0.0046114829555257515,0.002707252503377277,0.9856,0.45454545454545453,6,5,4,610,0.0176,0.5454545454545454,0.6,0.006514657980456026,0.7694699437370447
7,local_defect,0.003,two_sided_straddle,0.1,0.003578026907971287,0.002724918368496708,0.992,0.0,11,0,5,609,0.0176,1.0,0.6875,0.008143322475570033,0.995928338762215
7,local_defect,0.003,evidence_gated,0.1,0.003079851705028697,0.002423017285678177,0.9936,0.0,11,0,4,610,0.0176,1.0,0.7333333333333333,0.006514657980456026,0.996742671009772
7,local_defect,0.008,uncertainty_only,0.1,0.006862960291202488,0.0048126724876718565,0.9776,0.5454545454545454,5,6,8,606,0.0176,0.45454545454545453,0.38461538461538464,0.013029315960912053,0.7207580692922713
7,local_defect,0.008,two_sided_straddle,0.1,0.006394005235792484,0.005110893003342838,0.992,0.0,11,0,5,609,0.0176,1.0,0.6875,0.008143322475570033,0.995928338762215
7,local_defect,0.008,evidence_gated,0.1,0.006064550263222698,0.004831378557567248,0.992,0.0,11,0,5,609,0.0176,1.0,0.6875,0.008143322475570033,0.995928338762215
7,mixed,0.003,uncertainty_only,0.1,0.0037092934385842594,0.002900026561333257,0.9856,0.24242424242424243,25,8,1,591,0.0528,0.7575757575757576,0.9615384615384616,0.0016891891891891893,0.8779432841932842
7,mixed,0.003,two_sided_straddle,0.1,0.006388879247907615,0.004339699190516295,0.9808,0.18181818181818182,27,6,6,586,0.0528,0.8181818181818182,0.8181818181818182,0.010135135135135136,0.9040233415233416
7,mixed,0.003,evidence_gated,0.1,0.006938035911994304,0.005184701383080701,0.984,0.18181818181818182,27,6,4,588,0.0528,0.8181818181818182,0.8709677419354839,0.006756756756756757,0.9057125307125307
7,mixed,0.008,uncertainty_only,0.1,0.0069696504455682,0.005520052930449519,0.9792,0.3333333333333333,22,11,2,590,0.0528,0.6666666666666666,0.9166666666666666,0.0033783783783783786,0.8316441441441441
7,mixed,0.008,two_sided_straddle,0.1,0.009516808539189799,0.007090734811501031,0.9744,0.36363636363636365,21,12,4,588,0.0528,0.6363636363636364,0.84,0.006756756756756757,0.8148034398034398
7,mixed,0.008,evidence_gated,0.1,0.01006462243875562,0.007620079687733279,0.9776,0.18181818181818182,27,6,8,584,0.0528,0.8181818181818182,0.7714285714285715,0.013513513513513514,0.9023341523341524
8,smooth,0.003,uncertainty_only,0.1,0.002625713548413245,0.002063142634772404,0.9856,0.45454545454545453,6,5,4,610,0.0176,0.5454545454545454,0.6,0.006514657980456026,0.7694699437370447
8,smooth,0.003,two_sided_straddle,0.1,0.0029062179348054206,0.002308344688190347,0.9888,0.45454545454545453,6,5,2,612,0.0176,0.5454545454545454,0.75,0.003257328990228013,0.7710986082321587
8,smooth,0.003,evidence_gated,0.1,0.0031526611743235237,0.0024846695669485065,0.9904,0.36363636363636365,7,4,2,612,0.0176,0.6363636363636364,0.7777777777777778,0.003257328990228013,0.8165531536867041
8,smooth,0.008,uncertainty_only,0.1,0.005531919850544367,0.004344977163056761,0.9808,0.36363636363636365,7,4,8,606,0.0176,0.6363636363636364,0.4666666666666667,0.013029315960912053,0.8116671602013621
8,smooth,0.008,two_sided_straddle,0.1,0.0063575182967194705,0.00501621935265417,0.9776,0.5454545454545454,5,6,8,606,0.0176,0.45454545454545453,0.38461538461538464,0.013029315960912053,0.7207580692922713
8,smooth,0.008,evidence_gated,0.1,0.006372797592246353,0.005054620428741413,0.9696,0.6363636363636364,4,7,12,602,0.0176,0.36363636363636365,0.25,0.019543973941368076,0.6720461948474978
8,waviness,0.003,uncertainty_only,0.1,0.00726512793612572,0.005280209821370866,0.928,0.7258064516129032,17,45,0,563,0.0992,0.27419354838709675,1.0,0.0,0.6370967741935484
8,waviness,0.003,two_sided_straddle,0.1,0.010587698677524777,0.007552260768012219,0.9504,0.4838709677419355,32,30,1,562,0.0992,0.5161290322580645,0.9696969696969697,0.0017761989342806395,0.757176416661892
8,waviness,0.003,evidence_gated,0.1,0.01203374208093629,0.008913193842972768,0.952,0.4838709677419355,32,30,0,563,0.0992,0.5161290322580645,1.0,0.0,0.7580645161290323
8,waviness,0.008,uncertainty_only,0.1,0.009509825037854046,0.007546328217079716,0.9264,0.5967741935483871,25,37,9,554,0.0992,0.4032258064516129,0.7352941176470589,0.015985790408525755,0.6936200080215436
8,waviness,0.008,two_sided_straddle,0.1,0.011702471998365011,0.008985022062629208,0.9504,0.43548387096774194,35,27,4,559,0.0992,0.5645161290322581,0.8974358974358975,0.007104795737122558,0.7787056666475678
8,waviness,0.008,evidence_gated,0.1,0.014237090695322387,0.01111061381385529,0.9312,0.5483870967741935,28,34,9,554,0.0992,0.45161290322580644,0.7567567567567568,0.015985790408525755,0.7178135564086403
8,local_defect,0.003,uncertainty_only,0.1,0.0025350760869464663,0.002032650055588934,0.9872,0.21875,25,7,1,592,0.0512,0.78125,0.9615384615384616,0.0016863406408094434,0.8897818296795953
8,local_defect,0.003,two_sided_straddle,0.1,0.003082978984669126,0.0023000468617083696,0.9936,0.03125,31,1,3,590,0.0512,0.96875,0.9117647058823529,0.00505902192242833,0.9818454890387858
8,local_defect,0.003,evidence_gated,0.1,0.003560455321905117,0.0027469574790577804,0.992,0.09375,29,3,2,591,0.0512,0.90625,0.9354838709677419,0.003372681281618887,0.9514386593591906
8,local_defect,0.008,uncertainty_only,0.1,0.006570823292764929,0.0051730697520542285,0.944,0.71875,9,23,12,581,0.0512,0.28125,0.42857142857142855,0.02023608768971332,0.6305069561551433
8,local_defect,0.008,two_sided_straddle,0.1,0.006377198811874856,0.005037820359177558,0.9616,0.40625,19,13,11,582,0.0512,0.59375,0.6333333333333333,0.01854974704890388,0.7876001264755481
8,local_defect,0.008,evidence_gated,0.1,0.007680305447344683,0.0063096229291270374,0.9712,0.28125,23,9,9,584,0.0512,0.71875,0.71875,0.01517706576728499,0.8517864671163575
8,mixed,0.003,uncertainty_only,0.1,0.004419496326889303,0.0032166819347405947,0.9664,0.5588235294117647,15,19,2,589,0.0544,0.4411764705882353,0.8823529411764706,0.00338409475465313,0.718896187916791
8,mixed,0.003,two_sided_straddle,0.1,0.004821191983075709,0.003481033187277985,0.976,0.29411764705882354,24,10,5,586,0.0544,0.7058823529411765,0.8275862068965517,0.008460236886632826,0.8487110580272719
8,mixed,0.003,evidence_gated,0.1,0.006463642724347519,0.00458494115000472,0.9744,0.35294117647058826,22,12,4,587,0.0544,0.6470588235294118,0.8461538461538461,0.00676818950930626,0.8201453170100528
8,mixed,0.008,uncertainty_only,0.1,0.007520012878767883,0.00573623280082267,0.9504,0.5,17,17,14,577,0.0544,0.5,0.5483870967741935,0.023688663282571912,0.738155668358714
8,mixed,0.008,two_sided_straddle,0.1,0.008802569951532118,0.006646511510189841,0.9712,0.20588235294117646,27,7,11,580,0.0544,0.7941176470588235,0.7105263157894737,0.018612521150592216,0.8877525629541156
8,mixed,0.008,evidence_gated,0.1,0.009175827818066104,0.007237699699170599,0.9616,0.47058823529411764,18,16,8,583,0.0544,0.5294117647058824,0.6923076923076923,0.01353637901861252,0.757937692843635
9,smooth,0.003,uncertainty_only,0.1,0.002620197750624505,0.0020893448642553187,0.9792,0.27586206896551724,21,8,5,591,0.0464,0.7241379310344828,0.8076923076923077,0.008389261744966443,0.8578743346447582
9,smooth,0.003,two_sided_straddle,0.1,0.002892588773725061,0.0022662768103664816,0.9808,0.20689655172413793,23,6,6,590,0.0464,0.7931034482758621,0.7931034482758621,0.010067114093959731,0.8915181670909511
9,smooth,0.003,evidence_gated,0.1,0.0037276314292558174,0.002676091231333522,0.9808,0.1724137931034483,24,5,7,589,0.0464,0.8275862068965517,0.7741935483870968,0.01174496644295302,0.9079206202267993
9,smooth,0.008,uncertainty_only,0.1,0.005589988097045159,0.004444479491700126,0.9536,0.3103448275862069,20,9,20,576,0.0464,0.6896551724137931,0.5,0.03355704697986577,0.8280490627169637
9,smooth,0.008,two_sided_straddle,0.1,0.007706575595779521,0.005872629478615548,0.9392,0.6551724137931034,10,19,19,577,0.0464,0.3448275862068966,0.3448275862068966,0.031879194630872486,0.656474195788012
9,smooth,0.008,evidence_gated,0.1,0.00813649863715158,0.00581100490787302,0.9456,0.6896551724137931,9,20,14,582,0.0464,0.3103448275862069,0.391304347826087,0.02348993288590604,0.6434274473501504
9,waviness,0.003,uncertainty_only,0.1,0.009244270535445506,0.006846480985554183,0.9312,0.6842105263157895,18,39,4,564,0.0912,0.3157894736842105,0.8181818181818182,0.007042253521126761,0.6543736100815418
9,waviness,0.003,two_sided_straddle,0.1,0.011561951439667493,0.008010993945127595,0.9456,0.543859649122807,26,31,3,565,0.0912,0.45614035087719296,0.896551724137931,0.00528169014084507,0.7254293303681739
9,waviness,0.003,evidence_gated,0.1,0.014030351034433439,0.009820312739401477,0.9536,0.47368421052631576,30,27,2,566,0.0912,0.5263157894736842,0.9375,0.0035211267605633804,0.7613973313565604
9,waviness,0.008,uncertainty_only,0.1,0.010013068646408196,0.007914831606074927,0.9264,0.631578947368421,21,36,10,558,0.0912,0.3684210526315789,0.6774193548387096,0.017605633802816902,0.675407709414381
9,waviness,0.008,two_sided_straddle,0.1,0.012458336539556159,0.009163795618004237,0.952,0.2982456140350877,40,17,13,555,0.0912,0.7017543859649122,0.7547169811320755,0.022887323943661973,0.8394335310106251
9,waviness,0.008,evidence_gated,0.1,0.014116213932596294,0.010390670375352297,0.936,0.5614035087719298,25,32,8,560,0.0912,0.43859649122807015,0.7575757575757576,0.014084507042253521,0.7122559920929084
9,local_defect,0.003,uncertainty_only,0.1,0.004542886585860852,0.0026536485567552285,0.9824,0.23809523809523808,16,5,6,598,0.0336,0.7619047619047619,0.7272727272727273,0.009933774834437087,0.8759854935351623
9,local_defect,0.003,two_sided_straddle,0.1,0.0038188380914393697,0.002633870417444339,0.9808,0.19047619047619047,17,4,8,596,0.0336,0.8095238095238095,0.68,0.013245033112582781,0.8981393882056135
9,local_defect,0.003,evidence_gated,0.1,0.003691360450756086,0.002680484697329299,0.984,0.23809523809523808,16,5,5,599,0.0336,0.7619047619047619,0.7619047619047619,0.008278145695364239,0.8768133081046988
9,local_defect,0.008,uncertainty_only,0.1,0.007821697071930303,0.005383422202096857,0.9632,0.5714285714285714,9,12,11,593,0.0336,0.42857142857142855,0.45,0.018211920529801324,0.7051797540208136
9,local_defect,0.008,two_sided_straddle,0.1,0.008299839592428455,0.0058115000534691265,0.9536,0.5714285714285714,9,12,17,587,0.0336,0.42857142857142855,0.34615384615384615,0.028145695364238412,0.700212866603595
9,local_defect,0.008,evidence_gated,0.1,0.009016462800269425,0.005825138343484271,0.9568,0.6190476190476191,8,13,14,590,0.0336,0.38095238095238093,0.36363636363636365,0.023178807947019868,0.6788867865026805
9,mixed,0.003,uncertainty_only,0.1,0.005050542016638638,0.003423226491342659,0.9856,1.0,0,9,0,616,0.0144,0.0,0.0,0.0,0.5
9,mixed,0.003,two_sided_straddle,0.1,0.005798643427789934,0.003870731087460973,0.9904,0.5555555555555556,4,5,1,615,0.0144,0.4444444444444444,0.8,0.0016233766233766235,0.7214105339105339
9,mixed,0.003,evidence_gated,0.1,0.006466187883108594,0.003978104881747545,0.9856,0.6666666666666666,3,6,3,613,0.0144,0.3333333333333333,0.5,0.00487012987012987,0.6642316017316017
9,mixed,0.008,uncertainty_only,0.1,0.007646264197101238,0.0057967055732456455,0.9776,0.5555555555555556,4,5,9,607,0.0144,0.4444444444444444,0.3076923076923077,0.01461038961038961,0.7149170274170273
9,mixed,0.008,two_sided_straddle,0.1,0.008173623546243534,0.006081367644135822,0.968,0.5555555555555556,4,5,15,601,0.0144,0.4444444444444444,0.21052631578947367,0.024350649350649352,0.7100468975468975
9,mixed,0.008,evidence_gated,0.1,0.008026016303084598,0.00573591708532541,0.9824,0.6666666666666666,3,6,5,611,0.0144,0.3333333333333333,0.375,0.008116883116883116,0.6626082251082251
10,smooth,0.003,uncertainty_only,0.1,0.002917451109198822,0.002251036385472402,0.9968,0.07142857142857142,26,2,0,597,0.0448,0.9285714285714286,1.0,0.0,0.9642857142857143
10,smooth,0.003,two_sided_straddle,0.1,0.002940669021832793,0.0024151009484552,0.9936,0.14285714285714285,24,4,0,597,0.0448,0.8571428571428571,1.0,0.0,0.9285714285714286
10,smooth,0.003,evidence_gated,0.1,0.0037865459727249324,0.003038357104336815,0.9952,0.07142857142857142,26,2,1,596,0.0448,0.9285714285714286,0.9629629629629629,0.0016750418760469012,0.9634481933476908
10,smooth,0.008,uncertainty_only,0.1,0.006191958451742247,0.004997717048365715,0.9712,0.32142857142857145,19,9,9,588,0.0448,0.6785714285714286,0.6785714285714286,0.01507537688442211,0.8317480258435033
10,smooth,0.008,two_sided_straddle,0.1,0.005881790891601279,0.004743468802074198,0.9744,0.10714285714285714,25,3,13,584,0.0448,0.8928571428571429,0.6578947368421053,0.021775544388609715,0.9355407992342666
10,smooth,0.008,evidence_gated,0.1,0.007263898891670985,0.005959627043528611,0.9888,0.14285714285714285,24,4,3,594,0.0448,0.8571428571428571,0.8888888888888888,0.005025125628140704,0.9260588657573582
10,waviness,0.003,uncertainty_only,0.1,0.007309465632819175,0.005507959048806521,0.9376,0.5806451612903226,26,36,3,560,0.0992,0.41935483870967744,0.896551724137931,0.0053285968028419185,0.7070131209534177
10,waviness,0.003,two_sided_straddle,0.1,0.010791388115971955,0.007025217116736675,0.944,0.5,31,31,4,559,0.0992,0.5,0.8857142857142857,0.007104795737122558,0.7464476021314388
10,waviness,0.003,evidence_gated,0.1,0.012596492227701808,0.008787960277631138,0.9424,0.532258064516129,29,33,3,560,0.0992,0.46774193548387094,0.90625,0.0053285968028419185,0.7312066693405145
10,waviness,0.008,uncertainty_only,0.1,0.009171269821572235,0.007211430330356885,0.9296,0.5806451612903226,26,36,8,555,0.0992,0.41935483870967744,0.7647058823529411,0.014209591474245116,0.7025726236177161
10,waviness,0.008,two_sided_straddle,0.1,0.011021719359536714,0.008636111422933994,0.9392,0.532258064516129,29,33,5,558,0.0992,0.46774193548387094,0.8529411764705882,0.008880994671403197,0.7294304704062339
10,waviness,0.008,evidence_gated,0.1,0.012346183678689069,0.009607173000033246,0.9264,0.6612903225806451,21,41,5,558,0.0992,0.3387096774193548,0.8076923076923077,0.008880994671403197,0.6649143413739758
10,local_defect,0.003,uncertainty_only,0.1,0.007091766176496692,0.0031380163268739498,0.9888,0.2857142857142857,15,6,1,603,0.0336,0.7142857142857143,0.9375,0.0016556291390728477,0.8563150425733208
10,local_defect,0.003,two_sided_straddle,0.1,0.004512355346912388,0.002948935994878777,0.9888,0.19047619047619047,17,4,3,601,0.0336,0.8095238095238095,0.85,0.004966887417218543,0.9022784610532955
10,local_defect,0.003,evidence_gated,0.1,0.0039094289138342335,0.002858281504375492,0.9952,0.09523809523809523,19,2,1,603,0.0336,0.9047619047619048,0.95,0.0016556291390728477,0.9515531378114159
10,local_defect,0.008,uncertainty_only,0.1,0.00935724094454429,0.006286544108176083,0.9712,0.7142857142857143,6,15,3,601,0.0336,0.2857142857142857,0.6666666666666666,0.004966887417218543,0.6403736991485336
10,local_defect,0.008,two_sided_straddle,0.1,0.008174357066761579,0.005976570039861963,0.968,0.38095238095238093,13,8,12,592,0.0336,0.6190476190476191,0.52,0.019867549668874173,0.7995900346893725
10,local_defect,0.008,evidence_gated,0.1,0.009895324790791242,0.006752743614557914,0.9728,0.38095238095238093,13,8,9,595,0.0336,0.6190476190476191,0.5909090909090909,0.014900662251655629,0.8020734783979817
10,mixed,0.003,uncertainty_only,0.1,0.005532828394923167,0.003674257798005408,0.9744,0.5,13,13,3,596,0.0416,0.5,0.8125,0.005008347245409015,0.7474958263772955
10,mixed,0.003,two_sided_straddle,0.1,0.004899296186930321,0.003471554590016119,0.9888,0.19230769230769232,21,5,2,597,0.0416,0.8076923076923077,0.9130434782608695,0.00333889816360601,0.9021767047643509
10,mixed,0.003,evidence_gated,0.1,0.006114486785530622,0.00450205385269677,0.9872,0.15384615384615385,22,4,4,595,0.0416,0.8461538461538461,0.8461538461538461,0.00667779632721202,0.9197380249133171
10,mixed,0.008,uncertainty_only,0.1,0.008181595565729612,0.00619744577987346,0.9568,0.5769230769230769,11,15,12,587,0.0416,0.4230769230769231,0.4782608695652174,0.02003338898163606,0.7015217670476435
10,mixed,0.008,two_sided_straddle,0.1,0.009195212774725986,0.00713237613666213,0.9776,0.23076923076923078,20,6,8,591,0.0416,0.7692307692307693,0.7142857142857143,0.01335559265442404,0.8779375882881726
10,mixed,0.008,evidence_gated,0.1,0.00905079747904651,0.006921064342071631,0.976,0.3076923076923077,18,8,7,592,0.0416,0.6923076923076923,0.72,0.011686143572621035,0.8403107743675357
11,smooth,0.003,uncertainty_only,0.1,0.0024993052365251196,0.001974621619221742,0.992,0.3,7,3,2,613,0.016,0.7,0.7777777777777778,0.0032520325203252032,0.8483739837398374
11,smooth,0.003,two_sided_straddle,0.1,0.0027433764474100457,0.0021471593256064793,0.9872,0.0,10,0,8,607,0.016,1.0,0.5555555555555556,0.013008130081300813,0.9934959349593495
11,smooth,0.003,evidence_gated,0.1,0.0031985914331494098,0.0025538492882116173,0.9888,0.1,9,1,6,609,0.016,0.9,0.6,0.00975609756097561,0.9451219512195121
11,smooth,0.008,uncertainty_only,0.1,0.006636515191970895,0.00520779276251726,0.9632,0.8,2,8,15,600,0.016,0.2,0.11764705882352941,0.024390243902439025,0.5878048780487805
11,smooth,0.008,two_sided_straddle,0.1,0.00671400018072261,0.005440059852042667,0.9696,1.0,0,10,9,606,0.016,0.0,0.0,0.014634146341463415,0.4926829268292683
11,smooth,0.008,evidence_gated,0.1,0.006785131587762957,0.005434347433169285,0.9744,0.8,2,8,8,607,0.016,0.2,0.2,0.013008130081300813,0.5934959349593496
11,waviness,0.003,uncertainty_only,0.1,0.007879259755088356,0.005718385583540759,0.9648,0.5238095238095238,20,22,0,583,0.0672,0.47619047619047616,1.0,0.0,0.7380952380952381
11,waviness,0.003,two_sided_straddle,0.1,0.01048302105305353,0.007454298840163024,0.9664,0.47619047619047616,22,20,1,582,0.0672,0.5238095238095238,0.9565217391304348,0.0017152658662092624,0.7610471289716573
11,waviness,0.003,evidence_gated,0.1,0.009706980338864609,0.007353393555388045,0.9664,0.42857142857142855,24,18,3,580,0.0672,0.5714285714285714,0.8888888888888888,0.005145797598627788,0.7831413869149718
11,waviness,0.008,uncertainty_only,0.1,0.009909290371437831,0.007663905591838011,0.9584,0.35714285714285715,27,15,11,572,0.0672,0.6428571428571429,0.7105263157894737,0.018867924528301886,0.8119946091644206
11,waviness,0.008,two_sided_straddle,0.1,0.011171367479275851,0.008574904096979873,0.9616,0.30952380952380953,29,13,11,572,0.0672,0.6904761904761905,0.725,0.018867924528301886,0.8358041329739443
11,waviness,0.008,evidence_gated,0.1,0.012654137060803818,0.009916381426623702,0.9488,0.5,21,21,11,572,0.0672,0.5,0.65625,0.018867924528301886,0.7405660377358491
11,local_defect,0.003,uncertainty_only,0.1,0.004687625085538187,0.0028117174021360255,0.9904,1.0,0,6,0,619,0.0096,0.0,0.0,0.0,0.5
11,local_defect,0.003,two_sided_straddle,0.1,0.004201668686886333,0.00295086348095037,0.9952,0.0,6,0,3,616,0.0096,1.0,0.6666666666666666,0.004846526655896607,0.9975767366720517
11,local_defect,0.003,evidence_gated,0.1,0.004702688270935978,0.002836797524776953,0.9904,1.0,0,6,0,619,0.0096,0.0,0.0,0.0,0.5
11,local_defect,0.008,uncertainty_only,0.1,0.007771000720581937,0.005855500202450108,0.9904,1.0,0,6,0,619,0.0096,0.0,0.0,0.0,0.5
11,local_defect,0.008,two_sided_straddle,0.1,0.006766107965961096,0.0052189160696025855,0.9904,1.0,0,6,0,619,0.0096,0.0,0.0,0.0,0.5
11,local_defect,0.008,evidence_gated,0.1,0.006372578483083026,0.00483682818401737,0.9936,0.5,3,3,1,618,0.0096,0.5,0.75,0.0016155088852988692,0.7491922455573505
11,mixed,0.003,uncertainty_only,0.1,0.006268796092864725,0.0042025749053851485,0.9696,0.6153846153846154,10,16,3,596,0.0416,0.38461538461538464,0.7692307692307693,0.005008347245409015,0.6898035186849878
11,mixed,0.003,two_sided_straddle,0.1,0.006455120309101517,0.00459670917156766,0.984,0.15384615384615385,22,4,6,593,0.0416,0.8461538461538461,0.7857142857142857,0.01001669449081803,0.9180685758315141
11,mixed,0.003,evidence_gated,0.1,0.007227474130198456,0.005349898950327761,0.9808,0.23076923076923078,20,6,6,593,0.0416,0.7692307692307693,0.7692307692307693,0.01001669449081803,0.8796070373699756
11,mixed,0.008,uncertainty_only,0.1,0.008464486751197133,0.00617699343717199,0.9568,0.46153846153846156,14,12,15,584,0.0416,0.5384615384615384,0.4827586206896552,0.025041736227045076,0.7567099011172467
11,mixed,0.008,two_sided_straddle,0.1,0.009793504657256964,0.007057891561707646,0.9584,0.46153846153846156,14,12,14,585,0.0416,0.5384615384615384,0.5,0.02337228714524207,0.7575446256581482
11,mixed,0.008,evidence_gated,0.1,0.010874679890229628,0.007920286340393023,0.9744,0.38461538461538464,16,10,6,593,0.0416,0.6153846153846154,0.7272727272727273,0.01001669449081803,0.8026839604468987
12,smooth,0.003,uncertainty_only,0.1,0.002779590593317537,0.0021800472467232894,0.992,0.22727272727272727,17,5,0,603,0.0352,0.7727272727272727,1.0,0.0,0.8863636363636364
12,smooth,0.003,two_sided_straddle,0.1,0.003411182259191791,0.0026548849730934684,0.9888,0.13636363636363635,19,3,4,599,0.0352,0.8636363636363636,0.8260869565217391,0.006633499170812604,0.9285014322327756
12,smooth,0.003,evidence_gated,0.1,0.003394444873758616,0.002634867999454209,0.9904,0.09090909090909091,20,2,4,599,0.0352,0.9090909090909091,0.8333333333333334,0.006633499170812604,0.9512287049600483
12,smooth,0.008,uncertainty_only,0.1,0.006049710490861347,0.004688442013504808,0.968,0.36363636363636365,14,8,12,591,0.0352,0.6363636363636364,0.5384615384615384,0.01990049751243781,0.8082315694255993
12,smooth,0.008,two_sided_straddle,0.1,0.006147335660197112,0.0048596864318472795,0.9712,0.4090909090909091,13,9,9,594,0.0352,0.5909090909090909,0.5909090909090909,0.014925373134328358,0.7879918588873813
12,smooth,0.008,evidence_gated,0.1,0.007213508660719434,0.00579150926738311,0.9712,0.3181818181818182,15,7,11,592,0.0352,0.6818181818181818,0.5769230769230769,0.01824212271973466,0.8317880295492235
12,waviness,0.003,uncertainty_only,0.1,0.008031396181399838,0.005839890578120887,0.9312,0.5540540540540541,33,41,2,549,0.1184,0.44594594594594594,0.9428571428571428,0.003629764065335753,0.721158090940305
12,waviness,0.003,two_sided_straddle,0.1,0.010224216231701774,0.0070532892899430434,0.944,0.44594594594594594,41,33,2,549,0.1184,0.5540540540540541,0.9534883720930233,0.003629764065335753,0.7752121449943592
12,waviness,0.003,evidence_gated,0.1,0.012885077699494431,0.00902853997144545,0.9488,0.3918918918918919,45,29,3,548,0.1184,0.6081081081081081,0.9375,0.0054446460980036296,0.8013317310050523
12,waviness,0.008,uncertainty_only,0.1,0.009961080150581227,0.007806030367948037,0.9152,0.6621621621621622,25,49,4,547,0.1184,0.33783783783783783,0.8620689655172413,0.007259528130671506,0.6652891548535831
12,waviness,0.008,two_sided_straddle,0.1,0.010394646574675809,0.00806105495189986,0.936,0.4594594594594595,40,34,6,545,0.1184,0.5405405405405406,0.8695652173913043,0.010889292196007259,0.7648256241722666
12,waviness,0.008,evidence_gated,0.1,0.013255375984413315,0.009952067071147219,0.9328,0.43243243243243246,42,32,10,541,0.1184,0.5675675675675675,0.8076923076923077,0.018148820326678767,0.7747093736204445
12,local_defect,0.003,uncertainty_only,0.1,0.004052991809067263,0.002669469250877333,0.9936,0.08695652173913043,21,2,2,600,0.0368,0.9130434782608695,0.9130434782608695,0.0033222591362126247,0.9548606095623284
12,local_defect,0.003,two_sided_straddle,0.1,0.003501523544034113,0.002711133746416329,0.9968,0.0,23,0,2,600,0.0368,1.0,0.92,0.0033222591362126247,0.9983388704318936
12,local_defect,0.003,evidence_gated,0.1,0.003552057465646591,0.002530755455932149,0.9952,0.043478260869565216,22,1,2,600,0.0368,0.9565217391304348,0.9166666666666666,0.0033222591362126247,0.9765997399971111
12,local_defect,0.008,uncertainty_only,0.1,0.007444764399485306,0.00578574064672098,0.9632,0.13043478260869565,20,3,20,582,0.0368,0.8695652173913043,0.5,0.03322259136212625,0.918171313014589
12,local_defect,0.008,two_sided_straddle,0.1,0.0064746586226001185,0.0052413345858309,0.9776,0.0,23,0,14,588,0.0368,1.0,0.6216216216216216,0.023255813953488372,0.9883720930232558
12,local_defect,0.008,evidence_gated,0.1,0.006778706271513127,0.0052140559621829796,0.9824,0.08695652173913043,21,2,9,593,0.0368,0.9130434782608695,0.7,0.014950166112956811,0.9490466560739563
12,mixed,0.003,uncertainty_only,0.1,0.003959595954682123,0.0030227447088660027,0.9792,0.4583333333333333,13,11,2,599,0.0384,0.5416666666666666,0.8666666666666667,0.0033277870216306157,0.769169439822518
12,mixed,0.003,two_sided_straddle,0.1,0.005449571295209591,0.003905791686430115,0.9872,0.16666666666666666,20,4,4,597,0.0384,0.8333333333333334,0.8333333333333334,0.0066555740432612314,0.9133388796450361
12,mixed,0.003,evidence_gated,0.1,0.006125312413815524,0.004505247890155219,0.984,0.2916666666666667,17,7,3,598,0.0384,0.7083333333333334,0.85,0.004991680532445923,0.8516708264004438
12,mixed,0.008,uncertainty_only,0.1,0.008003213602335515,0.006442181497981168,0.9664,0.625,9,15,6,595,0.0384,0.375,0.6,0.009983361064891847,0.6825083194675541
12,mixed,0.008,two_sided_straddle,0.1,0.007496674438796309,0.006041451768617652,0.9776,0.4166666666666667,14,10,4,597,0.0384,0.5833333333333334,0.7777777777777778,0.0066555740432612314,0.7883388796450361
12,mixed,0.008,evidence_gated,0.1,0.00806958717611185,0.006386323643319209,0.984,0.16666666666666666,20,4,6,595,0.0384,0.8333333333333334,0.7692307692307693,0.009983361064891847,0.9116749861342208
13,smooth,0.003,uncertainty_only,0.1,0.0029720108303762822,0.0022892709771113943,0.9872,0.24,19,6,2,598,0.04,0.76,0.9047619047619048,0.0033333333333333335,0.8783333333333334
13,smooth,0.003,two_sided_straddle,0.1,0.0027384884772557287,0.0021772038398672365,0.9872,0.24,19,6,2,598,0.04,0.76,0.9047619047619048,0.0033333333333333335,0.8783333333333334
13,smooth,0.003,evidence_gated,0.1,0.003155835092988897,0.0024119074546321284,0.9872,0.24,19,6,2,598,0.04,0.76,0.9047619047619048,0.0033333333333333335,0.8783333333333334
13,smooth,0.008,uncertainty_only,0.1,0.006586311811808811,0.004997743228596314,0.96,0.56,11,14,11,589,0.04,0.44,0.5,0.018333333333333333,0.7108333333333333
13,smooth,0.008,two_sided_straddle,0.1,0.0060685520446477955,0.004604024845056793,0.9712,0.4,15,10,8,592,0.04,0.6,0.6521739130434783,0.013333333333333334,0.7933333333333333
13,smooth,0.008,evidence_gated,0.1,0.006612196040256785,0.005152642892805797,0.9696,0.48,13,12,7,593,0.04,0.52,0.65,0.011666666666666667,0.7541666666666667
13,waviness,0.003,uncertainty_only,0.1,0.007592308403164473,0.005490854636784426,0.9344,0.6779661016949152,19,40,1,565,0.0944,0.3220338983050847,0.95,0.0017667844522968198,0.660133556926394
13,waviness,0.003,two_sided_straddle,0.1,0.01002920447345226,0.0070559073672239545,0.944,0.576271186440678,25,34,1,565,0.0944,0.423728813559322,0.9615384615384616,0.0017667844522968198,0.7109810145535126
13,waviness,0.003,evidence_gated,0.1,0.01249247402618628,0.008796007687242079,0.9616,0.3898305084745763,36,23,1,565,0.0944,0.6101694915254238,0.972972972972973,0.0017667844522968198,0.8042013535365635
13,waviness,0.008,uncertainty_only,0.1,0.010896004673045936,0.008414512435406913,0.92,0.6779661016949152,19,40,10,556,0.0944,0.3220338983050847,0.6551724137931034,0.0176678445229682,0.6521830268910582
13,waviness,0.008,two_sided_straddle,0.1,0.011526714639205807,0.008546240004763863,0.9328,0.5254237288135594,28,31,11,555,0.0944,0.4745762711864407,0.717948717948718,0.019434628975265017,0.7275708211055878
13,waviness,0.008,evidence_gated,0.1,0.012727361864714397,0.009821159120803384,0.9312,0.5932203389830508,24,35,8,558,0.0944,0.4067796610169492,0.75,0.014134275618374558,0.6963226926992874
13,local_defect,0.003,uncertainty_only,0.1,0.005100529143694635,0.0027985674950701963,0.9872,0.03333333333333333,29,1,7,588,0.048,0.9666666666666667,0.8055555555555556,0.011764705882352941,0.9774509803921569
13,local_defect,0.003,two_sided_straddle,0.1,0.004256643666482393,0.0028458414324585212,0.9952,0.0,30,0,3,592,0.048,1.0,0.9090909090909091,0.005042016806722689,0.9974789915966387
13,local_defect,0.003,evidence_gated,0.1,0.0027207585653545646,0.0021306335484741917,0.9936,0.03333333333333333,29,1,3,592,0.048,0.9666666666666667,0.90625,0.005042016806722689,0.9808123249299721
13,local_defect,0.008,uncertainty_only,0.1,0.007220203477151038,0.005514199253889171,0.992,0.0,30,0,5,590,0.048,1.0,0.8571428571428571,0.008403361344537815,0.9957983193277311
13,local_defect,0.008,two_sided_straddle,0.1,0.006350690732041783,0.005154146942730982,0.9904,0.03333333333333333,29,1,5,590,0.048,0.9666666666666667,0.8529411764705882,0.008403361344537815,0.9791316526610645
13,local_defect,0.008,evidence_gated,0.1,0.007199031522169129,0.005538987360230116,0.9888,0.03333333333333333,29,1,6,589,0.048,0.9666666666666667,0.8285714285714286,0.010084033613445379,0.9782913165266107
13,mixed,0.003,uncertainty_only,0.1,0.004780829863897462,0.0033116230975085707,0.976,0.4482758620689655,16,13,2,594,0.0464,0.5517241379310345,0.8888888888888888,0.003355704697986577,0.7741842166165239
13,mixed,0.003,two_sided_straddle,0.1,0.005806526453363093,0.003924969161077486,0.984,0.2413793103448276,22,7,3,593,0.0464,0.7586206896551724,0.88,0.0050335570469798654,0.8767935663040962
13,mixed,0.003,evidence_gated,0.1,0.005467254124932413,0.003929593351709847,0.9888,0.10344827586206896,26,3,4,592,0.0464,0.896551724137931,0.8666666666666667,0.006711409395973154,0.9449201573709789
13,mixed,0.008,uncertainty_only,0.1,0.00738113847792364,0.005667472846356595,0.9536,0.3793103448275862,18,11,18,578,0.0464,0.6206896551724138,0.5,0.030201342281879196,0.7952441564452672
13,mixed,0.008,two_sided_straddle,0.1,0.007465730725567856,0.0056160653806185306,0.9664,0.4482758620689655,16,13,8,588,0.0464,0.5517241379310345,0.6666666666666666,0.013422818791946308,0.7691506595695441
13,mixed,0.008,evidence_gated,0.1,0.008220674221688914,0.006557877199624002,0.9728,0.4482758620689655,16,13,4,592,0.0464,0.5517241379310345,0.8,0.006711409395973154,0.7725063642675307
14,smooth,0.003,uncertainty_only,0.1,0.002836052540296988,0.0023213101355081425,0.9888,0.20833333333333334,19,5,2,599,0.0384,0.7916666666666666,0.9047619047619048,0.0033277870216306157,0.894169439822518
14,smooth,0.003,two_sided_straddle,0.1,0.003206883768079115,0.002467816275142965,0.9936,0.08333333333333333,22,2,2,599,0.0384,0.9166666666666666,0.9166666666666666,0.0033277870216306157,0.956669439822518
14,smooth,0.003,evidence_gated,0.1,0.0035493779568306163,0.002754322706974338,0.9936,0.08333333333333333,22,2,2,599,0.0384,0.9166666666666666,0.9166666666666666,0.0033277870216306157,0.956669439822518
14,smooth,0.008,uncertainty_only,0.1,0.0062610025636048875,0.004838109112311504,0.984,0.20833333333333334,19,5,5,596,0.0384,0.7916666666666666,0.7916666666666666,0.008319467554076539,0.891673599556295
14,smooth,0.008,two_sided_straddle,0.1,0.007117941073038976,0.005578888045952823,0.976,0.125,21,3,12,589,0.0384,0.875,0.6363636363636364,0.019966722129783693,0.9275166389351082
14,smooth,0.008,evidence_gated,0.1,0.006580571691076584,0.00534971046284571,0.9824,0.125,21,3,8,593,0.0384,0.875,0.7241379310344828,0.013311148086522463,0.9308444259567388
14,waviness,0.003,uncertainty_only,0.1,0.007426907821881017,0.005636097306475941,0.9392,0.5932203389830508,24,35,3,563,0.0944,0.4067796610169492,0.8888888888888888,0.00530035335689046,0.7007396538300293
14,waviness,0.003,two_sided_straddle,0.1,0.011735400424321668,0.00830925955534456,0.944,0.576271186440678,25,34,1,565,0.0944,0.423728813559322,0.9615384615384616,0.0017667844522968198,0.7109810145535126
14,waviness,0.003,evidence_gated,0.1,0.013352240529491166,0.009487786339726224,0.9424,0.559322033898305,26,33,3,563,0.0944,0.4406779661016949,0.896551724137931,0.00530035335689046,0.7176888063724022
14,waviness,0.008,uncertainty_only,0.1,0.01106554660820309,0.008751913506507515,0.92,0.7288135593220338,16,43,7,559,0.0944,0.2711864406779661,0.6956521739130435,0.012367491166077738,0.6294094747559442
14,waviness,0.008,two_sided_straddle,0.1,0.011509403855288874,0.008565914583707422,0.9248,0.6271186440677966,22,37,10,556,0.0944,0.3728813559322034,0.6875,0.0176678445229682,0.6776067557046176
14,waviness,0.008,evidence_gated,0.1,0.014156962023383162,0.010669956534801545,0.9248,0.6610169491525424,20,39,8,558,0.0944,0.3389830508474576,0.7142857142857143,0.014134275618374558,0.6624243876145415
14,local_defect,0.003,uncertainty_only,0.1,0.0032513042035019393,0.0024038499850336237,0.9968,0.1,9,1,1,614,0.016,0.9,0.9,0.0016260162601626016,0.9491869918699187
14,local_defect,0.003,two_sided_straddle,0.1,0.003044182811906477,0.0022889894580157936,0.9984,0.0,10,0,1,614,0.016,1.0,0.9090909090909091,0.0016260162601626016,0.9991869918699188
14,local_defect,0.003,evidence_gated,0.1,0.002510858175760039,0.0020023240466431865,1.0,0.0,10,0,0,615,0.016,1.0,1.0,0.0,1.0
14,local_defect,0.008,uncertainty_only,0.1,0.005475877902283325,0.004354409669287076,0.9936,0.1,9,1,3,612,0.016,0.9,0.75,0.004878048780487805,0.947560975609756
14,local_defect,0.008,two_sided_straddle,0.1,0.005432812230766373,0.004245413621230078,0.9952,0.0,10,0,3,612,0.016,1.0,0.7692307692307693,0.004878048780487805,0.9975609756097561
14,local_defect,0.008,evidence_gated,0.1,0.005746218747922699,0.004514737060227891,0.992,0.2,8,2,3,612,0.016,0.8,0.7272727272727273,0.004878048780487805,0.8975609756097561
14,mixed,0.003,uncertainty_only,0.1,0.004564308659380449,0.0034917862230520852,0.9888,0.5384615384615384,6,7,0,612,0.0208,0.46153846153846156,1.0,0.0,0.7307692307692308
14,mixed,0.003,two_sided_straddle,0.1,0.004742784366212211,0.003611963138907163,0.9808,0.38461538461538464,8,5,7,605,0.0208,0.6153846153846154,0.5333333333333333,0.011437908496732025,0.8019733534439417
14,mixed,0.003,evidence_gated,0.1,0.00576073666518904,0.004468264103166266,0.984,0.23076923076923078,10,3,7,605,0.0208,0.7692307692307693,0.5882352941176471,0.011437908496732025,0.8788964303670186
14,mixed,0.008,uncertainty_only,0.1,0.007015871185663321,0.00534017950588102,0.9856,0.5384615384615384,6,7,2,610,0.0208,0.46153846153846156,0.75,0.0032679738562091504,0.7291352438411263
14,mixed,0.008,two_sided_straddle,0.1,0.006410788415151496,0.005249127357246584,0.9696,0.38461538461538464,8,5,14,598,0.0208,0.6153846153846154,0.36363636363636365,0.02287581699346405,0.7962543991955757
14,mixed,0.008,evidence_gated,0.1,0.008772958696540843,0.006928745166995907,0.984,0.38461538461538464,8,5,5,607,0.0208,0.6153846153846154,0.6153846153846154,0.008169934640522876,0.8036073403720463
0,smooth,0.003,uncertainty_only,0.16,0.0025371370831840023,0.0020449698231800695,0.9936,0.10526315789473684,17,2,2,604,0.0304,0.8947368421052632,0.8947368421052632,0.0033003300330033004,0.9457182560361299
0,smooth,0.003,two_sided_straddle,0.16,0.002957748114437066,0.00233327745433387,0.9984,0.0,19,0,1,605,0.0304,1.0,0.95,0.0016501650165016502,0.9991749174917492
0,smooth,0.003,evidence_gated,0.16,0.002761692366304775,0.002226971484755286,0.9984,0.0,19,0,1,605,0.0304,1.0,0.95,0.0016501650165016502,0.9991749174917492
0,smooth,0.008,uncertainty_only,0.16,0.005410721086167175,0.004413502260636645,0.9952,0.10526315789473684,17,2,1,605,0.0304,0.8947368421052632,0.9444444444444444,0.0016501650165016502,0.9465433385443808
0,smooth,0.008,two_sided_straddle,0.16,0.006124640043130946,0.004786585342826038,0.984,0.05263157894736842,18,1,9,597,0.0304,0.9473684210526315,0.6666666666666666,0.01485148514851485,0.9662584679520583
0,smooth,0.008,evidence_gated,0.16,0.006408877698894594,0.005144696591877316,0.976,0.15789473684210525,16,3,12,594,0.0304,0.8421052631578947,0.5714285714285714,0.019801980198019802,0.9111516414799374
0,waviness,0.003,uncertainty_only,0.16,0.005959182216384558,0.004499506146519412,0.9376,0.5135135135135135,36,38,1,550,0.1184,0.4864864864864865,0.972972972972973,0.0018148820326678765,0.7423358022269093
0,waviness,0.003,two_sided_straddle,0.16,0.010359962394244542,0.007407858961008283,0.9568,0.28378378378378377,53,21,6,545,0.1184,0.7162162162162162,0.8983050847457628,0.010889292196007259,0.8526634620101046
0,waviness,0.003,evidence_gated,0.16,0.01021195187838151,0.00748664307529605,0.9536,0.33783783783783783,49,25,4,547,0.1184,0.6621621621621622,0.9245283018867925,0.007259528130671506,0.8274513170157454
0,waviness,0.008,uncertainty_only,0.16,0.008616155965370145,0.00695585936933664,0.9168,0.5540540540540541,33,41,11,540,0.1184,0.44594594594594594,0.75,0.019963702359346643,0.7129911217932996
0,waviness,0.008,two_sided_straddle,0.16,0.01163837243743981,0.008965529997927183,0.9264,0.5540540540540541,33,41,5,546,0.1184,0.44594594594594594,0.868421052631579,0.009074410163339383,0.7184357678913033
0,waviness,0.008,evidence_gated,0.16,0.013162353337978381,0.010240079084808167,0.9296,0.4864864864864865,38,36,8,543,0.1184,0.5135135135135135,0.8260869565217391,0.014519056261343012,0.7494972286260853
0,local_defect,0.003,uncertainty_only,0.16,0.003193343506993548,0.002247334587921872,0.9936,0.0,1,0,4,620,0.0016,1.0,0.2,0.00641025641025641,0.9967948717948718
0,local_defect,0.003,two_sided_straddle,0.16,0.0030989292447978264,0.0023572726410698614,0.9952,0.0,1,0,3,621,0.0016,1.0,0.25,0.004807692307692308,0.9975961538461539
0,local_defect,0.003,evidence_gated,0.16,0.0034805992838901137,0.0026964308920036837,0.9968,0.0,1,0,2,622,0.0016,1.0,0.3333333333333333,0.003205128205128205,0.9983974358974359
0,local_defect,0.008,uncertainty_only,0.16,0.006025525270408637,0.004828601102421111,0.9952,0.0,1,0,3,621,0.0016,1.0,0.25,0.004807692307692308,0.9975961538461539
0,local_defect,0.008,two_sided_straddle,0.16,0.007581859332968326,0.006049502529740113,0.9936,1.0,0,1,3,621,0.0016,0.0,0.0,0.004807692307692308,0.49759615384615385
0,local_defect,0.008,evidence_gated,0.16,0.0069518780312343605,0.005075891759325218,0.9984,1.0,0,1,0,624,0.0016,0.0,0.0,0.0,0.5
0,mixed,0.003,uncertainty_only,0.16,0.004270277644362347,0.0029166585652475206,0.9872,0.25,15,5,3,602,0.032,0.75,0.8333333333333334,0.0049586776859504135,0.8725206611570249
0,mixed,0.003,two_sided_straddle,0.16,0.00585337541895872,0.004228379242889416,0.9872,0.15,17,3,5,600,0.032,0.85,0.7727272727272727,0.008264462809917356,0.9208677685950413
0,mixed,0.003,evidence_gated,0.16,0.0062793992972678125,0.004606984532656629,0.9872,0.2,16,4,4,601,0.032,0.8,0.8,0.006611570247933884,0.8966942148760331
0,mixed,0.008,uncertainty_only,0.16,0.007396738579880903,0.005869046011950773,0.9712,0.4,12,8,10,595,0.032,0.6,0.5454545454545454,0.01652892561983471,0.7917355371900827
0,mixed,0.008,two_sided_straddle,0.16,0.008541278585561154,0.006785652646742679,0.9808,0.15,17,3,9,596,0.032,0.85,0.6538461538461539,0.01487603305785124,0.9175619834710744
0,mixed,0.008,evidence_gated,0.16,0.008579038895690193,0.006829089029766715,0.9776,0.15,17,3,11,594,0.032,0.85,0.6071428571428571,0.01818181818181818,0.9159090909090909
1,smooth,0.003,uncertainty_only,0.16,0.0027493842208918223,0.002223011969474559,0.9856,0.03225806451612903,30,1,8,586,0.0496,0.967741935483871,0.7894736842105263,0.013468013468013467,0.9771369610079288
1,smooth,0.003,two_sided_straddle,0.16,0.0032348464813382765,0.002629534667338765,0.9888,0.03225806451612903,30,1,6,588,0.0496,0.967741935483871,0.8333333333333334,0.010101010101010102,0.9788204626914305
1,smooth,0.003,evidence_gated,0.16,0.0034139611411714977,0.0027384854111180447,0.9888,0.03225806451612903,30,1,6,588,0.0496,0.967741935483871,0.8333333333333334,0.010101010101010102,0.9788204626914305
1,smooth,0.008,uncertainty_only,0.16,0.006705885764873636,0.005209188593249198,0.9616,0.4838709677419355,16,15,9,585,0.0496,0.5161290322580645,0.64,0.015151515151515152,0.7504887585532747
1,smooth,0.008,two_sided_straddle,0.16,0.006516383234210632,0.005230567961035476,0.9808,0.16129032258064516,26,5,7,587,0.0496,0.8387096774193549,0.7878787878787878,0.011784511784511785,0.9134625828174215
1,smooth,0.008,evidence_gated,0.16,0.006709588525864055,0.005512858939371629,0.9856,0.12903225806451613,27,4,5,589,0.0496,0.8709677419354839,0.84375,0.008417508417508417,0.9312751167589877
1,waviness,0.003,uncertainty_only,0.16,0.007200716476266918,0.005250308024202615,0.968,0.4418604651162791,24,19,1,581,0.0688,0.5581395348837209,0.96,0.001718213058419244,0.7782106609126509
1,waviness,0.003,two_sided_straddle,0.16,0.009893729104558888,0.007086764298132023,0.9664,0.3953488372093023,26,17,4,578,0.0688,0.6046511627906976,0.8666666666666667,0.006872852233676976,0.7988891552785103
1,waviness,0.003,evidence_gated,0.16,0.010153183520596437,0.007346534091605875,0.9664,0.4186046511627907,25,18,3,579,0.0688,0.5813953488372093,0.8928571428571429,0.005154639175257732,0.7881203548309759
1,waviness,0.008,uncertainty_only,0.16,0.00900680570176177,0.007389545966497576,0.9376,0.6976744186046512,13,30,9,573,0.0688,0.3023255813953488,0.5909090909090909,0.015463917525773196,0.6434308319347879
1,waviness,0.008,two_sided_straddle,0.16,0.011189887739683328,0.008501031387477605,0.96,0.5116279069767442,21,22,3,579,0.0688,0.4883720930232558,0.875,0.005154639175257732,0.741608726923999
1,waviness,0.008,evidence_gated,0.16,0.011104060226973123,0.008604648752414385,0.9536,0.4883720930232558,22,21,8,574,0.0688,0.5116279069767442,0.7333333333333333,0.013745704467353952,0.7489411012546952
1,local_defect,0.003,uncertainty_only,0.16,0.0029962026375806063,0.00227903982096422,0.9984,0.0,7,0,1,617,0.0112,1.0,0.875,0.0016181229773462784,0.9991909385113269
1,local_defect,0.003,two_sided_straddle,0.16,0.0026508944001760217,0.002114557776438142,0.9968,0.0,7,0,2,616,0.0112,1.0,0.7777777777777778,0.003236245954692557,0.9983818770226538
1,local_defect,0.003,evidence_gated,0.16,0.002585145324344707,0.0020083466706166484,0.9968,0.0,7,0,2,616,0.0112,1.0,0.7777777777777778,0.003236245954692557,0.9983818770226538
1,local_defect,0.008,uncertainty_only,0.16,0.006850970401752917,0.005591634396456277,0.9824,0.0,7,0,11,607,0.0112,1.0,0.3888888888888889,0.01779935275080906,0.9911003236245954
1,local_defect,0.008,two_sided_straddle,0.16,0.006301532018150328,0.005011049831386811,0.976,0.0,7,0,15,603,0.0112,1.0,0.3181818181818182,0.024271844660194174,0.9878640776699029
1,local_defect,0.008,evidence_gated,0.16,0.007084679677034199,0.0056679720479512795,0.9872,0.0,7,0,8,610,0.0112,1.0,0.4666666666666667,0.012944983818770227,0.993527508090615
1,mixed,0.003,uncertainty_only,0.16,0.003681501870168515,0.0028433518225906918,0.9856,0.3103448275862069,20,9,0,596,0.0464,0.6896551724137931,1.0,0.0,0.8448275862068966
1,mixed,0.003,two_sided_straddle,0.16,0.004845644433345246,0.003715254388369682,0.9936,0.13793103448275862,25,4,0,596,0.0464,0.8620689655172413,1.0,0.0,0.9310344827586207
1,mixed,0.003,evidence_gated,0.16,0.00482944527193823,0.003739471957248898,0.9952,0.10344827586206896,26,3,0,596,0.0464,0.896551724137931,1.0,0.0,0.9482758620689655
1,mixed,0.008,uncertainty_only,0.16,0.0071412667471749845,0.005651246178942431,0.9856,0.1724137931034483,24,5,4,592,0.0464,0.8275862068965517,0.8571428571428571,0.006711409395973154,0.9104373987502893
1,mixed,0.008,two_sided_straddle,0.16,0.008955781536443863,0.007106921145674937,0.9872,0.1724137931034483,24,5,3,593,0.0464,0.8275862068965517,0.8888888888888888,0.0050335570469798654,0.9112763249247859
1,mixed,0.008,evidence_gated,0.16,0.007792174749369908,0.006158575711269704,0.9872,0.10344827586206896,26,3,5,591,0.0464,0.896551724137931,0.8387096774193549,0.008389261744966443,0.9440812311964824
2,smooth,0.003,uncertainty_only,0.16,0.002650765604542086,0.002060847596381733,0.9856,0.3333333333333333,6,3,6,610,0.0144,0.6666666666666666,0.5,0.00974025974025974,0.8284632034632035
2,smooth,0.003,two_sided_straddle,0.16,0.002697907223722463,0.002142746681768701,0.9936,0.3333333333333333,6,3,1,615,0.0144,0.6666666666666666,0.8571428571428571,0.0016233766233766235,0.832521645021645
2,smooth,0.003,evidence_gated,0.16,0.002915948553351422,0.002242347742475342,0.9872,0.4444444444444444,5,4,4,612,0.0144,0.5555555555555556,0.5555555555555556,0.006493506493506494,0.7745310245310246
2,smooth,0.008,uncertainty_only,0.16,0.007038215951042859,0.005482369606214803,0.9616,0.2222222222222222,7,2,22,594,0.0144,0.7777777777777778,0.2413793103448276,0.03571428571428571,0.871031746031746
2,smooth,0.008,two_sided_straddle,0.16,0.007020413815155688,0.005417194142954331,0.9808,0.3333333333333333,6,3,9,607,0.0144,0.6666666666666666,0.4,0.01461038961038961,0.8260281385281385
2,smooth,0.008,evidence_gated,0.16,0.00669000835359847,0.005305417037442689,0.9808,0.3333333333333333,6,3,9,607,0.0144,0.6666666666666666,0.4,0.01461038961038961,0.8260281385281385
2,waviness,0.003,uncertainty_only,0.16,0.006867113051753764,0.005122528510169527,0.944,0.5925925925925926,22,32,3,568,0.0864,0.4074074074074074,0.88,0.005253940455341506,0.7010767334760329
2,waviness,0.003,two_sided_straddle,0.16,0.011178419095475059,0.007640399677902292,0.952,0.48148148148148145,28,26,4,567,0.0864,0.5185185185185185,0.875,0.0070052539404553416,0.7557566322890316
2,waviness,0.003,evidence_gated,0.16,0.012053531524474005,0.008492157959587661,0.9568,0.46296296296296297,29,25,2,569,0.0864,0.5370370370370371,0.9354838709677419,0.0035026269702276708,0.7667672050334047
2,waviness,0.008,uncertainty_only,0.16,0.008996812125336704,0.00713972429538018,0.936,0.6666666666666666,18,36,4,567,0.0864,0.3333333333333333,0.8181818181818182,0.0070052539404553416,0.663164039696439
2,waviness,0.008,two_sided_straddle,0.16,0.01273401453101827,0.00947051315039822,0.936,0.6111111111111112,21,33,7,564,0.0864,0.3888888888888889,0.75,0.012259194395796848,0.688314847246546
2,waviness,0.008,evidence_gated,0.16,0.01182508200090087,0.009338697587888188,0.9344,0.6851851851851852,17,37,4,567,0.0864,0.3148148148148148,0.8095238095238095,0.0070052539404553416,0.6539047804371797
2,local_defect,0.003,uncertainty_only,0.16,0.004099300029271176,0.002268078983761817,0.9904,0.625,3,5,1,616,0.0128,0.375,0.75,0.0016207455429497568,0.6866896272285251
2,local_defect,0.003,two_sided_straddle,0.16,0.0032454391360690017,0.0022957756757582357,0.9968,0.0,8,0,2,615,0.0128,1.0,0.8,0.0032414910858995136,0.9983792544570502
2,local_defect,0.003,evidence_gated,0.16,0.0027670434462605405,0.0020853577813098956,0.9984,0.0,8,0,1,616,0.0128,1.0,0.8888888888888888,0.0016207455429497568,0.9991896272285251
2,local_defect,0.008,uncertainty_only,0.16,0.007423954780099885,0.005371681931811602,0.9872,1.0,0,8,0,617,0.0128,0.0,0.0,0.0,0.5
2,local_defect,0.008,two_sided_straddle,0.16,0.005972276150595387,0.004636918876847504,0.9968,0.0,8,0,2,615,0.0128,1.0,0.8,0.0032414910858995136,0.9983792544570502
2,local_defect,0.008,evidence_gated,0.16,0.006428315482203826,0.005139887135772958,0.9984,0.0,8,0,1,616,0.0128,1.0,0.8888888888888888,0.0016207455429497568,0.9991896272285251
2,mixed,0.003,uncertainty_only,0.16,0.0035081584057150995,0.002771370618893639,0.9904,0.38461538461538464,8,5,1,611,0.0208,0.6153846153846154,0.8888888888888888,0.0016339869281045752,0.8068753142282554
2,mixed,0.003,two_sided_straddle,0.16,0.004608832065581609,0.0036302138022442343,0.992,0.3076923076923077,9,4,1,611,0.0208,0.6923076923076923,0.9,0.0016339869281045752,0.8453368526897939
2,mixed,0.003,evidence_gated,0.16,0.0036854481937928086,0.0029272167286893526,0.9952,0.07692307692307693,12,1,2,610,0.0208,0.9230769230769231,0.8571428571428571,0.0032679738562091504,0.959904474610357
2,mixed,0.008,uncertainty_only,0.16,0.007059243359386463,0.0055327306802362254,0.9824,0.15384615384615385,11,2,9,603,0.0208,0.8461538461538461,0.55,0.014705882352941176,0.9157239819004526
2,mixed,0.008,two_sided_straddle,0.16,0.007367782470584649,0.00578341809718197,0.984,0.5384615384615384,6,7,3,609,0.0208,0.46153846153846156,0.6666666666666666,0.004901960784313725,0.728318250377074
2,mixed,0.008,evidence_gated,0.16,0.008166900297745992,0.006557332173732354,0.9792,0.23076923076923078,10,3,10,602,0.0208,0.7692307692307693,0.5,0.016339869281045753,0.8764454499748617
3,smooth,0.003,uncertainty_only,0.16,0.0026608871407393835,0.002138032758833617,0.9904,0.2222222222222222,7,2,4,612,0.0144,0.7777777777777778,0.6363636363636364,0.006493506493506494,0.8856421356421357
3,smooth,0.003,two_sided_straddle,0.16,0.002791896682930618,0.002280204231401171,0.9904,0.1111111111111111,8,1,5,611,0.0144,0.8888888888888888,0.6153846153846154,0.008116883116883116,0.9403860028860029
3,smooth,0.003,evidence_gated,0.16,0.0023360645343205393,0.0018634918977670856,0.9824,0.1111111111111111,8,1,10,606,0.0144,0.8888888888888888,0.4444444444444444,0.016233766233766232,0.9363275613275612
3,smooth,0.008,uncertainty_only,0.16,0.006365435506790084,0.005137982727624694,0.9904,0.4444444444444444,5,4,2,614,0.0144,0.5555555555555556,0.7142857142857143,0.003246753246753247,0.7761544011544012
3,smooth,0.008,two_sided_straddle,0.16,0.00612955102019861,0.004778236637894649,0.9776,0.4444444444444444,5,4,10,606,0.0144,0.5555555555555556,0.3333333333333333,0.016233766233766232,0.7696608946608947
3,smooth,0.008,evidence_gated,0.16,0.006442878542302531,0.005099019053308727,0.9872,0.2222222222222222,7,2,6,610,0.0144,0.7777777777777778,0.5384615384615384,0.00974025974025974,0.884018759018759
3,waviness,0.003,uncertainty_only,0.16,0.007023654209023953,0.005234892960054319,0.9568,0.5102040816326531,24,25,2,574,0.0784,0.4897959183673469,0.9230769230769231,0.003472222222222222,0.7431618480725624
3,waviness,0.003,two_sided_straddle,0.16,0.010890208330658053,0.007796653663674311,0.9632,0.3877551020408163,30,19,4,572,0.0784,0.6122448979591837,0.8823529411764706,0.006944444444444444,0.8026502267573696
3,waviness,0.003,evidence_gated,0.16,0.010226402642398633,0.007423123451373641,0.96,0.42857142857142855,28,21,4,572,0.0784,0.5714285714285714,0.875,0.006944444444444444,0.7822420634920635
3,waviness,0.008,uncertainty_only,0.16,0.00950602242356228,0.0076988009394083875,0.9424,0.6326530612244898,18,31,5,571,0.0784,0.3673469387755102,0.782608695652174,0.008680555555555556,0.6793331916099773
3,waviness,0.008,two_sided_straddle,0.16,0.011930331892662875,0.009155423403109443,0.9312,0.6326530612244898,18,31,12,564,0.0784,0.3673469387755102,0.6,0.020833333333333332,0.6732568027210885
3,waviness,0.008,evidence_gated,0.16,0.012325762165260776,0.009218991359935012,0.9328,0.6530612244897959,17,32,10,566,0.0784,0.3469387755102041,0.6296296296296297,0.017361111111111112,0.6647888321995464
3,local_defect,0.003,uncertainty_only,0.16,0.0036206896645746265,0.002612674275181165,0.9952,0.045454545454545456,21,1,2,601,0.0352,0.9545454545454546,0.9130434782608695,0.003316749585406302,0.9756143524800241
3,local_defect,0.003,two_sided_straddle,0.16,0.003554368782421204,0.002723403027226584,0.9984,0.0,22,0,1,602,0.0352,1.0,0.9565217391304348,0.001658374792703151,0.9991708126036485
3,local_defect,0.003,evidence_gated,0.16,0.003480258042204518,0.002610499504149622,0.9984,0.045454545454545456,21,1,0,603,0.0352,0.9545454545454546,1.0,0.0,0.9772727272727273
3,local_defect,0.008,uncertainty_only,0.16,0.006138438985054401,0.004806175097387816,0.9888,0.09090909090909091,20,2,5,598,0.0352,0.9090909090909091,0.8,0.008291873963515755,0.9503995175636967
3,local_defect,0.008,two_sided_straddle,0.16,0.006272759704346538,0.0050666873931780815,0.9968,0.045454545454545456,21,1,1,602,0.0352,0.9545454545454546,0.9545454545454546,0.001658374792703151,0.9764435398763758
3,local_defect,0.008,evidence_gated,0.16,0.006248870978996213,0.004863015649943691,0.9904,0.18181818181818182,18,4,2,601,0.0352,0.8181818181818182,0.9,0.003316749585406302,0.9074325342982059
3,mixed,0.003,uncertainty_only,0.16,0.005439212759440947,0.003324554791792008,0.976,0.2857142857142857,35,14,1,575,0.0784,0.7142857142857143,0.9722222222222222,0.001736111111111111,0.8562748015873016
3,mixed,0.003,two_sided_straddle,0.16,0.005149826356789755,0.003843756565340192,0.9824,0.10204081632653061,44,5,6,570,0.0784,0.8979591836734694,0.88,0.010416666666666666,0.9437712585034014
3,mixed,0.003,evidence_gated,0.16,0.004225078508096142,0.003160437009842526,0.9904,0.02040816326530612,48,1,5,571,0.0784,0.9795918367346939,0.9056603773584906,0.008680555555555556,0.9854556405895691
3,mixed,0.008,uncertainty_only,0.16,0.0073898524217163985,0.0059900916620973235,0.9552,0.22448979591836735,38,11,17,559,0.0784,0.7755102040816326,0.6909090909090909,0.029513888888888888,0.8729981575963719
3,mixed,0.008,two_sided_straddle,0.16,0.009079587628663042,0.007288287945601497,0.96,0.22448979591836735,38,11,14,562,0.0784,0.7755102040816326,0.7307692307692307,0.024305555555555556,0.8756023242630385
3,mixed,0.008,evidence_gated,0.16,0.009279313476398435,0.0068326109056583645,0.96,0.24489795918367346,37,12,13,563,0.0784,0.7551020408163265,0.74,0.022569444444444444,0.866266298185941
4,smooth,0.003,uncertainty_only,0.16,0.002658674118520112,0.002213268448464794,0.992,0.09090909090909091,20,2,3,600,0.0352,0.9090909090909091,0.8695652173913043,0.004975124378109453,0.9520578923563998
4,smooth,0.003,two_sided_straddle,0.16,0.002653685515753934,0.0021283043221893964,0.9952,0.09090909090909091,20,2,1,602,0.0352,0.9090909090909091,0.9523809523809523,0.001658374792703151,0.953716267149103
4,smooth,0.003,evidence_gated,0.16,0.0026943329511959035,0.00224532179889324,0.9936,0.09090909090909091,20,2,2,601,0.0352,0.9090909090909091,0.9090909090909091,0.003316749585406302,0.9528870797527513
4,smooth,0.008,uncertainty_only,0.16,0.007680728592187012,0.00620876656655263,0.9712,0.0,22,0,18,585,0.0352,1.0,0.55,0.029850746268656716,0.9850746268656716
4,smooth,0.008,two_sided_straddle,0.16,0.007135040954491338,0.005904741788413084,0.9904,0.09090909090909091,20,2,4,599,0.0352,0.9090909090909091,0.8333333333333334,0.006633499170812604,0.9512287049600483
4,smooth,0.008,evidence_gated,0.16,0.007231770121202623,0.0058685615728206394,0.9856,0.22727272727272727,17,5,4,599,0.0352,0.7727272727272727,0.8095238095238095,0.006633499170812604,0.8830468867782301
4,waviness,0.003,uncertainty_only,0.16,0.006344361156572869,0.00488621682364625,0.9472,0.5882352941176471,21,30,3,571,0.0816,0.4117647058823529,0.875,0.005226480836236934,0.703269112523058
4,waviness,0.003,two_sided_straddle,0.16,0.010142912156955768,0.007246539411063779,0.9504,0.47058823529411764,27,24,7,567,0.0816,0.5294117647058824,0.7941176470588235,0.012195121951219513,0.7586083213773314
4,waviness,0.003,evidence_gated,0.16,0.010502399723170984,0.007472550498120072,0.952,0.5294117647058824,24,27,3,571,0.0816,0.47058823529411764,0.8888888888888888,0.005226480836236934,0.7326808772289404
4,waviness,0.008,uncertainty_only,0.16,0.00920458172952243,0.007334030736397603,0.9328,0.7058823529411765,15,36,6,568,0.0816,0.29411764705882354,0.7142857142857143,0.010452961672473868,0.6418323426931748
4,waviness,0.008,two_sided_straddle,0.16,0.010797759858135348,0.008102229651501524,0.9408,0.5294117647058824,24,27,10,564,0.0816,0.47058823529411764,0.7058823529411765,0.017421602787456445,0.7265833162533306
4,waviness,0.008,evidence_gated,0.16,0.011172841559337503,0.008314140131492686,0.9456,0.5294117647058824,24,27,7,567,0.0816,0.47058823529411764,0.7741935483870968,0.012195121951219513,0.7291965566714491
4,local_defect,0.003,uncertainty_only,0.16,0.0037773766342030822,0.0026541523489340777,0.992,0.0,23,0,5,597,0.0368,1.0,0.8214285714285714,0.008305647840531562,0.9958471760797343
4,local_defect,0.003,two_sided_straddle,0.16,0.003926353950233252,0.00279808435934797,0.9968,0.0,23,0,2,600,0.0368,1.0,0.92,0.0033222591362126247,0.9983388704318936
4,local_defect,0.003,evidence_gated,0.16,0.0032502143019624997,0.00242296140997163,0.9984,0.0,23,0,1,601,0.0368,1.0,0.9583333333333334,0.0016611295681063123,0.9991694352159468
4,local_defect,0.008,uncertainty_only,0.16,0.007396696727875193,0.005421873750992987,0.9856,0.13043478260869565,20,3,6,596,0.0368,0.8695652173913043,0.7692307692307693,0.009966777408637873,0.9297992199913332
4,local_defect,0.008,two_sided_straddle,0.16,0.007038858249720179,0.005660681159088782,0.9904,0.21739130434782608,18,5,1,601,0.0368,0.782608695652174,0.9473684210526315,0.0016611295681063123,0.8904737830420338
4,local_defect,0.008,evidence_gated,0.16,0.006876093345821429,0.005299432836017941,0.9904,0.13043478260869565,20,3,3,599,0.0368,0.8695652173913043,0.8695652173913043,0.0049833887043189366,0.9322909143434928
4,mixed,0.003,uncertainty_only,0.16,0.004126363201506848,0.003071257813249468,0.984,0.15151515151515152,28,5,5,587,0.0528,0.8484848484848485,0.8484848484848485,0.008445945945945946,0.9200194512694513
4,mixed,0.003,two_sided_straddle,0.16,0.008255283375096966,0.005724923476338671,0.992,0.06060606060606061,31,2,3,589,0.0528,0.9393939393939394,0.9117647058823529,0.005067567567567568,0.967163185913186
4,mixed,0.003,evidence_gated,0.16,0.007586737811706816,0.00531582815335304,0.9936,0.030303030303030304,32,1,3,589,0.0528,0.9696969696969697,0.9142857142857143,0.005067567567567568,0.9823147010647011
4,mixed,0.008,uncertainty_only,0.16,0.0068085724701245545,0.005163519253975759,0.9744,0.24242424242424243,25,8,8,584,0.0528,0.7575757575757576,0.7575757575757576,0.013513513513513514,0.8720311220311221
4,mixed,0.008,two_sided_straddle,0.16,0.009171296890708442,0.007015819933866109,0.9792,0.12121212121212122,29,4,9,583,0.0528,0.8787878787878788,0.7631578947368421,0.015202702702702704,0.931792588042588
4,mixed,0.008,evidence_gated,0.16,0.007110899075666761,0.005649160184982095,0.9824,0.21212121212121213,26,7,4,588,0.0528,0.7878787878787878,0.8666666666666667,0.006756756756756757,0.8905610155610155
5,smooth,0.003,uncertainty_only,0.16,0.0025503077062985096,0.0020167071126438677,0.9904,0.0847457627118644,54,5,1,565,0.0944,0.9152542372881356,0.9818181818181818,0.0017667844522968198,0.9567437264179194
5,smooth,0.003,two_sided_straddle,0.16,0.0028300871220500266,0.0022288871498991037,0.9888,0.03389830508474576,57,2,5,561,0.0944,0.9661016949152542,0.9193548387096774,0.0088339222614841,0.9786338863268851
5,smooth,0.003,evidence_gated,0.16,0.003278554245509402,0.0025900956762236766,0.9904,0.06779661016949153,55,4,2,564,0.0944,0.9322033898305084,0.9649122807017544,0.0035335689045936395,0.9643349104629574
5,smooth,0.008,uncertainty_only,0.16,0.006404746584278419,0.005107434413698667,0.944,0.22033898305084745,46,13,22,544,0.0944,0.7796610169491526,0.6764705882352942,0.038869257950530034,0.8703958794993112
5,smooth,0.008,two_sided_straddle,0.16,0.006959364963423616,0.0057410618952268245,0.9616,0.1016949152542373,53,6,18,548,0.0944,0.8983050847457628,0.7464788732394366,0.03180212014134275,0.93325148230221
5,smooth,0.008,evidence_gated,0.16,0.007037767760633444,0.005782148409075838,0.9648,0.13559322033898305,51,8,14,552,0.0944,0.864406779661017,0.7846153846153846,0.024734982332155476,0.9198358986644308
5,waviness,0.003,uncertainty_only,0.16,0.005863150615869414,0.004272935103290056,0.9648,0.4318181818181818,25,19,3,578,0.0704,0.5681818181818182,0.8928571428571429,0.0051635111876075735,0.7815091534971053
5,waviness,0.003,two_sided_straddle,0.16,0.010282444538457058,0.007265877972250253,0.9664,0.36363636363636365,28,16,5,576,0.0704,0.6363636363636364,0.8484848484848485,0.008605851979345954,0.8138788921921452
5,waviness,0.003,evidence_gated,0.16,0.010154519318907899,0.007412740240520958,0.9568,0.5454545454545454,20,24,3,578,0.0704,0.45454545454545453,0.8695652173913043,0.0051635111876075735,0.7246909716789235
5,waviness,0.008,uncertainty_only,0.16,0.008829713250455756,0.007119584797473541,0.9376,0.7272727272727273,12,32,7,574,0.0704,0.2727272727272727,0.631578947368421,0.012048192771084338,0.6303395399780942
5,waviness,0.008,two_sided_straddle,0.16,0.01179150606081977,0.00905646236400921,0.9488,0.6363636363636364,16,28,4,577,0.0704,0.36363636363636365,0.8,0.0068846815834767644,0.6783758410264434
5,waviness,0.008,evidence_gated,0.16,0.010485405892220972,0.008194947187076406,0.944,0.5454545454545454,20,24,11,570,0.0704,0.45454545454545453,0.6451612903225806,0.0189328743545611,0.7178062900954467
5,local_defect,0.003,uncertainty_only,0.16,0.004810951108388918,0.002404570319723142,0.9744,0.23076923076923078,30,9,7,579,0.0624,0.7692307692307693,0.8108108108108109,0.011945392491467578,0.8786426883696509
5,local_defect,0.003,two_sided_straddle,0.16,0.005784020166073899,0.0029714804600646043,0.9776,0.2564102564102564,29,10,4,582,0.0624,0.7435897435897436,0.8787878787878788,0.006825938566552901,0.8683819025115953
5,local_defect,0.003,evidence_gated,0.16,0.003880085430538611,0.002554651778559453,0.9872,0.07692307692307693,36,3,5,581,0.0624,0.9230769230769231,0.8780487804878049,0.008532423208191127,0.957272249934366
5,local_defect,0.008,uncertainty_only,0.16,0.007748107572530585,0.005777357322650665,0.9456,0.3076923076923077,27,12,22,564,0.0624,0.6923076923076923,0.5510204081632653,0.03754266211604096,0.8273825150958256
5,local_defect,0.008,two_sided_straddle,0.16,0.008024568440481902,0.005784282471431004,0.9424,0.3333333333333333,26,13,23,563,0.0624,0.6666666666666666,0.5306122448979592,0.03924914675767918,0.8137087599544937
5,local_defect,0.008,evidence_gated,0.16,0.007271745961632466,0.005212499865953394,0.9568,0.3333333333333333,26,13,14,572,0.0624,0.6666666666666666,0.65,0.023890784982935155,0.8213879408418657
5,mixed,0.003,uncertainty_only,0.16,0.004335652042272859,0.003174490369409287,0.9904,0.12,22,3,3,597,0.04,0.88,0.88,0.005,0.9375
5,mixed,0.003,two_sided_straddle,0.16,0.005843065080516679,0.004210977901088221,0.9888,0.04,24,1,6,594,0.04,0.96,0.8,0.01,0.975
5,mixed,0.003,evidence_gated,0.16,0.0045562458486984635,0.0035428616788334287,0.992,0.04,24,1,4,596,0.04,0.96,0.8571428571428571,0.006666666666666667,0.9766666666666666
5,mixed,0.008,uncertainty_only,0.16,0.006912794195662534,0.005500286961361205,0.9648,0.2,20,5,17,583,0.04,0.8,0.5405405405405406,0.028333333333333332,0.8858333333333334
5,mixed,0.008,two_sided_straddle,0.16,0.008596851177440301,0.006651735984456802,0.976,0.2,20,5,10,590,0.04,0.8,0.6666666666666666,0.016666666666666666,0.8916666666666666
5,mixed,0.008,evidence_gated,0.16,0.00786297060692481,0.006014152515782628,0.9696,0.2,20,5,14,586,0.04,0.8,0.5882352941176471,0.023333333333333334,0.8883333333333334
6,smooth,0.003,uncertainty_only,0.16,0.002888109822950117,0.00229988383742928,0.984,0.2222222222222222,28,8,2,587,0.0576,0.7777777777777778,0.9333333333333333,0.003395585738539898,0.887191096019619
6,smooth,0.003,two_sided_straddle,0.16,0.003225988188263547,0.002662330795027328,0.9792,0.25,27,9,4,585,0.0576,0.75,0.8709677419354839,0.006791171477079796,0.8716044142614601
6,smooth,0.003,evidence_gated,0.16,0.00327115317947823,0.002623294609959239,0.9808,0.19444444444444445,29,7,5,584,0.0576,0.8055555555555556,0.8529411764705882,0.008488964346349746,0.8985332956046029
6,smooth,0.008,uncertainty_only,0.16,0.007053828963979937,0.005617113632115652,0.9456,0.1388888888888889,31,5,29,560,0.0576,0.8611111111111112,0.5166666666666667,0.04923599320882852,0.9059375589511414
6,smooth,0.008,two_sided_straddle,0.16,0.007265900256130173,0.005823966707356402,0.9616,0.3888888888888889,22,14,10,579,0.0576,0.6111111111111112,0.6875,0.01697792869269949,0.7970665912092059
6,smooth,0.008,evidence_gated,0.16,0.008173151307333348,0.006348065997805237,0.968,0.19444444444444445,29,7,13,576,0.0576,0.8055555555555556,0.6904761904761905,0.022071307300509338,0.8917421241275232
6,waviness,0.003,uncertainty_only,0.16,0.007096089050559701,0.005057884743304025,0.96,0.46808510638297873,25,22,3,575,0.0752,0.5319148936170213,0.8928571428571429,0.005190311418685121,0.7633622910991681
6,waviness,0.003,two_sided_straddle,0.16,0.008001176801685184,0.00590750473238773,0.9696,0.2978723404255319,33,14,5,573,0.0752,0.7021276595744681,0.868421052631579,0.00865051903114187,0.8467385702716631
6,waviness,0.003,evidence_gated,0.16,0.008831336944297191,0.006435696006466474,0.9728,0.2765957446808511,34,13,4,574,0.0752,0.723404255319149,0.8947368421052632,0.006920415224913495,0.8582419200471177
6,waviness,0.008,uncertainty_only,0.16,0.009192831526393781,0.007300984465363868,0.9488,0.5106382978723404,23,24,8,570,0.0752,0.48936170212765956,0.7419354838709677,0.01384083044982699,0.7377604358389163
6,waviness,0.008,two_sided_straddle,0.16,0.011112490278115778,0.00873793006687869,0.9616,0.40425531914893614,28,19,5,573,0.0752,0.5957446808510638,0.8484848484848485,0.00865051903114187,0.793547080909961
6,waviness,0.008,evidence_gated,0.16,0.01033724542983419,0.007887285654928635,0.9616,0.2553191489361702,35,12,12,566,0.0752,0.7446808510638298,0.7446808510638298,0.020761245674740483,0.8619598026945446
6,local_defect,0.003,uncertainty_only,0.16,0.004307842967689161,0.002654340401383916,0.9856,0.5333333333333333,7,8,1,609,0.024,0.4666666666666667,0.875,0.001639344262295082,0.7325136612021859
6,local_defect,0.003,two_sided_straddle,0.16,0.005218357194659076,0.0032739583226907014,0.992,0.13333333333333333,13,2,3,607,0.024,0.8666666666666667,0.8125,0.004918032786885246,0.9308743169398908
6,local_defect,0.003,evidence_gated,0.16,0.005395709713472496,0.002899968573748031,0.9856,0.5333333333333333,7,8,1,609,0.024,0.4666666666666667,0.875,0.001639344262295082,0.7325136612021859
6,local_defect,0.008,uncertainty_only,0.16,0.008205262109391837,0.006101703873224068,0.9696,0.4,9,6,13,597,0.024,0.6,0.4090909090909091,0.021311475409836064,0.7893442622950819
6,local_defect,0.008,two_sided_straddle,0.16,0.007109354393455838,0.005564341507238332,0.9936,0.13333333333333333,13,2,2,608,0.024,0.8666666666666667,0.8666666666666667,0.003278688524590164,0.9316939890710383
6,local_defect,0.008,evidence_gated,0.16,0.0066721509141353386,0.005265588459330414,0.9872,0.13333333333333333,13,2,6,604,0.024,0.8666666666666667,0.6842105263157895,0.009836065573770493,0.9284153005464482
6,mixed,0.003,uncertainty_only,0.16,0.004121940058348918,0.002749077580844185,0.984,0.34782608695652173,15,8,2,600,0.0368,0.6521739130434783,0.8823529411764706,0.0033222591362126247,0.8244258269536329
6,mixed,0.003,two_sided_straddle,0.16,0.004119409249755754,0.0030866851153253617,0.984,0.34782608695652173,15,8,2,600,0.0368,0.6521739130434783,0.8823529411764706,0.0033222591362126247,0.8244258269536329
6,mixed,0.003,evidence_gated,0.16,0.00475209878988594,0.0035567466752239895,0.9904,0.13043478260869565,20,3,3,599,0.0368,0.8695652173913043,0.8695652173913043,0.0049833887043189366,0.9322909143434928
6,mixed,0.008,uncertainty_only,0.16,0.006854736341243076,0.004963276928390792,0.9744,0.5217391304347826,11,12,4,598,0.0368,0.4782608695652174,0.7333333333333333,0.006644518272425249,0.7358081756463961
6,mixed,0.008,two_sided_straddle,0.16,0.007255479461659531,0.005221019042458581,0.976,0.30434782608695654,16,7,8,594,0.0368,0.6956521739130435,0.6666666666666666,0.013289036544850499,0.8411815686840964
6,mixed,0.008,evidence_gated,0.16,0.006533110866930365,0.005275519865956218,0.9712,0.6086956521739131,9,14,4,598,0.0368,0.391304347826087,0.6923076923076923,0.006644518272425249,0.6923299147768308
7,smooth,0.003,uncertainty_only,0.16,0.00227146525884109,0.0017962612240856152,0.9904,0.07142857142857142,39,3,3,580,0.0672,0.9285714285714286,0.9285714285714286,0.005145797598627788,0.9617128154864004
7,smooth,0.003,two_sided_straddle,0.16,0.002947679533078528,0.00233211678514395,0.9616,0.35714285714285715,27,15,9,574,0.0672,0.6428571428571429,0.75,0.015437392795883362,0.8137098750306297
7,smooth,0.003,evidence_gated,0.16,0.002796266516235705,0.002293623449386614,0.9696,0.2857142857142857,30,12,7,576,0.0672,0.7142857142857143,0.8108108108108109,0.012006861063464836,0.8511394266111247
7,smooth,0.008,uncertainty_only,0.16,0.0067479630145282216,0.005378373203035856,0.9568,0.30952380952380953,29,13,14,569,0.0672,0.6904761904761905,0.6744186046511628,0.024013722126929673,0.8332312341746304
7,smooth,0.008,two_sided_straddle,0.16,0.007483578243242031,0.00595518612850093,0.9552,0.3333333333333333,28,14,14,569,0.0672,0.6666666666666666,0.6666666666666666,0.024013722126929673,0.8213264722698685
7,smooth,0.008,evidence_gated,0.16,0.006685070525905469,0.0054092808143788775,0.968,0.23809523809523808,32,10,10,573,0.0672,0.7619047619047619,0.7619047619047619,0.017152658662092625,0.8723760516213346
7,waviness,0.003,uncertainty_only,0.16,0.005514672939164737,0.0041344532964805395,0.96,0.35294117647058826,44,24,1,556,0.1088,0.6470588235294118,0.9777777777777777,0.0017953321364452424,0.8226317456964833
7,waviness,0.003,two_sided_straddle,0.16,0.008513664680861854,0.006256322822188365,0.9696,0.22058823529411764,53,15,4,553,0.1088,0.7794117647058824,0.9298245614035088,0.00718132854578097,0.8861152180800507
7,waviness,0.003,evidence_gated,0.16,0.011627491626346268,0.008216033766966519,0.9712,0.20588235294117646,54,14,4,553,0.1088,0.7941176470588235,0.9310344827586207,0.00718132854578097,0.8934681592565212
7,waviness,0.008,uncertainty_only,0.16,0.009943454754043955,0.00751349368541582,0.9232,0.4852941176470588,35,33,15,542,0.1088,0.5147058823529411,0.7,0.026929982046678635,0.7438879501531312
7,waviness,0.008,two_sided_straddle,0.16,0.012809052477692694,0.0100412677559593,0.9344,0.47058823529411764,36,32,9,548,0.1088,0.5294117647058824,0.8,0.01615798922800718,0.7566268877389376
7,waviness,0.008,evidence_gated,0.16,0.012993436603845054,0.009956216195059651,0.9392,0.45588235294117646,37,31,7,550,0.1088,0.5441176470588235,0.8409090909090909,0.012567324955116697,0.7657751610518534
7,local_defect,0.003,uncertainty_only,0.16,0.004418890368753893,0.0026726957938282623,0.9888,0.36363636363636365,7,4,3,611,0.0176,0.6363636363636364,0.7,0.004885993485342019,0.8157388214391472
7,local_defect,0.003,two_sided_straddle,0.16,0.003418328712427923,0.002711075836459294,0.9952,0.0,11,0,3,611,0.0176,1.0,0.7857142857142857,0.004885993485342019,0.997557003257329
7,local_defect,0.003,evidence_gated,0.16,0.0030928834436368385,0.002435773216155309,0.9936,0.0,11,0,4,610,0.0176,1.0,0.7333333333333333,0.006514657980456026,0.996742671009772
7,local_defect,0.008,uncertainty_only,0.16,0.006580239853945564,0.004794933238863839,0.9776,0.45454545454545453,6,5,9,605,0.0176,0.5454545454545454,0.4,0.014657980456026058,0.7653982824992597
7,local_defect,0.008,two_sided_straddle,0.16,0.005323500515648843,0.004138927546494969,0.992,0.09090909090909091,10,1,4,610,0.0176,0.9090909090909091,0.7142857142857143,0.006514657980456026,0.9512881255552266
7,local_defect,0.008,evidence_gated,0.16,0.006077073322675708,0.00483194448140633,0.9904,0.0,11,0,6,608,0.0176,1.0,0.6470588235294118,0.009771986970684038,0.995114006514658
7,mixed,0.003,uncertainty_only,0.16,0.004534722104744654,0.002951443299518704,0.9824,0.2727272727272727,24,9,2,590,0.0528,0.7272727272727273,0.9230769230769231,0.0033783783783783786,0.8619471744471745
7,mixed,0.003,two_sided_straddle,0.16,0.005704072149179741,0.004250989245474798,0.9872,0.12121212121212122,29,4,4,588,0.0528,0.8787878787878788,0.8787878787878788,0.006756756756756757,0.9360155610155609
7,mixed,0.003,evidence_gated,0.16,0.0052093309293383665,0.004007846254577922,0.9856,0.15151515151515152,28,5,4,588,0.0528,0.8484848484848485,0.875,0.006756756756756757,0.9208640458640458
7,mixed,0.008,uncertainty_only,0.16,0.008156258828199165,0.006202929132274259,0.96,0.48484848484848486,17,16,9,583,0.0528,0.5151515151515151,0.6538461538461539,0.015202702702702704,0.7499744062244063
7,mixed,0.008,two_sided_straddle,0.16,0.008986991428762574,0.006976476970578805,0.9744,0.24242424242424243,25,8,8,584,0.0528,0.7575757575757576,0.7575757575757576,0.013513513513513514,0.8720311220311221
7,mixed,0.008,evidence_gated,0.16,0.00774075743338417,0.006278448245991036,0.9776,0.2727272727272727,24,9,5,587,0.0528,0.7272727272727273,0.8275862068965517,0.008445945945945946,0.8594133906633907
8,smooth,0.003,uncertainty_only,0.16,0.002484947264381661,0.0019931971520912653,0.9872,0.2727272727272727,8,3,5,609,0.0176,0.7272727272727273,0.6153846153846154,0.008143322475570033,0.8595647023985786
8,smooth,0.003,two_sided_straddle,0.16,0.0027024290172015827,0.0021692938389258933,0.9904,0.36363636363636365,7,4,2,612,0.0176,0.6363636363636364,0.7777777777777778,0.003257328990228013,0.8165531536867041
8,smooth,0.003,evidence_gated,0.16,0.002806526780706591,0.0022364654004607683,0.9936,0.18181818181818182,9,2,2,612,0.0176,0.8181818181818182,0.8181818181818182,0.003257328990228013,0.9074622445957952
8,smooth,0.008,uncertainty_only,0.16,0.0057274623660988075,0.004438612828012048,0.9824,0.9090909090909091,1,10,1,613,0.0176,0.09090909090909091,0.5,0.0016286644951140066,0.5446402132069884
8,smooth,0.008,two_sided_straddle,0.16,0.0065234101605856085,0.00510305729835696,0.968,0.5454545454545454,5,6,14,600,0.0176,0.45454545454545453,0.2631578947368421,0.02280130293159609,0.7158720758069292
8,smooth,0.008,evidence_gated,0.16,0.006388203545955998,0.005128737643953532,0.976,0.5454545454545454,5,6,9,605,0.0176,0.45454545454545453,0.35714285714285715,0.014657980456026058,0.7199437370447143
8,waviness,0.003,uncertainty_only,0.16,0.006880301250943618,0.005155008523104666,0.9424,0.5806451612903226,26,36,0,563,0.0992,0.41935483870967744,1.0,0.0,0.7096774193548387
8,waviness,0.003,two_sided_straddle,0.16,0.010015863222975954,0.007340106879647098,0.968,0.3225806451612903,42,20,0,563,0.0992,0.6774193548387096,1.0,0.0,0.8387096774193548
8,waviness,0.003,evidence_gated,0.16,0.01031080806105247,0.007490320728543533,0.9664,0.3064516129032258,43,19,2,561,0.0992,0.6935483870967742,0.9555555555555556,0.003552397868561279,0.8449979946141064
8,waviness,0.008,uncertainty_only,0.16,0.008449172879787978,0.0069616465667880194,0.9376,0.5161290322580645,30,32,7,556,0.0992,0.4838709677419355,0.8108108108108109,0.012433392539964476,0.7357187876009855
8,waviness,0.008,two_sided_straddle,0.16,0.010400601983432832,0.007774673298998082,0.9568,0.3387096774193548,41,21,6,557,0.0992,0.6612903225806451,0.8723404255319149,0.010657193605683837,0.8253165644874807
8,waviness,0.008,evidence_gated,0.16,0.012044456663067523,0.0095997822783154,0.9264,0.532258064516129,29,33,13,550,0.0992,0.46774193548387094,0.6904761904761905,0.023090586145648313,0.7223256746691114
8,local_defect,0.003,uncertainty_only,0.16,0.002868844434601697,0.002171341639010982,0.9808,0.125,28,4,8,585,0.0512,0.875,0.7777777777777778,0.013490725126475547,0.9307546374367622
8,local_defect,0.003,two_sided_straddle,0.16,0.0029353687711064606,0.0021624792297859664,0.9856,0.125,28,4,5,588,0.0512,0.875,0.8484848484848485,0.008431703204047217,0.9332841483979764
8,local_defect,0.003,evidence_gated,0.16,0.0030519333638918413,0.002497036849952053,0.9936,0.0625,30,2,2,591,0.0512,0.9375,0.9375,0.003372681281618887,0.9670636593591906
8,local_defect,0.008,uncertainty_only,0.16,0.00629346010548142,0.004929515156547843,0.9696,0.25,24,8,11,582,0.0512,0.75,0.6857142857142857,0.01854974704890388,0.8657251264755481
8,local_defect,0.008,two_sided_straddle,0.16,0.0067256256222567945,0.005196383722264054,0.9712,0.3125,22,10,8,585,0.0512,0.6875,0.7333333333333333,0.013490725126475547,0.8370046374367622
8,local_defect,0.008,evidence_gated,0.16,0.006527585688720515,0.005234568262213594,0.9712,0.15625,27,5,13,580,0.0512,0.84375,0.675,0.021922428330522766,0.9109137858347387
8,mixed,0.003,uncertainty_only,0.16,0.0038674369441559597,0.0026977111751880626,0.968,0.5,17,17,3,588,0.0544,0.5,0.85,0.005076142131979695,0.7474619289340101
8,mixed,0.003,two_sided_straddle,0.16,0.005835078129621698,0.00406310075126924,0.9712,0.4411764705882353,19,15,3,588,0.0544,0.5588235294117647,0.8636363636363636,0.005076142131979695,0.7768736936398926
8,mixed,0.003,evidence_gated,0.16,0.0042747846205555,0.003209539231774235,0.9728,0.38235294117647056,21,13,4,587,0.0544,0.6176470588235294,0.84,0.00676818950930626,0.8054394346571117
8,mixed,0.008,uncertainty_only,0.16,0.007754556078621841,0.006016718213226604,0.9648,0.35294117647058826,22,12,10,581,0.0544,0.6470588235294118,0.6875,0.01692047377326565,0.8150691748780731
8,mixed,0.008,two_sided_straddle,0.16,0.009215367151447662,0.007209228352794921,0.9552,0.35294117647058826,22,12,16,575,0.0544,0.6470588235294118,0.5789473684210527,0.02707275803722504,0.8099930327460934
8,mixed,0.008,evidence_gated,0.16,0.00791091247999862,0.006356577263468406,0.9616,0.4411764705882353,19,15,9,582,0.0544,0.5588235294117647,0.6785714285714286,0.015228426395939087,0.7717975515079127
9,smooth,0.003,uncertainty_only,0.16,0.0025489662002085617,0.002019386334299324,0.9744,0.1724137931034483,24,5,11,585,0.0464,0.8275862068965517,0.6857142857142857,0.018456375838926176,0.9045649155288128
9,smooth,0.003,two_sided_straddle,0.16,0.002895029092720614,0.0022950424868818453,0.9808,0.06896551724137931,27,2,10,586,0.0464,0.9310344827586207,0.7297297297297297,0.016778523489932886,0.9571279796343439
9,smooth,0.003,evidence_gated,0.16,0.002586036862646427,0.002016857250020296,0.9792,0.20689655172413793,23,6,7,589,0.0464,0.7931034482758621,0.7666666666666667,0.01174496644295302,0.8906792409164546
9,smooth,0.008,uncertainty_only,0.16,0.00673151468077592,0.0053250664118170005,0.9408,0.6551724137931034,10,19,18,578,0.0464,0.3448275862068966,0.35714285714285715,0.030201342281879196,0.6573131219625087
9,smooth,0.008,two_sided_straddle,0.16,0.006435400566339981,0.004891285698002288,0.9552,0.27586206896551724,21,8,20,576,0.0464,0.7241379310344828,0.5121951219512195,0.03355704697986577,0.8452904420273085
9,smooth,0.008,evidence_gated,0.16,0.006321268463265989,0.0048815312732021785,0.9408,0.3793103448275862,18,11,26,570,0.0464,0.6206896551724138,0.4090909090909091,0.0436241610738255,0.7885327470492942
9,waviness,0.003,uncertainty_only,0.16,0.007653421749030485,0.005448990468785348,0.9568,0.43859649122807015,32,25,2,566,0.0912,0.5614035087719298,0.9411764705882353,0.0035211267605633804,0.7789411910056832
9,waviness,0.003,two_sided_straddle,0.16,0.009769474981350643,0.007169273846409879,0.9584,0.38596491228070173,35,22,4,564,0.0912,0.6140350877192983,0.8974358974358975,0.007042253521126761,0.8034964170990857
9,waviness,0.003,evidence_gated,0.16,0.012742267813598981,0.00899530154573759,0.9488,0.5087719298245614,28,29,3,565,0.0912,0.49122807017543857,0.9032258064516129,0.00528169014084507,0.7429731900172967
9,waviness,0.008,uncertainty_only,0.16,0.009406329556188612,0.007463305294877179,0.9344,0.45614035087719296,31,26,15,553,0.0912,0.543859649122807,0.6739130434782609,0.02640845070422535,0.7587255992092908
9,waviness,0.008,two_sided_straddle,0.16,0.012048187203692239,0.009179102849877784,0.9376,0.5263157894736842,27,30,9,559,0.0912,0.47368421052631576,0.75,0.01584507042253521,0.7289195700518902
9,waviness,0.008,evidence_gated,0.16,0.012681430611810237,0.009430219756757533,0.944,0.47368421052631576,30,27,8,560,0.0912,0.5263157894736842,0.7894736842105263,0.014084507042253521,0.7561156412157153
9,local_defect,0.003,uncertainty_only,0.16,0.004366791732081686,0.0027139655778808014,0.9792,0.23809523809523808,16,5,8,596,0.0336,0.7619047619047619,0.6666666666666666,0.013245033112582781,0.8743298643960895
9,local_defect,0.003,two_sided_straddle,0.16,0.003238426332376981,0.0022995618125514227,0.9888,0.23809523809523808,16,5,2,602,0.0336,0.7619047619047619,0.8888888888888888,0.0033112582781456954,0.8792967518133081
9,local_defect,0.003,evidence_gated,0.16,0.0031856767101054767,0.0024507580199468935,0.9872,0.14285714285714285,18,3,5,599,0.0336,0.8571428571428571,0.782608695652174,0.008278145695364239,0.9244323557237464
9,local_defect,0.008,uncertainty_only,0.16,0.007665300470326617,0.005472370359525705,0.9536,0.47619047619047616,11,10,19,585,0.0336,0.5238095238095238,0.36666666666666664,0.03145695364238411,0.7461762850835698
9,local_defect,0.008,two_sided_straddle,0.16,0.006788234795302126,0.005244453980080347,0.9616,0.09523809523809523,19,2,22,582,0.0336,0.9047619047619048,0.4634146341463415,0.03642384105960265,0.9341690318511511
9,local_defect,0.008,evidence_gated,0.16,0.008593337259959598,0.006331118551178159,0.9616,0.6190476190476191,8,13,11,593,0.0336,0.38095238095238093,0.42105263157894735,0.018211920529801324,0.6813702302112898
9,mixed,0.003,uncertainty_only,0.16,0.004841986101689075,0.0030816154864221554,0.9856,1.0,0,9,0,616,0.0144,0.0,0.0,0.0,0.5
9,mixed,0.003,two_sided_straddle,0.16,0.005098838346598296,0.003832648426030326,0.9856,0.3333333333333333,6,3,6,610,0.0144,0.6666666666666666,0.5,0.00974025974025974,0.8284632034632035
9,mixed,0.003,evidence_gated,0.16,0.0055125341436111745,0.0034317449012517655,0.9904,0.4444444444444444,5,4,2,614,0.0144,0.5555555555555556,0.7142857142857143,0.003246753246753247,0.7761544011544012
9,mixed,0.008,uncertainty_only,0.16,0.007573288141276079,0.005377203936921472,0.9792,0.6666666666666666,3,6,7,609,0.0144,0.3333333333333333,0.3,0.011363636363636364,0.6609848484848485
9,mixed,0.008,two_sided_straddle,0.16,0.00761812643482287,0.005852269291641703,0.9744,0.8888888888888888,1,8,8,608,0.0144,0.1111111111111111,0.1111111111111111,0.012987012987012988,0.549062049062049
9,mixed,0.008,evidence_gated,0.16,0.007350940616762164,0.005719291124617036,0.984,0.8888888888888888,1,8,2,614,0.0144,0.1111111111111111,0.3333333333333333,0.003246753246753247,0.5539321789321789
10,smooth,0.003,uncertainty_only,0.16,0.0025490971667285816,0.002028449812527638,0.9936,0.10714285714285714,25,3,1,596,0.0448,0.8928571428571429,0.9615384615384616,0.0016750418760469012,0.945591050490548
10,smooth,0.003,two_sided_straddle,0.16,0.0026961855548331432,0.002105053146251898,0.9904,0.07142857142857142,26,2,4,593,0.0448,0.9285714285714286,0.8666666666666667,0.006700167504187605,0.9609356305336205
10,smooth,0.003,evidence_gated,0.16,0.003030012389288906,0.002387263671805848,0.9952,0.07142857142857142,26,2,1,596,0.0448,0.9285714285714286,0.9629629629629629,0.0016750418760469012,0.9634481933476908
10,smooth,0.008,uncertainty_only,0.16,0.006090309090291007,0.005016589389883478,0.976,0.10714285714285714,25,3,12,585,0.0448,0.8928571428571429,0.6756756756756757,0.020100502512562814,0.9363783201722901
10,smooth,0.008,two_sided_straddle,0.16,0.007444133708457948,0.006070419175339269,0.984,0.10714285714285714,25,3,7,590,0.0448,0.8928571428571429,0.78125,0.011725293132328308,0.9405659248624073
10,smooth,0.008,evidence_gated,0.16,0.00614443910986684,0.004887144163483954,0.9904,0.07142857142857142,26,2,4,593,0.0448,0.9285714285714286,0.8666666666666667,0.006700167504187605,0.9609356305336205
10,waviness,0.003,uncertainty_only,0.16,0.006965443649126126,0.005125699075452031,0.9392,0.5483870967741935,28,34,4,559,0.0992,0.45161290322580644,0.875,0.007104795737122558,0.7222540537443419
10,waviness,0.003,two_sided_straddle,0.16,0.008330310663149532,0.005907744161577713,0.9568,0.3870967741935484,38,24,3,560,0.0992,0.6129032258064516,0.926829268292683,0.0053285968028419185,0.8037873145018049
10,waviness,0.003,evidence_gated,0.16,0.009260519524260205,0.006733019198341782,0.9536,0.41935483870967744,36,26,3,560,0.0992,0.5806451612903226,0.9230769230769231,0.0053285968028419185,0.7876582822437403
10,waviness,0.008,uncertainty_only,0.16,0.008648422538782058,0.006864476810639099,0.9408,0.4838709677419355,32,30,7,556,0.0992,0.5161290322580645,0.8205128205128205,0.012433392539964476,0.75184781985905
10,waviness,0.008,two_sided_straddle,0.16,0.01089464142184165,0.008381198903362494,0.9456,0.45161290322580644,34,28,6,557,0.0992,0.5483870967741935,0.85,0.010657193605683837,0.7688649515842548
10,waviness,0.008,evidence_gated,0.16,0.010663014877963341,0.008210069308595087,0.9472,0.46774193548387094,33,29,4,559,0.0992,0.532258064516129,0.8918918918918919,0.007104795737122558,0.7625766343895033
10,local_defect,0.003,uncertainty_only,0.16,0.007169930534746422,0.0029983602500743265,0.9792,0.47619047619047616,11,10,3,601,0.0336,0.5238095238095238,0.7857142857142857,0.004966887417218543,0.7594213181961527
10,local_defect,0.003,two_sided_straddle,0.16,0.004555369106919775,0.002711812446934254,0.9872,0.23809523809523808,16,5,3,601,0.0336,0.7619047619047619,0.8421052631578947,0.004966887417218543,0.8784689372437717
10,local_defect,0.003,evidence_gated,0.16,0.006461912149507145,0.003177479669459203,0.9872,0.3333333333333333,14,7,1,603,0.0336,0.6666666666666666,0.9333333333333333,0.0016556291390728477,0.8325055187637969
10,local_defect,0.008,uncertainty_only,0.16,0.009474830273809572,0.006539480087393437,0.952,0.38095238095238093,13,8,22,582,0.0336,0.6190476190476191,0.37142857142857144,0.03642384105960265,0.7913118889940083
10,local_defect,0.008,two_sided_straddle,0.16,0.0075714582345449005,0.005616000872257606,0.9712,0.23809523809523808,16,5,13,591,0.0336,0.7619047619047619,0.5517241379310345,0.02152317880794702,0.8701907915484074
10,local_defect,0.008,evidence_gated,0.16,0.009354409034814895,0.006607920040751408,0.9712,0.3333333333333333,14,7,11,593,0.0336,0.6666666666666666,0.56,0.018211920529801324,0.8242273730684326
10,mixed,0.003,uncertainty_only,0.16,0.00505047175550689,0.003361383213321247,0.984,0.2692307692307692,19,7,3,596,0.0416,0.7307692307692307,0.8636363636363636,0.005008347245409015,0.8628804417619109
10,mixed,0.003,two_sided_straddle,0.16,0.006345379329430784,0.004217209783971488,0.9792,0.07692307692307693,24,2,11,588,0.0416,0.9230769230769231,0.6857142857142857,0.018363939899833055,0.952356491588545
10,mixed,0.003,evidence_gated,0.16,0.005697086169889021,0.004284108281981498,0.9856,0.11538461538461539,23,3,6,593,0.0416,0.8846153846153846,0.7931034482758621,0.01001669449081803,0.9372993450622833
10,mixed,0.008,uncertainty_only,0.16,0.008438837091599616,0.00651131312727486,0.9712,0.38461538461538464,16,10,8,591,0.0416,0.6153846153846154,0.6666666666666666,0.01335559265442404,0.8010145113650957
10,mixed,0.008,two_sided_straddle,0.16,0.009014912967512946,0.006884031530753491,0.9872,0.11538461538461539,23,3,5,594,0.0416,0.8846153846153846,0.8214285714285714,0.008347245409015025,0.9381340696031848
10,mixed,0.008,evidence_gated,0.16,0.008956338645106327,0.007002222780273141,0.9776,0.15384615384615385,22,4,10,589,0.0416,0.8461538461538461,0.6875,0.01669449081803005,0.914729677667908
11,smooth,0.003,uncertainty_only,0.16,0.002411988967572463,0.001914698655293105,0.9904,0.2,8,2,4,611,0.016,0.8,0.6666666666666666,0.0065040650406504065,0.8967479674796748
11,smooth,0.003,two_sided_straddle,0.16,0.00262942728442751,0.002080254527097467,0.9936,0.0,10,0,4,611,0.016,1.0,0.7142857142857143,0.0065040650406504065,0.9967479674796749
11,smooth,0.003,evidence_gated,0.16,0.002878760725634362,0.002251514309552729,0.9904,0.1,9,1,5,610,0.016,0.9,0.6428571428571429,0.008130081300813009,0.9459349593495935
11,smooth,0.008,uncertainty_only,0.16,0.006610210260415182,0.005279520138015166,0.9712,0.2,8,2,16,599,0.016,0.8,0.3333333333333333,0.026016260162601626,0.8869918699186992
11,smooth,0.008,two_sided_straddle,0.16,0.006166134609928442,0.004881633712554331,0.9744,0.7,3,7,9,606,0.016,0.3,0.25,0.014634146341463415,0.6426829268292683
11,smooth,0.008,evidence_gated,0.16,0.006424222732696969,0.0051701151209919815,0.9728,0.8,2,8,9,606,0.016,0.2,0.18181818181818182,0.014634146341463415,0.5926829268292683
11,waviness,0.003,uncertainty_only,0.16,0.006993704749476611,0.00525026333965281,0.9632,0.5238095238095238,20,22,1,582,0.0672,0.47619047619047616,0.9523809523809523,0.0017152658662092624,0.7372376051621334
11,waviness,0.003,two_sided_straddle,0.16,0.010179943538354714,0.0071821583803148795,0.9712,0.42857142857142855,24,18,0,583,0.0672,0.5714285714285714,1.0,0.0,0.7857142857142857
11,waviness,0.003,evidence_gated,0.16,0.009576929623762878,0.007032297553371669,0.968,0.38095238095238093,26,16,4,579,0.0672,0.6190476190476191,0.8666666666666667,0.00686106346483705,0.806093277791391
11,waviness,0.008,uncertainty_only,0.16,0.009003408797241633,0.006879715064877199,0.9664,0.42857142857142855,24,18,3,580,0.0672,0.5714285714285714,0.8888888888888888,0.005145797598627788,0.7831413869149718
11,waviness,0.008,two_sided_straddle,0.16,0.013858701435301981,0.010491730482880577,0.9456,0.5714285714285714,18,24,10,573,0.0672,0.42857142857142855,0.6428571428571429,0.017152658662092625,0.705709384954668
11,waviness,0.008,evidence_gated,0.16,0.01166299014374507,0.009278421210633738,0.9632,0.42857142857142855,24,18,5,578,0.0672,0.5714285714285714,0.8275862068965517,0.008576329331046312,0.7814261210487625
11,local_defect,0.003,uncertainty_only,0.16,0.004750485805951757,0.0028839866750678613,0.9904,1.0,0,6,0,619,0.0096,0.0,0.0,0.0,0.5
11,local_defect,0.003,two_sided_straddle,0.16,0.0032709698840834166,0.002570713376631904,0.9968,0.0,6,0,2,617,0.0096,1.0,0.75,0.0032310177705977385,0.9983844911147011
11,local_defect,0.003,evidence_gated,0.16,0.0032995294957389567,0.0027027808761691786,0.9984,0.0,6,0,1,618,0.0096,1.0,0.8571428571428571,0.0016155088852988692,0.9991922455573505
11,local_defect,0.008,uncertainty_only,0.16,0.0073759647785681046,0.005401702447097617,0.9904,1.0,0,6,0,619,0.0096,0.0,0.0,0.0,0.5
11,local_defect,0.008,two_sided_straddle,0.16,0.006970649573355435,0.005300039054954908,0.9904,1.0,0,6,0,619,0.0096,0.0,0.0,0.0,0.5
11,local_defect,0.008,evidence_gated,0.16,0.006122934629368743,0.004904657742128368,0.9952,0.0,6,0,3,616,0.0096,1.0,0.6666666666666666,0.004846526655896607,0.9975767366720517
11,mixed,0.003,uncertainty_only,0.16,0.005792593845511746,0.0036187899849591844,0.9712,0.5384615384615384,12,14,4,595,0.0416,0.46153846153846156,0.75,0.00667779632721202,0.7274303326056248
11,mixed,0.003,two_sided_straddle,0.16,0.00535709525117792,0.004084161250069632,0.9856,0.038461538461538464,25,1,8,591,0.0416,0.9615384615384616,0.7575757575757576,0.01335559265442404,0.9740914344420188
11,mixed,0.003,evidence_gated,0.16,0.005320460357928993,0.003920228457482354,0.9808,0.15384615384615385,22,4,8,591,0.0416,0.8461538461538461,0.7333333333333333,0.01335559265442404,0.9163991267497111
11,mixed,0.008,uncertainty_only,0.16,0.0088938420983464,0.006356527939281548,0.944,0.5769230769230769,11,15,20,579,0.0416,0.4230769230769231,0.3548387096774194,0.0333889816360601,0.6948439707204315
11,mixed,0.008,two_sided_straddle,0.16,0.009375564614108892,0.007676043422070748,0.984,0.07692307692307693,24,2,8,591,0.0416,0.9230769230769231,0.75,0.01335559265442404,0.9548606652112496
11,mixed,0.008,evidence_gated,0.16,0.007507598612126576,0.0061825003394162525,0.9824,0.23076923076923078,20,6,5,594,0.0416,0.7692307692307693,0.8,0.008347245409015025,0.8804417619108771
12,smooth,0.003,uncertainty_only,0.16,0.002760756642177715,0.002109533466716423,0.9856,0.2727272727272727,16,6,3,600,0.0352,0.7272727272727273,0.8421052631578947,0.004975124378109453,0.861148801447309
12,smooth,0.003,two_sided_straddle,0.16,0.003452007729237657,0.002673132258929521,0.9872,0.18181818181818182,18,4,4,599,0.0352,0.8181818181818182,0.8181818181818182,0.006633499170812604,0.9057741595055029
12,smooth,0.003,evidence_gated,0.16,0.0030777465483674306,0.002450912834771922,0.9888,0.13636363636363635,19,3,4,599,0.0352,0.8636363636363636,0.8260869565217391,0.006633499170812604,0.9285014322327756
12,smooth,0.008,uncertainty_only,0.16,0.005756983032443913,0.004473135872207898,0.976,0.5,11,11,4,599,0.0352,0.5,0.7333333333333333,0.006633499170812604,0.7466832504145937
12,smooth,0.008,two_sided_straddle,0.16,0.006240013026536782,0.004916079805406727,0.9856,0.4090909090909091,13,9,0,603,0.0352,0.5909090909090909,1.0,0.0,0.7954545454545454
12,smooth,0.008,evidence_gated,0.16,0.006802551482924217,0.005126538322624734,0.984,0.2727272727272727,16,6,4,599,0.0352,0.7272727272727273,0.8,0.006633499170812604,0.8603196140509574
12,waviness,0.003,uncertainty_only,0.16,0.006627782233414477,0.0049275857981020766,0.9376,0.5135135135135135,36,38,1,550,0.1184,0.4864864864864865,0.972972972972973,0.0018148820326678765,0.7423358022269093
12,waviness,0.003,two_sided_straddle,0.16,0.009456832087921576,0.006734998751599923,0.9568,0.28378378378378377,53,21,6,545,0.1184,0.7162162162162162,0.8983050847457628,0.010889292196007259,0.8526634620101046
12,waviness,0.003,evidence_gated,0.16,0.009310463979962278,0.006890148043953564,0.9472,0.40540540540540543,44,30,3,548,0.1184,0.5945945945945946,0.9361702127659575,0.0054446460980036296,0.7945749742482955
12,waviness,0.008,uncertainty_only,0.16,0.00936657762179776,0.007251128627851012,0.92,0.6351351351351351,27,47,3,548,0.1184,0.36486486486486486,0.9,0.0054446460980036296,0.6797101093834306
12,waviness,0.008,two_sided_straddle,0.16,0.012831217722923473,0.009766281476187856,0.928,0.527027027027027,35,39,6,545,0.1184,0.47297297297297297,0.8536585365853658,0.010889292196007259,0.7310418403884829
12,waviness,0.008,evidence_gated,0.16,0.010428569995917458,0.008060516589795872,0.936,0.4594594594594595,40,34,6,545,0.1184,0.5405405405405406,0.8695652173913043,0.010889292196007259,0.7648256241722666
12,local_defect,0.003,uncertainty_only,0.16,0.0037999824500104763,0.0025460228005008217,0.9936,0.043478260869565216,22,1,3,599,0.0368,0.9565217391304348,0.88,0.0049833887043189366,0.975769175213058
12,local_defect,0.003,two_sided_straddle,0.16,0.0034228532012775393,0.002620532523452623,0.9952,0.043478260869565216,22,1,2,600,0.0368,0.9565217391304348,0.9166666666666666,0.0033222591362126247,0.9765997399971111
12,local_defect,0.003,evidence_gated,0.16,0.003522357290192531,0.002525381540833563,0.9968,0.043478260869565216,22,1,1,601,0.0368,0.9565217391304348,0.9565217391304348,0.0016611295681063123,0.9774303047811643
12,local_defect,0.008,uncertainty_only,0.16,0.007363911391406734,0.005865727594758461,0.9648,0.17391304347826086,19,4,18,584,0.0368,0.8260869565217391,0.5135135135135135,0.029900332225913623,0.8980933121479128
12,local_defect,0.008,two_sided_straddle,0.16,0.00609203115544304,0.0049557399129051966,0.9808,0.0,23,0,12,590,0.0368,1.0,0.6571428571428571,0.019933554817275746,0.9900332225913622
12,local_defect,0.008,evidence_gated,0.16,0.006488783458528587,0.0050993612698661435,0.9904,0.043478260869565216,22,1,5,597,0.0368,0.9565217391304348,0.8148148148148148,0.008305647840531562,0.9741080456449516
12,mixed,0.003,uncertainty_only,0.16,0.004226679353123854,0.003209050644752505,0.984,0.4166666666666667,14,10,0,601,0.0384,0.5833333333333334,1.0,0.0,0.7916666666666667
12,mixed,0.003,two_sided_straddle,0.16,0.006308241489251314,0.004698951842414702,0.9888,0.20833333333333334,19,5,2,599,0.0384,0.7916666666666666,0.9047619047619048,0.0033277870216306157,0.894169439822518
12,mixed,0.003,evidence_gated,0.16,0.005773324862154722,0.004273161824302484,0.9856,0.25,18,6,3,598,0.0384,0.75,0.8571428571428571,0.004991680532445923,0.872504159733777
12,mixed,0.008,uncertainty_only,0.16,0.007194813537993081,0.005750672656882637,0.9744,0.5416666666666666,11,13,3,598,0.0384,0.4583333333333333,0.7857142857142857,0.004991680532445923,0.7266708264004437
12,mixed,0.008,two_sided_straddle,0.16,0.007158113025843834,0.005772074102505962,0.976,0.3333333333333333,16,8,7,594,0.0384,0.6666666666666666,0.6956521739130435,0.011647254575707155,0.8275097060454797
12,mixed,0.008,evidence_gated,0.16,0.008113244458040602,0.00619237998894162,0.9808,0.20833333333333334,19,5,7,594,0.0384,0.7916666666666666,0.7307692307692307,0.011647254575707155,0.8900097060454797
13,smooth,0.003,uncertainty_only,0.16,0.002789744330193797,0.0021619885742930277,0.9824,0.28,18,7,4,596,0.04,0.72,0.8181818181818182,0.006666666666666667,0.8566666666666667
13,smooth,0.003,two_sided_straddle,0.16,0.0023736988178675394,0.0018778378360189685,0.9872,0.2,20,5,3,597,0.04,0.8,0.8695652173913043,0.005,0.8975
13,smooth,0.003,evidence_gated,0.16,0.0029473811456139907,0.0022459091245512915,0.9824,0.28,18,7,4,596,0.04,0.72,0.8181818181818182,0.006666666666666667,0.8566666666666667
13,smooth,0.008,uncertainty_only,0.16,0.006499642187494267,0.005051770046585402,0.9552,0.68,8,17,11,589,0.04,0.32,0.42105263157894735,0.018333333333333333,0.6508333333333334
13,smooth,0.008,two_sided_straddle,0.16,0.005934224990498751,0.004541942537866577,0.976,0.36,16,9,6,594,0.04,0.64,0.7272727272727273,0.01,0.815
13,smooth,0.008,evidence_gated,0.16,0.005914745561233993,0.004709739290238569,0.9824,0.32,17,8,3,597,0.04,0.68,0.85,0.005,0.8375
13,waviness,0.003,uncertainty_only,0.16,0.006850974814426018,0.005084148742809866,0.944,0.576271186440678,25,34,1,565,0.0944,0.423728813559322,0.9615384615384616,0.0017667844522968198,0.7109810145535126
13,waviness,0.003,two_sided_straddle,0.16,0.01008586784149021,0.0068786778549809625,0.9616,0.3898305084745763,36,23,1,565,0.0944,0.6101694915254238,0.972972972972973,0.0017667844522968198,0.8042013535365635
13,waviness,0.003,evidence_gated,0.16,0.010909604226118388,0.007788082333693036,0.9504,0.4745762711864407,31,28,3,563,0.0944,0.5254237288135594,0.9117647058823529,0.00530035335689046,0.7600616877283344
13,waviness,0.008,uncertainty_only,0.16,0.00983685090981023,0.007663598487307143,0.9248,0.6779661016949152,19,40,7,559,0.0944,0.3220338983050847,0.7307692307692307,0.012367491166077738,0.6548332035695035
13,waviness,0.008,two_sided_straddle,0.16,0.012398708821657993,0.00928492935894565,0.9392,0.5423728813559322,27,32,6,560,0.0944,0.4576271186440678,0.8181818181818182,0.01060070671378092,0.7235132059651435
13,waviness,0.008,evidence_gated,0.16,0.01317743451135758,0.010208966670729428,0.9312,0.5932203389830508,24,35,8,558,0.0944,0.4067796610169492,0.75,0.014134275618374558,0.6963226926992874
13,local_defect,0.003,uncertainty_only,0.16,0.004455756282416126,0.002615319269085216,0.9872,0.0,30,0,8,587,0.048,1.0,0.7894736842105263,0.013445378151260505,0.9932773109243698
13,local_defect,0.003,two_sided_straddle,0.16,0.005201806510957147,0.0029408857484492343,0.9952,0.0,30,0,3,592,0.048,1.0,0.9090909090909091,0.005042016806722689,0.9974789915966387
13,local_defect,0.003,evidence_gated,0.16,0.0036850319487883587,0.0022366278544506124,0.992,0.03333333333333333,29,1,4,591,0.048,0.9666666666666667,0.8787878787878788,0.0067226890756302525,0.9799719887955183
13,local_defect,0.008,uncertainty_only,0.16,0.007243149629499357,0.005531788907761452,0.9904,0.0,30,0,6,589,0.048,1.0,0.8333333333333334,0.010084033613445379,0.9949579831932773
13,local_defect,0.008,two_sided_straddle,0.16,0.00663145776254591,0.0052156237050908945,0.9968,0.0,30,0,2,593,0.048,1.0,0.9375,0.0033613445378151263,0.9983193277310924
13,local_defect,0.008,evidence_gated,0.16,0.005655067388811989,0.0045406755701882405,0.9888,0.0,30,0,7,588,0.048,1.0,0.8108108108108109,0.011764705882352941,0.9941176470588236
13,mixed,0.003,uncertainty_only,0.16,0.00465805267926908,0.0031743757423015537,0.9808,0.3793103448275862,18,11,1,595,0.0464,0.6206896551724138,0.9473684210526315,0.0016778523489932886,0.8095059014117103
13,mixed,0.003,two_sided_straddle,0.16,0.005458537447600633,0.003822490270358965,0.9808,0.3103448275862069,20,9,3,593,0.0464,0.6896551724137931,0.8695652173913043,0.0050335570469798654,0.8423108076834067
13,mixed,0.003,evidence_gated,0.16,0.004987473535392641,0.0035735416104607557,0.9872,0.10344827586206896,26,3,5,591,0.0464,0.896551724137931,0.8387096774193549,0.008389261744966443,0.9440812311964824
13,mixed,0.008,uncertainty_only,0.16,0.006521704910832025,0.0050293197575255084,0.9696,0.3448275862068966,19,10,9,587,0.0464,0.6551724137931034,0.6785714285714286,0.015100671140939598,0.8200358713260819
13,mixed,0.008,two_sided_straddle,0.16,0.008107492924355857,0.006560265648993648,0.9696,0.3793103448275862,18,11,8,588,0.0464,0.6206896551724138,0.6923076923076923,0.013422818791946308,0.8036334181902338
13,mixed,0.008,evidence_gated,0.16,0.007146478888963141,0.005642975466027451,0.9776,0.3103448275862069,20,9,5,591,0.0464,0.6896551724137931,0.8,0.008389261744966443,0.8406329553344134
14,smooth,0.003,uncertainty_only,0.16,0.0028447011113701655,0.0022813475043172225,0.992,0.16666666666666666,20,4,1,600,0.0384,0.8333333333333334,0.9523809523809523,0.0016638935108153079,0.9158347199112591
14,smooth,0.003,two_sided_straddle,0.16,0.002933399566638383,0.002395320350426391,0.992,0.16666666666666666,20,4,1,600,0.0384,0.8333333333333334,0.9523809523809523,0.0016638935108153079,0.9158347199112591
14,smooth,0.003,evidence_gated,0.16,0.002658794619740277,0.0021439513370221258,0.9904,0.20833333333333334,19,5,1,600,0.0384,0.7916666666666666,0.95,0.0016638935108153079,0.8950013865779256
14,smooth,0.008,uncertainty_only,0.16,0.006048858631052114,0.004617462261180914,0.984,0.375,15,9,1,600,0.0384,0.625,0.9375,0.0016638935108153079,0.8116680532445923
14,smooth,0.008,two_sided_straddle,0.16,0.006358709678109943,0.004919313991644111,0.9792,0.16666666666666666,20,4,9,592,0.0384,0.8333333333333334,0.6896551724137931,0.014975041597337771,0.9091791458679979
14,smooth,0.008,evidence_gated,0.16,0.006077233336752199,0.004854761724717345,0.9856,0.125,21,3,6,595,0.0384,0.875,0.7777777777777778,0.009983361064891847,0.9325083194675541
14,waviness,0.003,uncertainty_only,0.16,0.008459779814721548,0.006226075401341332,0.9296,0.6949152542372882,18,41,3,563,0.0944,0.3050847457627119,0.8571428571428571,0.00530035335689046,0.6498921962029107
14,waviness,0.003,two_sided_straddle,0.16,0.011893927096295937,0.008324204286598337,0.9472,0.5254237288135594,28,31,2,564,0.0944,0.4745762711864407,0.9333333333333333,0.0035335689045936395,0.7355213511409235
14,waviness,0.003,evidence_gated,0.16,0.009578464106161895,0.0070285853879684425,0.9536,0.3898305084745763,36,23,6,560,0.0944,0.6101694915254238,0.8571428571428571,0.01060070671378092,0.7997843924058214
14,waviness,0.008,uncertainty_only,0.16,0.011069814596884968,0.008558437660643571,0.9216,0.7627118644067796,14,45,4,562,0.0944,0.23728813559322035,0.7777777777777778,0.007067137809187279,0.6151104988920165
14,waviness,0.008,two_sided_straddle,0.16,0.012841083528606178,0.009902598601120248,0.9296,0.6610169491525424,20,39,5,561,0.0944,0.3389830508474576,0.8,0.0088339222614841,0.6650745642929867
14,waviness,0.008,evidence_gated,0.16,0.011802213979802013,0.008799270403388465,0.9328,0.559322033898305,26,33,9,557,0.0944,0.4406779661016949,0.7428571428571429,0.015901060070671377,0.7123884530155118
14,local_defect,0.003,uncertainty_only,0.16,0.0033442496650358503,0.0024688095663031495,0.9968,0.1,9,1,1,614,0.016,0.9,0.9,0.0016260162601626016,0.9491869918699187
14,local_defect,0.003,two_sided_straddle,0.16,0.0028974224335706813,0.0023076987717817275,0.9984,0.0,10,0,1,614,0.016,1.0,0.9090909090909091,0.0016260162601626016,0.9991869918699188
14,local_defect,0.003,evidence_gated,0.16,0.0025030734461868385,0.0019349727589031637,0.9984,0.0,10,0,1,614,0.016,1.0,0.9090909090909091,0.0016260162601626016,0.9991869918699188
14,local_defect,0.008,uncertainty_only,0.16,0.005970088297980459,0.004719817714173803,0.992,0.1,9,1,4,611,0.016,0.9,0.6923076923076923,0.0065040650406504065,0.9467479674796748
14,local_defect,0.008,two_sided_straddle,0.16,0.006016798466510984,0.004625317581110435,0.992,0.4,6,4,1,614,0.016,0.6,0.8571428571428571,0.0016260162601626016,0.7991869918699187
14,local_defect,0.008,evidence_gated,0.16,0.00543559514675697,0.004372376217128345,0.9952,0.0,10,0,3,612,0.016,1.0,0.7692307692307693,0.004878048780487805,0.9975609756097561
14,mixed,0.003,uncertainty_only,0.16,0.004070750170424995,0.0031256081852912986,0.9872,0.5384615384615384,6,7,1,611,0.0208,0.46153846153846156,0.8571428571428571,0.0016339869281045752,0.7299522373051786
14,mixed,0.003,two_sided_straddle,0.16,0.004631946344963522,0.0036717238010037043,0.9904,0.0,13,0,6,606,0.0208,1.0,0.6842105263157895,0.00980392156862745,0.9950980392156863
14,mixed,0.003,evidence_gated,0.16,0.004683345515529832,0.0036123484591721678,0.9872,0.15384615384615385,11,2,6,606,0.0208,0.8461538461538461,0.6470588235294118,0.00980392156862745,0.9181749622926094
14,mixed,0.008,uncertainty_only,0.16,0.006462771156125948,0.005188517840277359,0.984,0.5384615384615384,6,7,3,609,0.0208,0.46153846153846156,0.6666666666666666,0.004901960784313725,0.728318250377074
14,mixed,0.008,two_sided_straddle,0.16,0.007739516271342855,0.006048151487413941,0.9824,0.38461538461538464,8,5,6,606,0.0208,0.6153846153846154,0.5714285714285714,0.00980392156862745,0.802790346907994
14,mixed,0.008,evidence_gated,0.16,0.0067085065602712594,0.005305876414114226,0.9856,0.46153846153846156,7,6,3,609,0.0208,0.5384615384615384,0.7,0.004901960784313725,0.7667797888386123
0,smooth,0.003,uncertainty_only,0.24,0.0025213129419019596,0.002030838468328352,0.9968,0.05263157894736842,18,1,1,605,0.0304,0.9473684210526315,0.9473684210526315,0.0016501650165016502,0.972859128018065
0,smooth,0.003,two_sided_straddle,0.24,0.003472145057005018,0.002739063939648243,0.9984,0.0,19,0,1,605,0.0304,1.0,0.95,0.0016501650165016502,0.9991749174917492
0,smooth,0.003,evidence_gated,0.24,0.0028580274561895054,0.002309516718670877,1.0,0.0,19,0,0,606,0.0304,1.0,1.0,0.0,1.0
0,smooth,0.008,uncertainty_only,0.24,0.006370531381644408,0.004953802371896892,0.9872,0.10526315789473684,17,2,6,600,0.0304,0.8947368421052632,0.7391304347826086,0.009900990099009901,0.9424179260031267
0,smooth,0.008,two_sided_straddle,0.24,0.005460976063315172,0.004415070280051411,0.9856,0.15789473684210525,16,3,6,600,0.0304,0.8421052631578947,0.7272727272727273,0.009900990099009901,0.9161021365294424
0,smooth,0.008,evidence_gated,0.24,0.006085789602242353,0.004908838573258125,0.984,0.21052631578947367,15,4,6,600,0.0304,0.7894736842105263,0.7142857142857143,0.009900990099009901,0.8897863470557582
0,waviness,0.003,uncertainty_only,0.24,0.005857405365136395,0.004472277446809677,0.9424,0.4864864864864865,38,36,0,551,0.1184,0.5135135135135135,1.0,0.0,0.7567567567567568
0,waviness,0.003,two_sided_straddle,0.24,0.010205902023324071,0.007470531535680257,0.9488,0.35135135135135137,48,26,6,545,0.1184,0.6486486486486487,0.8888888888888888,0.010889292196007259,0.8188796782263208
0,waviness,0.003,evidence_gated,0.24,0.010623254156761332,0.007241013789543921,0.9536,0.33783783783783783,49,25,4,547,0.1184,0.6621621621621622,0.9245283018867925,0.007259528130671506,0.8274513170157454
0,waviness,0.008,uncertainty_only,0.24,0.009703010364422348,0.0076234277914208805,0.9184,0.581081081081081,31,43,8,543,0.1184,0.4189189189189189,0.7948717948717948,0.014519056261343012,0.702199931328788
0,waviness,0.008,two_sided_straddle,0.24,0.01390059209303817,0.010334117163735761,0.928,0.527027027027027,35,39,6,545,0.1184,0.47297297297297297,0.8536585365853658,0.010889292196007259,0.7310418403884829
0,waviness,0.008,evidence_gated,0.24,0.013020528761392874,0.009786853949779795,0.9312,0.47297297297297297,39,35,8,543,0.1184,0.527027027027027,0.8297872340425532,0.014519056261343012,0.756253985382842
0,local_defect,0.003,uncertainty_only,0.24,0.0035211114210569735,0.002287002637242142,0.9984,1.0,0,1,0,624,0.0016,0.0,0.0,0.0,0.5
0,local_defect,0.003,two_sided_straddle,0.24,0.005758963830218037,0.0026230900006012415,0.9984,1.0,0,1,0,624,0.0016,0.0,0.0,0.0,0.5
0,local_defect,0.003,evidence_gated,0.24,0.004509243552450777,0.0025283863076798916,0.9984,1.0,0,1,0,624,0.0016,0.0,0.0,0.0,0.5
0,local_defect,0.008,uncertainty_only,0.24,0.006096151516392062,0.004711405596260918,0.9952,0.0,1,0,3,621,0.0016,1.0,0.25,0.004807692307692308,0.9975961538461539
0,local_defect,0.008,two_sided_straddle,0.24,0.006364018257224543,0.004839015890444995,0.9984,1.0,0,1,0,624,0.0016,0.0,0.0,0.0,0.5
0,local_defect,0.008,evidence_gated,0.24,0.006837698442958907,0.005158719636445419,0.9984,1.0,0,1,0,624,0.0016,0.0,0.0,0.0,0.5
0,mixed,0.003,uncertainty_only,0.24,0.0037654933943030303,0.00249834453310129,0.9872,0.15,17,3,5,600,0.032,0.85,0.7727272727272727,0.008264462809917356,0.9208677685950413
0,mixed,0.003,two_sided_straddle,0.24,0.0058111181387611975,0.004164008517744025,0.9888,0.15,17,3,4,601,0.032,0.85,0.8095238095238095,0.006611570247933884,0.921694214876033
0,mixed,0.003,evidence_gated,0.24,0.003952850598637116,0.0030724786164462296,0.9872,0.2,16,4,4,601,0.032,0.8,0.8,0.006611570247933884,0.8966942148760331
0,mixed,0.008,uncertainty_only,0.24,0.007178569080642149,0.0055721195371955115,0.976,0.35,13,7,8,597,0.032,0.65,0.6190476190476191,0.013223140495867768,0.818388429752066
0,mixed,0.008,two_sided_straddle,0.24,0.008386194258014013,0.006773796888413863,0.9824,0.2,16,4,7,598,0.032,0.8,0.6956521739130435,0.011570247933884297,0.8942148760330579
0,mixed,0.008,evidence_gated,0.24,0.010100470870424679,0.007962749137968662,0.9808,0.25,15,5,7,598,0.032,0.75,0.6818181818181818,0.011570247933884297,0.8692148760330578
1,smooth,0.003,uncertainty_only,0.24,0.002787210776024231,0.0022869593223173498,0.9888,0.03225806451612903,30,1,6,588,0.0496,0.967741935483871,0.8333333333333334,0.010101010101010102,0.9788204626914305
1,smooth,0.003,two_sided_straddle,0.24,0.0035557108763286994,0.0027793246076000698,0.9872,0.03225806451612903,30,1,7,587,0.0496,0.967741935483871,0.8108108108108109,0.011784511784511785,0.9779787118496797
1,smooth,0.003,evidence_gated,0.24,0.0031004735812407854,0.0023866437282240765,0.992,0.03225806451612903,30,1,4,590,0.0496,0.967741935483871,0.8823529411764706,0.006734006734006734,0.9805039643749321
1,smooth,0.008,uncertainty_only,0.24,0.006117096339473921,0.004946985185034637,0.9616,0.5806451612903226,13,18,6,588,0.0496,0.41935483870967744,0.6842105263157895,0.010101010101010102,0.7046269143043337
1,smooth,0.008,two_sided_straddle,0.24,0.005451697441312639,0.004412211878007973,0.9872,0.12903225806451613,27,4,4,590,0.0496,0.8709677419354839,0.8709677419354839,0.006734006734006734,0.9321168676007385
1,smooth,0.008,evidence_gated,0.24,0.006863783133797486,0.005422015618901329,0.9856,0.16129032258064516,26,5,4,590,0.0496,0.8387096774193549,0.8666666666666667,0.006734006734006734,0.915987835342674
1,waviness,0.003,uncertainty_only,0.24,0.006647883432370472,0.005004701712471691,0.9616,0.5348837209302325,20,23,1,581,0.0688,0.46511627906976744,0.9523809523809523,0.001718213058419244,0.7316990330056741
1,waviness,0.003,two_sided_straddle,0.24,0.00967847229403399,0.007175745662775493,0.9728,0.3023255813953488,30,13,4,578,0.0688,0.6976744186046512,0.8823529411764706,0.006872852233676976,0.8454007831854871
1,waviness,0.003,evidence_gated,0.24,0.010280208539253259,0.0075268134843223524,0.968,0.4186046511627907,25,18,2,580,0.0688,0.5813953488372093,0.9259259259259259,0.003436426116838488,0.7889794613601855
1,waviness,0.008,uncertainty_only,0.24,0.009786771548052502,0.007823022302142617,0.9408,0.7209302325581395,12,31,6,576,0.0688,0.27906976744186046,0.6666666666666666,0.010309278350515464,0.6343802445456725
1,waviness,0.008,two_sided_straddle,0.24,0.012661014905875867,0.009843946780294946,0.952,0.5581395348837209,19,24,6,576,0.0688,0.4418604651162791,0.76,0.010309278350515464,0.7157755933828818
1,waviness,0.008,evidence_gated,0.24,0.010280931431725841,0.007953014172103761,0.9472,0.5813953488372093,18,25,8,574,0.0688,0.4186046511627907,0.6923076923076923,0.013745704467353952,0.7024294733477184
1,local_defect,0.003,uncertainty_only,0.24,0.002836844802897203,0.002044635218860612,0.9968,0.0,7,0,2,616,0.0112,1.0,0.7777777777777778,0.003236245954692557,0.9983818770226538
1,local_defect,0.003,two_sided_straddle,0.24,0.0034776086686553027,0.002577331427732282,0.9968,0.0,7,0,2,616,0.0112,1.0,0.7777777777777778,0.003236245954692557,0.9983818770226538
1,local_defect,0.003,evidence_gated,0.24,0.0029491368883613157,0.0021500590053997117,0.9968,0.0,7,0,2,616,0.0112,1.0,0.7777777777777778,0.003236245954692557,0.9983818770226538
1,local_defect,0.008,uncertainty_only,0.24,0.007057705825299583,0.005729675278995178,0.9744,0.0,7,0,16,602,0.0112,1.0,0.30434782608695654,0.025889967637540454,0.9870550161812297
1,local_defect,0.008,two_sided_straddle,0.24,0.006716338810668753,0.0054818342031813785,0.9856,0.14285714285714285,6,1,8,610,0.0112,0.8571428571428571,0.42857142857142855,0.012944983818770227,0.9220989366620435
1,local_defect,0.008,evidence_gated,0.24,0.006258114557419806,0.004976214413899022,0.9872,0.14285714285714285,6,1,7,611,0.0112,0.8571428571428571,0.46153846153846156,0.011326860841423949,0.9229079981507166
1,mixed,0.003,uncertainty_only,0.24,0.003650190887853922,0.0028402487795230577,0.9904,0.20689655172413793,23,6,0,596,0.0464,0.7931034482758621,1.0,0.0,0.896551724137931
1,mixed,0.003,two_sided_straddle,0.24,0.007043996778915674,0.005180400278723561,0.9984,0.034482758620689655,28,1,0,596,0.0464,0.9655172413793104,1.0,0.0,0.9827586206896552
1,mixed,0.003,evidence_gated,0.24,0.004522379145750939,0.00349901121574986,0.9984,0.034482758620689655,28,1,0,596,0.0464,0.9655172413793104,1.0,0.0,0.9827586206896552
1,mixed,0.008,uncertainty_only,0.24,0.007647131219766013,0.005976235327716829,0.984,0.3103448275862069,20,9,1,595,0.0464,0.6896551724137931,0.9523809523809523,0.0016778523489932886,0.8439886600323999
1,mixed,0.008,two_sided_straddle,0.24,0.008802905721165873,0.006782130987966097,0.9904,0.10344827586206896,26,3,3,593,0.0464,0.896551724137931,0.896551724137931,0.0050335570469798654,0.9457590835454757
1,mixed,0.008,evidence_gated,0.24,0.007450856767996925,0.005896817801849805,0.9872,0.1724137931034483,24,5,3,593,0.0464,0.8275862068965517,0.8888888888888888,0.0050335570469798654,0.9112763249247859
2,smooth,0.003,uncertainty_only,0.24,0.002468741468922995,0.001922195242173693,0.9904,0.5555555555555556,4,5,1,615,0.0144,0.4444444444444444,0.8,0.0016233766233766235,0.7214105339105339
2,smooth,0.003,two_sided_straddle,0.24,0.002858126491800556,0.002286338029198513,0.9872,0.2222222222222222,7,2,6,610,0.0144,0.7777777777777778,0.5384615384615384,0.00974025974025974,0.884018759018759
2,smooth,0.003,evidence_gated,0.24,0.0025893287127119816,0.0019162824698107294,0.9904,0.1111111111111111,8,1,5,611,0.0144,0.8888888888888888,0.6153846153846154,0.008116883116883116,0.9403860028860029
2,smooth,0.008,uncertainty_only,0.24,0.006282300454730723,0.005094084116349709,0.9696,0.2222222222222222,7,2,17,599,0.0144,0.7777777777777778,0.2916666666666667,0.027597402597402596,0.8750901875901875
2,smooth,0.008,two_sided_straddle,0.24,0.006130976832651623,0.004692511246070863,0.9856,0.1111111111111111,8,1,8,608,0.0144,0.8888888888888888,0.5,0.012987012987012988,0.9379509379509379
2,smooth,0.008,evidence_gated,0.24,0.0061229605907084286,0.0050007249800374425,0.984,0.7777777777777778,2,7,3,613,0.0144,0.2222222222222222,0.4,0.00487012987012987,0.6086760461760461
2,waviness,0.003,uncertainty_only,0.24,0.006805581602564015,0.005166916982310107,0.9424,0.6296296296296297,20,34,2,569,0.0864,0.37037037037037035,0.9090909090909091,0.0035026269702276708,0.6834338717000714
2,waviness,0.003,two_sided_straddle,0.24,0.012673987562019201,0.009003547702896849,0.9504,0.5370370370370371,25,29,2,569,0.0864,0.46296296296296297,0.9259259259259259,0.0035026269702276708,0.7297301679963677
2,waviness,0.003,evidence_gated,0.24,0.010319382556827322,0.007513929356278444,0.9504,0.5370370370370371,25,29,2,569,0.0864,0.46296296296296297,0.9259259259259259,0.0035026269702276708,0.7297301679963677
2,waviness,0.008,uncertainty_only,0.24,0.010482225660879353,0.008359056110609714,0.9312,0.7592592592592593,13,41,2,569,0.0864,0.24074074074074073,0.8666666666666667,0.0035026269702276708,0.6186190568852565
2,waviness,0.008,two_sided_straddle,0.24,0.012556893245402195,0.009489496224827585,0.9392,0.6296296296296297,20,34,4,567,0.0864,0.37037037037037035,0.8333333333333334,0.0070052539404553416,0.6816825582149575
2,waviness,0.008,evidence_gated,0.24,0.01206255948886,0.009396375226307749,0.9376,0.6296296296296297,20,34,5,566,0.0864,0.37037037037037035,0.8,0.008756567425569177,0.6808069014724005
2,local_defect,0.003,uncertainty_only,0.24,0.004266141683081004,0.0021630482093953534,0.9888,0.75,2,6,1,616,0.0128,0.25,0.6666666666666666,0.0016207455429497568,0.6241896272285251
2,local_defect,0.003,two_sided_straddle,0.24,0.003471630247215922,0.002487302242241879,0.9984,0.0,8,0,1,616,0.0128,1.0,0.8888888888888888,0.0016207455429497568,0.9991896272285251
2,local_defect,0.003,evidence_gated,0.24,0.0034958149978578513,0.0024027107845395828,0.9984,0.0,8,0,1,616,0.0128,1.0,0.8888888888888888,0.0016207455429497568,0.9991896272285251
2,local_defect,0.008,uncertainty_only,0.24,0.007257140303312248,0.005390673688584456,0.9872,1.0,0,8,0,617,0.0128,0.0,0.0,0.0,0.5
2,local_defect,0.008,two_sided_straddle,0.24,0.0050079178724330735,0.0038840806160657104,0.9984,0.0,8,0,1,616,0.0128,1.0,0.8888888888888888,0.0016207455429497568,0.9991896272285251
2,local_defect,0.008,evidence_gated,0.24,0.005677829311995475,0.004566155233611907,0.9984,0.0,8,0,1,616,0.0128,1.0,0.8888888888888888,0.0016207455429497568,0.9991896272285251
2,mixed,0.003,uncertainty_only,0.24,0.00367033225157422,0.0028321970913547175,0.9824,0.7692307692307693,3,10,1,611,0.0208,0.23076923076923078,0.75,0.0016339869281045752,0.6145676219205631
2,mixed,0.003,two_sided_straddle,0.24,0.005328034011734975,0.0040331813946903935,0.992,0.3076923076923077,9,4,1,611,0.0208,0.6923076923076923,0.9,0.0016339869281045752,0.8453368526897939
2,mixed,0.003,evidence_gated,0.24,0.004391017433377044,0.0031662110702729064,0.9936,0.23076923076923078,10,3,1,611,0.0208,0.7692307692307693,0.9090909090909091,0.0016339869281045752,0.8837983911513323
2,mixed,0.008,uncertainty_only,0.24,0.006725260052333856,0.005325421145485322,0.9856,0.07692307692307693,12,1,8,604,0.0208,0.9230769230769231,0.6,0.013071895424836602,0.9550025138260433
2,mixed,0.008,two_sided_straddle,0.24,0.007374348909985649,0.005710455268487578,0.9856,0.07692307692307693,12,1,8,604,0.0208,0.9230769230769231,0.6,0.013071895424836602,0.9550025138260433
2,mixed,0.008,evidence_gated,0.24,0.007521134058730524,0.005813959772714087,0.9936,0.15384615384615385,11,2,2,610,0.0208,0.8461538461538461,0.8461538461538461,0.0032679738562091504,0.9214429361488186
3,smooth,0.003,uncertainty_only,0.24,0.002252340940899734,0.0018490067726843924,0.992,0.0,9,0,5,611,0.0144,1.0,0.6428571428571429,0.008116883116883116,0.9959415584415585
3,smooth,0.003,two_sided_straddle,0.24,0.003454871960779863,0.002760470603292515,0.984,0.1111111111111111,8,1,9,607,0.0144,0.8888888888888888,0.47058823529411764,0.01461038961038961,0.9371392496392497
3,smooth,0.003,evidence_gated,0.24,0.00266297185372099,0.0021811543488419994,0.9856,0.1111111111111111,8,1,8,608,0.0144,0.8888888888888888,0.5,0.012987012987012988,0.9379509379509379
3,smooth,0.008,uncertainty_only,0.24,0.00573615671117124,0.004482328509668442,0.976,0.2222222222222222,7,2,13,603,0.0144,0.7777777777777778,0.35,0.021103896103896104,0.8783369408369408
3,smooth,0.008,two_sided_straddle,0.24,0.005901777493913724,0.0046667482381890606,0.9872,0.4444444444444444,5,4,4,612,0.0144,0.5555555555555556,0.5555555555555556,0.006493506493506494,0.7745310245310246
3,smooth,0.008,evidence_gated,0.24,0.004765781850388816,0.003761029617135047,0.9904,0.4444444444444444,5,4,2,614,0.0144,0.5555555555555556,0.7142857142857143,0.003246753246753247,0.7761544011544012
3,waviness,0.003,uncertainty_only,0.24,0.006535617217156292,0.004913655265866942,0.9488,0.5510204081632653,22,27,5,571,0.0784,0.4489795918367347,0.8148148148148148,0.008680555555555556,0.7201495181405896
3,waviness,0.003,two_sided_straddle,0.24,0.012980083937684102,0.009228287467544057,0.9648,0.40816326530612246,29,20,2,574,0.0784,0.5918367346938775,0.9354838709677419,0.003472222222222222,0.7941822562358276
3,waviness,0.003,evidence_gated,0.24,0.009598008086009453,0.0068578248279328935,0.9584,0.46938775510204084,26,23,3,573,0.0784,0.5306122448979592,0.896551724137931,0.005208333333333333,0.7627019557823129
3,waviness,0.008,uncertainty_only,0.24,0.009154792960106954,0.007408902521665357,0.9408,0.6326530612244898,18,31,6,570,0.0784,0.3673469387755102,0.75,0.010416666666666666,0.6784651360544218
3,waviness,0.008,two_sided_straddle,0.24,0.015430567658547698,0.01181929438278667,0.9328,0.7346938775510204,13,36,6,570,0.0784,0.2653061224489796,0.6842105263157895,0.010416666666666666,0.6274447278911565
3,waviness,0.008,evidence_gated,0.24,0.01098845448826867,0.008712639987276375,0.9312,0.6938775510204082,15,34,9,567,0.0784,0.30612244897959184,0.625,0.015625,0.645248724489796
3,local_defect,0.003,uncertainty_only,0.24,0.0036565730105155994,0.0028505232409296644,0.9936,0.0,22,0,4,599,0.0352,1.0,0.8461538461538461,0.006633499170812604,0.9966832504145937
3,local_defect,0.003,two_sided_straddle,0.24,0.0038291931548793874,0.002781510834517956,0.9984,0.045454545454545456,21,1,0,603,0.0352,0.9545454545454546,1.0,0.0,0.9772727272727273
3,local_defect,0.003,evidence_gated,0.24,0.003380656758745903,0.002612561382521703,0.9984,0.045454545454545456,21,1,0,603,0.0352,0.9545454545454546,1.0,0.0,0.9772727272727273
3,local_defect,0.008,uncertainty_only,0.24,0.005966621518813894,0.00455594180452551,0.9904,0.09090909090909091,20,2,4,599,0.0352,0.9090909090909091,0.8333333333333334,0.006633499170812604,0.9512287049600483
3,local_defect,0.008,two_sided_straddle,0.24,0.006451251240440268,0.005083097431960166,0.992,0.13636363636363635,19,3,2,601,0.0352,0.8636363636363636,0.9047619047619048,0.003316749585406302,0.9301598070254786
3,local_defect,0.008,evidence_gated,0.24,0.006212264155850804,0.004780817673687232,0.9936,0.18181818181818182,18,4,0,603,0.0352,0.8181818181818182,1.0,0.0,0.9090909090909092
3,mixed,0.003,uncertainty_only,0.24,0.00363592179129103,0.002662194358628453,0.9888,0.12244897959183673,43,6,1,575,0.0784,0.8775510204081632,0.9772727272727273,0.001736111111111111,0.937907454648526
3,mixed,0.003,two_sided_straddle,0.24,0.005488354082403388,0.00386602335429773,0.9888,0.04081632653061224,47,2,5,571,0.0784,0.9591836734693877,0.9038461538461539,0.008680555555555556,0.9752515589569161
3,mixed,0.003,evidence_gated,0.24,0.004195661616199904,0.003126162746968139,0.9904,0.02040816326530612,48,1,5,571,0.0784,0.9795918367346939,0.9056603773584906,0.008680555555555556,0.9854556405895691
3,mixed,0.008,uncertainty_only,0.24,0.007851107353838722,0.006296309377415832,0.9632,0.30612244897959184,34,15,8,568,0.0784,0.6938775510204082,0.8095238095238095,0.013888888888888888,0.8399943310657596
3,mixed,0.008,two_sided_straddle,0.24,0.00904730376632945,0.006454616222081064,0.96,0.2653061224489796,36,13,12,564,0.0784,0.7346938775510204,0.75,0.020833333333333332,0.8569302721088435
3,mixed,0.008,evidence_gated,0.24,0.008499835105013532,0.006586773244065822,0.9616,0.2653061224489796,36,13,11,565,0.0784,0.7346938775510204,0.7659574468085106,0.019097222222222224,0.8577983276643991
4,smooth,0.003,uncertainty_only,0.24,0.00269873886541919,0.002144801661341732,0.992,0.09090909090909091,20,2,3,600,0.0352,0.9090909090909091,0.8695652173913043,0.004975124378109453,0.9520578923563998
4,smooth,0.003,two_sided_straddle,0.24,0.0026163431644758567,0.0020825016004104697,0.992,0.09090909090909091,20,2,3,600,0.0352,0.9090909090909091,0.8695652173913043,0.004975124378109453,0.9520578923563998
4,smooth,0.003,evidence_gated,0.24,0.0025418799870844714,0.002072046072699404,0.992,0.09090909090909091,20,2,3,600,0.0352,0.9090909090909091,0.8695652173913043,0.004975124378109453,0.9520578923563998
4,smooth,0.008,uncertainty_only,0.24,0.007240779021120339,0.0056908600458847654,0.9824,0.09090909090909091,20,2,9,594,0.0352,0.9090909090909091,0.6896551724137931,0.014925373134328358,0.9470827679782903
4,smooth,0.008,two_sided_straddle,0.24,0.0059722456208936075,0.004924574256369074,0.992,0.09090909090909091,20,2,3,600,0.0352,0.9090909090909091,0.8695652173913043,0.004975124378109453,0.9520578923563998
4,smooth,0.008,evidence_gated,0.24,0.006806845696511763,0.005427403669381495,0.984,0.2727272727272727,16,6,4,599,0.0352,0.7272727272727273,0.8,0.006633499170812604,0.8603196140509574
4,waviness,0.003,uncertainty_only,0.24,0.006404623507765986,0.004838898894360831,0.944,0.6078431372549019,20,31,4,570,0.0816,0.39215686274509803,0.8333333333333334,0.006968641114982578,0.6925941108150577
4,waviness,0.003,two_sided_straddle,0.24,0.01131871700401379,0.007852175920095864,0.9456,0.5294117647058824,24,27,7,567,0.0816,0.47058823529411764,0.7741935483870968,0.012195121951219513,0.7291965566714491
4,waviness,0.003,evidence_gated,0.24,0.00924387545379955,0.006689199521135229,0.9504,0.49019607843137253,26,25,6,568,0.0816,0.5098039215686274,0.8125,0.010452961672473868,0.7496754799480767
4,waviness,0.008,uncertainty_only,0.24,0.009352278739187696,0.0072704549785224375,0.936,0.7450980392156863,13,38,2,572,0.0816,0.2549019607843137,0.8666666666666667,0.003484320557491289,0.6257088201134112
4,waviness,0.008,two_sided_straddle,0.24,0.013191482174448354,0.009847507401359017,0.9472,0.5490196078431373,23,28,5,569,0.0816,0.45098039215686275,0.8214285714285714,0.008710801393728223,0.7211347953815672
4,waviness,0.008,evidence_gated,0.24,0.00994463880757974,0.007800778950229086,0.936,0.7058823529411765,15,36,4,570,0.0816,0.29411764705882354,0.7894736842105263,0.006968641114982578,0.6435745029719204
4,local_defect,0.003,uncertainty_only,0.24,0.003870063670910829,0.0027216358604132524,0.992,0.0,23,0,5,597,0.0368,1.0,0.8214285714285714,0.008305647840531562,0.9958471760797343
4,local_defect,0.003,two_sided_straddle,0.24,0.0033382193493024064,0.0025363137712885206,1.0,0.0,23,0,0,602,0.0368,1.0,1.0,0.0,1.0
4,local_defect,0.003,evidence_gated,0.24,0.0033880546943937944,0.0025283406116790746,0.9984,0.0,23,0,1,601,0.0368,1.0,0.9583333333333334,0.0016611295681063123,0.9991694352159468
4,local_defect,0.008,uncertainty_only,0.24,0.00692838804592211,0.004953565677511885,0.9856,0.13043478260869565,20,3,6,596,0.0368,0.8695652173913043,0.7692307692307693,0.009966777408637873,0.9297992199913332
4,local_defect,0.008,two_sided_straddle,0.24,0.005968140509289836,0.004474349484711091,0.9888,0.17391304347826086,19,4,3,599,0.0368,0.8260869565217391,0.8636363636363636,0.0049833887043189366,0.91055178390871
4,local_defect,0.008,evidence_gated,0.24,0.006259140121908755,0.004755576011927347,0.9888,0.17391304347826086,19,4,3,599,0.0368,0.8260869565217391,0.8636363636363636,0.0049833887043189366,0.91055178390871
4,mixed,0.003,uncertainty_only,0.24,0.003555440379068965,0.0027450107820314556,0.9856,0.12121212121212122,29,4,5,587,0.0528,0.8787878787878788,0.8529411764705882,0.008445945945945946,0.9351709664209664
4,mixed,0.003,two_sided_straddle,0.24,0.007848496070938816,0.005382909567666007,0.9888,0.09090909090909091,30,3,4,588,0.0528,0.9090909090909091,0.8823529411764706,0.006756756756756757,0.9511670761670761
4,mixed,0.003,evidence_gated,0.24,0.004376615109114467,0.003225329853135493,0.992,0.06060606060606061,31,2,3,589,0.0528,0.9393939393939394,0.9117647058823529,0.005067567567567568,0.967163185913186
4,mixed,0.008,uncertainty_only,0.24,0.006130100780622673,0.0046478637989245996,0.9824,0.21212121212121213,26,7,4,588,0.0528,0.7878787878787878,0.8666666666666667,0.006756756756756757,0.8905610155610155
4,mixed,0.008,two_sided_straddle,0.24,0.009064398748676681,0.007194515515837972,0.9872,0.15151515151515152,28,5,3,589,0.0528,0.8484848484848485,0.9032258064516129,0.005067567567567568,0.9217086404586405
4,mixed,0.008,evidence_gated,0.24,0.006968824671359747,0.005520196560388607,0.984,0.15151515151515152,28,5,5,587,0.0528,0.8484848484848485,0.8484848484848485,0.008445945945945946,0.9200194512694513
5,smooth,0.003,uncertainty_only,0.24,0.002455261807725679,0.001966975390395471,0.9888,0.0847457627118644,54,5,2,564,0.0944,0.9152542372881356,0.9642857142857143,0.0035335689045936395,0.955860334191771
5,smooth,0.003,two_sided_straddle,0.24,0.003056059890651816,0.00237974946345343,0.9904,0.03389830508474576,57,2,4,562,0.0944,0.9661016949152542,0.9344262295081968,0.007067137809187279,0.9795172785530335
5,smooth,0.003,evidence_gated,0.24,0.002881403518297718,0.0022426298118122423,0.9904,0.06779661016949153,55,4,2,564,0.0944,0.9322033898305084,0.9649122807017544,0.0035335689045936395,0.9643349104629574
5,smooth,0.008,uncertainty_only,0.24,0.005776076715644246,0.004482921071621241,0.9488,0.2033898305084746,47,12,20,546,0.0944,0.7966101694915254,0.7014925373134329,0.0353356890459364,0.8806372402227944
5,smooth,0.008,two_sided_straddle,0.24,0.005940982304828044,0.004775554873940338,0.9664,0.05084745762711865,56,3,18,548,0.0944,0.9491525423728814,0.7567567567567568,0.03180212014134275,0.9586752111157693
5,smooth,0.008,evidence_gated,0.24,0.005889777692662792,0.0047794659286600075,0.968,0.11864406779661017,52,7,13,553,0.0944,0.8813559322033898,0.8,0.022968197879858657,0.9291938671617656
5,waviness,0.003,uncertainty_only,0.24,0.006120961740625242,0.004531285130505529,0.9584,0.5454545454545454,20,24,2,579,0.0704,0.45454545454545453,0.9090909090909091,0.0034423407917383822,0.7255515568768581
5,waviness,0.003,two_sided_straddle,0.24,0.013052890233252366,0.009079424071957456,0.96,0.4090909090909091,26,18,7,574,0.0704,0.5909090909090909,0.7878787878787878,0.012048192771084338,0.7894304490690033
5,waviness,0.003,evidence_gated,0.24,0.009818585213194442,0.007345455341331946,0.9648,0.38636363636363635,27,17,5,576,0.0704,0.6136363636363636,0.84375,0.008605851979345954,0.8025152558285089
5,waviness,0.008,uncertainty_only,0.24,0.009190039206036232,0.0074324824592119,0.936,0.75,11,33,7,574,0.0704,0.25,0.6111111111111112,0.012048192771084338,0.6189759036144578
5,waviness,0.008,two_sided_straddle,0.24,0.013838295880362434,0.010877546515713083,0.9456,0.6590909090909091,15,29,5,576,0.0704,0.3409090909090909,0.75,0.008605851979345954,0.6661516194648724
5,waviness,0.008,evidence_gated,0.24,0.01079331979051591,0.008518088204109386,0.952,0.6363636363636364,16,28,2,579,0.0704,0.36363636363636365,0.8888888888888888,0.0034423407917383822,0.6800970114223126
5,local_defect,0.003,uncertainty_only,0.24,0.0047780312283103995,0.0026096501044654183,0.968,0.28205128205128205,28,11,9,577,0.0624,0.717948717948718,0.7567567567567568,0.015358361774744027,0.851295178086987
5,local_defect,0.003,two_sided_straddle,0.24,0.005133599312895326,0.0031036295510732713,0.9792,0.20512820512820512,31,8,5,581,0.0624,0.7948717948717948,0.8611111111111112,0.008532423208191127,0.8931696858318019
5,local_defect,0.003,evidence_gated,0.24,0.004507006744160273,0.002353208854021225,0.9872,0.10256410256410256,35,4,4,582,0.0624,0.8974358974358975,0.8974358974358975,0.006825938566552901,0.9453049794346723
5,local_defect,0.008,uncertainty_only,0.24,0.00716809063681846,0.005269573184003963,0.9456,0.3333333333333333,26,13,21,565,0.0624,0.6666666666666666,0.5531914893617021,0.03583617747440273,0.815415244596132
5,local_defect,0.008,two_sided_straddle,0.24,0.0084584141258706,0.006427017219453165,0.952,0.3333333333333333,26,13,17,569,0.0624,0.6666666666666666,0.6046511627906976,0.02901023890784983,0.8188282138794084
5,local_defect,0.008,evidence_gated,0.24,0.0074294049876888636,0.0054243246592862145,0.9664,0.3076923076923077,27,12,9,577,0.0624,0.6923076923076923,0.75,0.015358361774744027,0.8384746652664741
5,mixed,0.003,uncertainty_only,0.24,0.003726606468961328,0.002874407763083423,0.9952,0.08,23,2,1,599,0.04,0.92,0.9583333333333334,0.0016666666666666668,0.9591666666666667
5,mixed,0.003,two_sided_straddle,0.24,0.007187663838705361,0.00511814089104233,0.9904,0.08,23,2,4,596,0.04,0.92,0.8518518518518519,0.006666666666666667,0.9566666666666667
5,mixed,0.003,evidence_gated,0.24,0.004165321508483377,0.003300642183487593,0.9904,0.08,23,2,4,596,0.04,0.92,0.8518518518518519,0.006666666666666667,0.9566666666666667
5,mixed,0.008,uncertainty_only,0.24,0.007332879223976961,0.005844949817982769,0.96,0.2,20,5,20,580,0.04,0.8,0.5,0.03333333333333333,0.8833333333333333
5,mixed,0.008,two_sided_straddle,0.24,0.00902617028987308,0.00706541174300398,0.9696,0.24,19,6,13,587,0.04,0.76,0.59375,0.021666666666666667,0.8691666666666666
5,mixed,0.008,evidence_gated,0.24,0.007004201535990134,0.005512500845368964,0.9728,0.24,19,6,11,589,0.04,0.76,0.6333333333333333,0.018333333333333333,0.8708333333333333
6,smooth,0.003,uncertainty_only,0.24,0.0029983818632655043,0.0023994897443267685,0.9776,0.2222222222222222,28,8,6,583,0.0576,0.7777777777777778,0.8235294117647058,0.010186757215619695,0.883795510281079
6,smooth,0.003,two_sided_straddle,0.24,0.003523210850311335,0.0028125371195272223,0.9808,0.1388888888888889,31,5,7,582,0.0576,0.8611111111111112,0.8157894736842105,0.011884550084889643,0.9246132805131108
6,smooth,0.003,evidence_gated,0.24,0.0029392564519785847,0.0023227962628177027,0.9824,0.1388888888888889,31,5,6,583,0.0576,0.8611111111111112,0.8378378378378378,0.010186757215619695,0.9254621769477458
6,smooth,0.008,uncertainty_only,0.24,0.006370606342224195,0.005069728531490928,0.9664,0.19444444444444445,29,7,14,575,0.0576,0.8055555555555556,0.6744186046511628,0.023769100169779286,0.8908932276928881
6,smooth,0.008,two_sided_straddle,0.24,0.007884879320680951,0.006304939851463149,0.9744,0.2777777777777778,26,10,6,583,0.0576,0.7222222222222222,0.8125,0.010186757215619695,0.8560177325033013
6,smooth,0.008,evidence_gated,0.24,0.006879476027867111,0.005375614506175428,0.968,0.3611111111111111,23,13,7,582,0.0576,0.6388888888888888,0.7666666666666667,0.011884550084889643,0.8135021694019996
6,waviness,0.003,uncertainty_only,0.24,0.006785954762347056,0.005061823517106778,0.9584,0.5106382978723404,23,24,2,576,0.0752,0.48936170212765956,0.92,0.0034602076124567475,0.7429507472576014
6,waviness,0.003,two_sided_straddle,0.24,0.011288548355195986,0.0076388917204259525,0.9664,0.3404255319148936,31,16,5,573,0.0752,0.6595744680851063,0.8611111111111112,0.00865051903114187,0.8254619745269822
6,waviness,0.003,evidence_gated,0.24,0.009580690797050907,0.006852607854981879,0.9712,0.2765957446808511,34,13,5,573,0.0752,0.723404255319149,0.8717948717948718,0.00865051903114187,0.8573768681440035
6,waviness,0.008,uncertainty_only,0.24,0.009920739866574439,0.007843987123751367,0.96,0.425531914893617,27,20,5,573,0.0752,0.574468085106383,0.84375,0.00865051903114187,0.7829087830376206
6,waviness,0.008,two_sided_straddle,0.24,0.013106154435157332,0.009839750965282994,0.9536,0.48936170212765956,24,23,6,572,0.0752,0.5106382978723404,0.8,0.010380622837370242,0.750128837517485
6,waviness,0.008,evidence_gated,0.24,0.011445889910448724,0.009114032881254262,0.9616,0.425531914893617,27,20,4,574,0.0752,0.574468085106383,0.8709677419354839,0.006920415224913495,0.7837738349407348
6,local_defect,0.003,uncertainty_only,0.24,0.0051772668525900956,0.0024644991669495347,0.9856,0.6,6,9,0,610,0.024,0.4,1.0,0.0,0.7
6,local_defect,0.003,two_sided_straddle,0.24,0.005314710588754277,0.00376356064479751,0.9952,0.06666666666666667,14,1,2,608,0.024,0.9333333333333333,0.875,0.003278688524590164,0.9650273224043716
6,local_defect,0.003,evidence_gated,0.24,0.0038676943335555266,0.0025354232266148265,0.9936,0.2,12,3,1,609,0.024,0.8,0.9230769230769231,0.001639344262295082,0.8991803278688525
6,local_defect,0.008,uncertainty_only,0.24,0.007426438835402105,0.005500479687403273,0.9776,0.2,12,3,11,599,0.024,0.8,0.5217391304347826,0.018032786885245903,0.8909836065573771
6,local_defect,0.008,two_sided_straddle,0.24,0.007602121371247905,0.005165062768877373,0.9856,0.5333333333333333,7,8,1,609,0.024,0.4666666666666667,0.875,0.001639344262295082,0.7325136612021859
6,local_defect,0.008,evidence_gated,0.24,0.006501460477586037,0.004957985395944649,0.9856,0.4,9,6,3,607,0.024,0.6,0.75,0.004918032786885246,0.7975409836065573
6,mixed,0.003,uncertainty_only,0.24,0.003625106672717611,0.002436094963589788,0.9824,0.30434782608695654,16,7,4,598,0.0368,0.6956521739130435,0.8,0.006644518272425249,0.8445038278203091
6,mixed,0.003,two_sided_straddle,0.24,0.005540483068815317,0.004180245491882209,0.9872,0.21739130434782608,18,5,3,599,0.0368,0.782608695652174,0.8571428571428571,0.0049833887043189366,0.8888126534739276
6,mixed,0.003,evidence_gated,0.24,0.004675873888335404,0.0033616310280634985,0.9808,0.43478260869565216,13,10,2,600,0.0368,0.5652173913043478,0.8666666666666667,0.0033222591362126247,0.7809475660840676
6,mixed,0.008,uncertainty_only,0.24,0.00691319588204419,0.005370871244530669,0.9776,0.43478260869565216,13,10,4,598,0.0368,0.5652173913043478,0.7647058823529411,0.006644518272425249,0.7792864365159613
6,mixed,0.008,two_sided_straddle,0.24,0.008663607063618513,0.006421356923810795,0.9824,0.391304347826087,14,9,2,600,0.0368,0.6086956521739131,0.875,0.0033222591362126247,0.8026866965188502
6,mixed,0.008,evidence_gated,0.24,0.007193314610065081,0.005381468073115901,0.9648,0.7391304347826086,6,17,5,597,0.0368,0.2608695652173913,0.5454545454545454,0.008305647840531562,0.6262819586884298
7,smooth,0.003,uncertainty_only,0.24,0.0024307392373327397,0.001959089740286349,0.9808,0.16666666666666666,35,7,5,578,0.0672,0.8333333333333334,0.875,0.008576329331046312,0.9123785020011435
7,smooth,0.003,two_sided_straddle,0.24,0.0030033569568290283,0.002342237595590716,0.9712,0.23809523809523808,32,10,8,575,0.0672,0.7619047619047619,0.8,0.0137221269296741,0.8740913174875439
7,smooth,0.003,evidence_gated,0.24,0.0025614500481923853,0.0020376281311955493,0.9824,0.16666666666666666,35,7,4,579,0.0672,0.8333333333333334,0.8974358974358975,0.00686106346483705,0.9132361349342482
7,smooth,0.008,uncertainty_only,0.24,0.006076666822022206,0.004770996636141824,0.976,0.11904761904761904,37,5,10,573,0.0672,0.8809523809523809,0.7872340425531915,0.017152658662092625,0.9318998611451441
7,smooth,0.008,two_sided_straddle,0.24,0.005738389813047653,0.004631631557378431,0.9616,0.19047619047619047,34,8,16,567,0.0672,0.8095238095238095,0.68,0.0274442538593482,0.8910397778322307
7,smooth,0.008,evidence_gated,0.24,0.0054451308354887245,0.004217278718030712,0.9504,0.4523809523809524,23,19,12,571,0.0672,0.5476190476190477,0.6571428571428571,0.02058319039451115,0.7635179286122682
7,waviness,0.003,uncertainty_only,0.24,0.005524130031484377,0.0040921229083397135,0.9632,0.3235294117647059,46,22,1,556,0.1088,0.6764705882352942,0.9787234042553191,0.0017953321364452424,0.8373376280494245
7,waviness,0.003,two_sided_straddle,0.24,0.011171884611271537,0.008044047248943196,0.9664,0.25,51,17,4,553,0.1088,0.75,0.9272727272727272,0.00718132854578097,0.8714093357271095
7,waviness,0.003,evidence_gated,0.24,0.00930073987047778,0.00654596307509849,0.976,0.19117647058823528,55,13,2,555,0.1088,0.8088235294117647,0.9649122807017544,0.003590664272890485,0.9026164325694371
7,waviness,0.008,uncertainty_only,0.24,0.00996688307387907,0.007638015433987087,0.928,0.5588235294117647,30,38,7,550,0.1088,0.4411764705882353,0.8108108108108109,0.012567324955116697,0.7143045728165593
7,waviness,0.008,two_sided_straddle,0.24,0.013929695696215069,0.010576269659029343,0.9424,0.4411764705882353,38,30,6,551,0.1088,0.5588235294117647,0.8636363636363636,0.010771992818671455,0.7740257682965466
7,waviness,0.008,evidence_gated,0.24,0.013844885059315252,0.010529311507896835,0.9312,0.6176470588235294,26,42,1,556,0.1088,0.38235294117647056,0.9629629629629629,0.0017953321364452424,0.6902788045200127
7,local_defect,0.003,uncertainty_only,0.24,0.004124184205008753,0.0025415717756445974,0.9888,0.36363636363636365,7,4,3,611,0.0176,0.6363636363636364,0.7,0.004885993485342019,0.8157388214391472
7,local_defect,0.003,two_sided_straddle,0.24,0.003996280464612681,0.003101391412578243,0.9904,0.0,11,0,6,608,0.0176,1.0,0.6470588235294118,0.009771986970684038,0.995114006514658
7,local_defect,0.003,evidence_gated,0.24,0.003095568750523207,0.002406793348926592,0.9952,0.0,11,0,3,611,0.0176,1.0,0.7857142857142857,0.004885993485342019,0.997557003257329
7,local_defect,0.008,uncertainty_only,0.24,0.006276616493941836,0.0044721676780128195,0.9856,0.36363636363636365,7,4,5,609,0.0176,0.6363636363636364,0.5833333333333334,0.008143322475570033,0.8141101569440332
7,local_defect,0.008,two_sided_straddle,0.24,0.005616954663707274,0.004235017804349875,0.992,0.09090909090909091,10,1,4,610,0.0176,0.9090909090909091,0.7142857142857143,0.006514657980456026,0.9512881255552266
7,local_defect,0.008,evidence_gated,0.24,0.005042822530464457,0.004039033945977732,0.992,0.0,11,0,5,609,0.0176,1.0,0.6875,0.008143322475570033,0.995928338762215
7,mixed,0.003,uncertainty_only,0.24,0.0042076704969649095,0.0027067884915675266,0.9872,0.18181818181818182,27,6,2,590,0.0528,0.8181818181818182,0.9310344827586207,0.0033783783783783786,0.9074017199017199
7,mixed,0.003,two_sided_straddle,0.24,0.005831280478387241,0.004249222019981053,0.9872,0.06060606060606061,31,2,6,586,0.0528,0.9393939393939394,0.8378378378378378,0.010135135135135136,0.9646294021294022
7,mixed,0.003,evidence_gated,0.24,0.004285260649850229,0.0033743663250016356,0.984,0.18181818181818182,27,6,4,588,0.0528,0.8181818181818182,0.8709677419354839,0.006756756756756757,0.9057125307125307
7,mixed,0.008,uncertainty_only,0.24,0.006151985228458383,0.004986953856810881,0.9728,0.36363636363636365,21,12,5,587,0.0528,0.6363636363636364,0.8076923076923077,0.008445945945945946,0.8139588452088452
7,mixed,0.008,two_sided_straddle,0.24,0.011765832951937345,0.00868830106238929,0.976,0.30303030303030304,23,10,5,587,0.0528,0.696969696969697,0.8214285714285714,0.008445945945945946,0.8442618755118756
7,mixed,0.008,evidence_gated,0.24,0.008080601912887425,0.006318738490382813,0.9712,0.21212121212121213,26,7,11,581,0.0528,0.7878787878787878,0.7027027027027027,0.018581081081081082,0.8846488533988535
8,smooth,0.003,uncertainty_only,0.24,0.0024580154902160895,0.0019774733694434645,0.9888,0.2727272727272727,8,3,4,610,0.0176,0.7272727272727273,0.6666666666666666,0.006514657980456026,0.8603790346461356
8,smooth,0.003,two_sided_straddle,0.24,0.002902340439611571,0.002354962776444117,0.992,0.09090909090909091,10,1,4,610,0.0176,0.9090909090909091,0.7142857142857143,0.006514657980456026,0.9512881255552266
8,smooth,0.003,evidence_gated,0.24,0.0026829776746357067,0.002195285207038408,0.9904,0.36363636363636365,7,4,2,612,0.0176,0.6363636363636364,0.7777777777777778,0.003257328990228013,0.8165531536867041
8,smooth,0.008,uncertainty_only,0.24,0.005311186829104338,0.004135894228089013,0.9824,1.0,0,11,0,614,0.0176,0.0,0.0,0.0,0.5
8,smooth,0.008,two_sided_straddle,0.24,0.0067295904968660974,0.005191114518702389,0.9824,0.45454545454545453,6,5,6,608,0.0176,0.5454545454545454,0.5,0.009771986970684038,0.7678412792419307
8,smooth,0.008,evidence_gated,0.24,0.005272982339293642,0.0042348186377041555,0.9744,0.36363636363636365,7,4,12,602,0.0176,0.6363636363636364,0.3684210526315789,0.019543973941368076,0.8084098312111341
8,waviness,0.003,uncertainty_only,0.24,0.006999195848407438,0.005316782571934972,0.9392,0.5967741935483871,25,37,1,562,0.0992,0.4032258064516129,0.9615384615384616,0.0017761989342806395,0.7007248037586662
8,waviness,0.003,two_sided_straddle,0.24,0.010248389984725388,0.007422867486134719,0.9568,0.43548387096774194,35,27,0,563,0.0992,0.5645161290322581,1.0,0.0,0.782258064516129
8,waviness,0.003,evidence_gated,0.24,0.009548570579835804,0.0070053732359065006,0.9664,0.3225806451612903,42,20,1,562,0.0992,0.6774193548387096,0.9767441860465116,0.0017761989342806395,0.8378215779522145
8,waviness,0.008,uncertainty_only,0.24,0.009959107318868666,0.00799597023278561,0.9168,0.8064516129032258,12,50,2,561,0.0992,0.1935483870967742,0.8571428571428571,0.003552397868561279,0.5949979946141064
8,waviness,0.008,two_sided_straddle,0.24,0.0136719164093425,0.010194819343472968,0.9312,0.5806451612903226,26,36,7,556,0.0992,0.41935483870967744,0.7878787878787878,0.012433392539964476,0.7034607230848565
8,waviness,0.008,evidence_gated,0.24,0.0131912227239286,0.010042112731731691,0.9472,0.4838709677419355,32,30,3,560,0.0992,0.5161290322580645,0.9142857142857143,0.0053285968028419185,0.7554002177276113
8,local_defect,0.003,uncertainty_only,0.24,0.0031396944371040276,0.0023654457386485276,0.9888,0.09375,29,3,4,589,0.0512,0.90625,0.8787878787878788,0.006745362563237774,0.9497523187183812
8,local_defect,0.003,two_sided_straddle,0.24,0.0029552474443646317,0.0022907390407084383,0.992,0.03125,31,1,4,589,0.0512,0.96875,0.8857142857142857,0.006745362563237774,0.9810023187183812
8,local_defect,0.003,evidence_gated,0.24,0.0029811829489870094,0.00226968764768957,0.9904,0.0625,30,2,4,589,0.0512,0.9375,0.8823529411764706,0.006745362563237774,0.9653773187183812
8,local_defect,0.008,uncertainty_only,0.24,0.005450172703855166,0.004270870475137486,0.9664,0.21875,25,7,14,579,0.0512,0.78125,0.6410256410256411,0.023608768971332208,0.8788206155143339
8,local_defect,0.008,two_sided_straddle,0.24,0.005868160553242497,0.004595420845471774,0.976,0.125,28,4,11,582,0.0512,0.875,0.717948717948718,0.01854974704890388,0.9282251264755481
8,local_defect,0.008,evidence_gated,0.24,0.005522209274390753,0.004299666537539337,0.976,0.21875,25,7,8,585,0.0512,0.78125,0.7575757575757576,0.013490725126475547,0.8838796374367622
8,mixed,0.003,uncertainty_only,0.24,0.003760573770474938,0.0027928291770498953,0.968,0.47058823529411764,18,16,4,587,0.0544,0.5294117647058824,0.8181818181818182,0.00676818950930626,0.7613217875982881
8,mixed,0.003,two_sided_straddle,0.24,0.007046900943526886,0.005198533017077283,0.9744,0.35294117647058826,22,12,4,587,0.0544,0.6470588235294118,0.8461538461538461,0.00676818950930626,0.8201453170100528
8,mixed,0.003,evidence_gated,0.24,0.00420733910088559,0.0032715488468690692,0.976,0.3235294117647059,23,11,4,587,0.0544,0.6764705882352942,0.8518518518518519,0.00676818950930626,0.8348511993629939
8,mixed,0.008,uncertainty_only,0.24,0.007355667392403832,0.005758217276176662,0.9616,0.5294117647058824,16,18,6,585,0.0544,0.47058823529411764,0.7272727272727273,0.01015228426395939,0.730217975515079
8,mixed,0.008,two_sided_straddle,0.24,0.009946127456630236,0.0075416496652355135,0.9632,0.3235294117647059,23,11,12,579,0.0544,0.6764705882352942,0.6571428571428571,0.02030456852791878,0.8280830098536878
8,mixed,0.008,evidence_gated,0.24,0.007303269992463318,0.0058235681043205915,0.9664,0.5588235294117647,15,19,2,589,0.0544,0.4411764705882353,0.8823529411764706,0.00338409475465313,0.718896187916791
9,smooth,0.003,uncertainty_only,0.24,0.0025129530251408825,0.002007434322873005,0.992,0.13793103448275862,25,4,1,595,0.0464,0.8620689655172413,0.9615384615384616,0.0016778523489932886,0.930195556584124
9,smooth,0.003,two_sided_straddle,0.24,0.0029627576554036006,0.0023925514181172276,0.9776,0.06896551724137931,27,2,12,584,0.0464,0.9310344827586207,0.6923076923076923,0.020134228187919462,0.9554501272853506
9,smooth,0.003,evidence_gated,0.24,0.002619102069404729,0.0020317622410808292,0.9776,0.1724137931034483,24,5,9,587,0.0464,0.8275862068965517,0.7272727272727273,0.015100671140939598,0.906242767877806
9,smooth,0.008,uncertainty_only,0.24,0.0062453828028702025,0.0048228700687957355,0.9536,0.6551724137931034,10,19,10,586,0.0464,0.3448275862068966,0.5,0.016778523489932886,0.6640245313584818
9,smooth,0.008,two_sided_straddle,0.24,0.006226193007918044,0.004894380854516326,0.96,0.20689655172413793,23,6,19,577,0.0464,0.7931034482758621,0.5476190476190477,0.031879194630872486,0.8806121268224948
9,smooth,0.008,evidence_gated,0.24,0.005917561389869551,0.00472087053469079,0.9536,0.41379310344827586,17,12,17,579,0.0464,0.5862068965517241,0.5,0.028523489932885907,0.778841703309419
9,waviness,0.003,uncertainty_only,0.24,0.007392356845186344,0.005529951519065996,0.9568,0.45614035087719296,31,26,1,567,0.0912,0.543859649122807,0.96875,0.0017605633802816902,0.7710495428712627
9,waviness,0.003,two_sided_straddle,0.24,0.012874859618383222,0.009010246441384175,0.9472,0.47368421052631576,30,27,6,562,0.0912,0.5263157894736842,0.8333333333333334,0.01056338028169014,0.757876204595997
9,waviness,0.003,evidence_gated,0.24,0.011819309414924699,0.008374561716085126,0.944,0.5614035087719298,25,32,3,565,0.0912,0.43859649122807015,0.8928571428571429,0.00528169014084507,0.7166574005436125
9,waviness,0.008,uncertainty_only,0.24,0.009803468846913783,0.007738388955925781,0.9296,0.7543859649122807,14,43,1,567,0.0912,0.24561403508771928,0.9333333333333333,0.0017605633802816902,0.6219267358537188
9,waviness,0.008,two_sided_straddle,0.24,0.014655515175572422,0.010879171860216254,0.9408,0.543859649122807,26,31,6,562,0.0912,0.45614035087719296,0.8125,0.01056338028169014,0.7227884852977514
9,waviness,0.008,evidence_gated,0.24,0.011021478489982568,0.00832503667297128,0.9488,0.42105263157894735,33,24,8,560,0.0912,0.5789473684210527,0.8048780487804879,0.014084507042253521,0.7824314306893996
9,local_defect,0.003,uncertainty_only,0.24,0.005279086727281359,0.0029469234971476036,0.976,0.42857142857142855,12,9,6,598,0.0336,0.5714285714285714,0.6666666666666666,0.009933774834437087,0.7807473982970672
9,local_defect,0.003,two_sided_straddle,0.24,0.003520612248044961,0.002553251496184275,0.9888,0.047619047619047616,20,1,6,598,0.0336,0.9523809523809523,0.7692307692307693,0.009933774834437087,0.9712235887732577
9,local_defect,0.003,evidence_gated,0.24,0.0030797305740519515,0.0023056425306229636,0.984,0.09523809523809523,19,2,8,596,0.0336,0.9047619047619048,0.7037037037037037,0.013245033112582781,0.945758435824661
9,local_defect,0.008,uncertainty_only,0.24,0.00753690135450498,0.005091702491478333,0.9488,0.47619047619047616,11,10,22,582,0.0336,0.5238095238095238,0.3333333333333333,0.03642384105960265,0.7436928413749606
9,local_defect,0.008,two_sided_straddle,0.24,0.007576364751676208,0.004979668278186884,0.9616,0.5238095238095238,10,11,13,591,0.0336,0.47619047619047616,0.43478260869565216,0.02152317880794702,0.7273336486912645
9,local_defect,0.008,evidence_gated,0.24,0.007106142089955858,0.005453731010349622,0.9696,0.38095238095238093,13,8,11,593,0.0336,0.6190476190476191,0.5416666666666666,0.018211920529801324,0.8004178492589089
9,mixed,0.003,uncertainty_only,0.24,0.005369630916289719,0.0027009695877379825,0.992,0.5555555555555556,4,5,0,616,0.0144,0.4444444444444444,1.0,0.0,0.7222222222222222
9,mixed,0.003,two_sided_straddle,0.24,0.0063433641803591545,0.00431467882263321,0.9888,0.3333333333333333,6,3,4,612,0.0144,0.6666666666666666,0.6,0.006493506493506494,0.8300865800865801
9,mixed,0.003,evidence_gated,0.24,0.004671063776051233,0.0031355639290793547,0.9936,0.2222222222222222,7,2,2,614,0.0144,0.7777777777777778,0.7777777777777778,0.003246753246753247,0.8872655122655122
9,mixed,0.008,uncertainty_only,0.24,0.007612490900601624,0.005553544223895898,0.984,0.4444444444444444,5,4,6,610,0.0144,0.5555555555555556,0.45454545454545453,0.00974025974025974,0.772907647907648
9,mixed,0.008,two_sided_straddle,0.24,0.008718621528301404,0.006454709706672098,0.9808,0.8888888888888888,1,8,4,612,0.0144,0.1111111111111111,0.2,0.006493506493506494,0.5523088023088023
9,mixed,0.008,evidence_gated,0.24,0.006910067619536257,0.005451715122652605,0.9856,1.0,0,9,0,616,0.0144,0.0,0.0,0.0,0.5
10,smooth,0.003,uncertainty_only,0.24,0.0028748598557244622,0.0023159162539001807,0.9936,0.10714285714285714,25,3,1,596,0.0448,0.8928571428571429,0.9615384615384616,0.0016750418760469012,0.945591050490548
10,smooth,0.003,two_sided_straddle,0.24,0.002798823521122539,0.002215454681973273,0.9952,0.07142857142857142,26,2,1,596,0.0448,0.9285714285714286,0.9629629629629629,0.0016750418760469012,0.9634481933476908
10,smooth,0.003,evidence_gated,0.24,0.003000835204785324,0.002290435709599208,0.9936,0.07142857142857142,26,2,2,595,0.0448,0.9285714285714286,0.9285714285714286,0.0033500837520938024,0.9626106724096675
10,smooth,0.008,uncertainty_only,0.24,0.006247451995703041,0.004870720502840456,0.9856,0.03571428571428571,27,1,8,589,0.0448,0.9642857142857143,0.7714285714285715,0.01340033500837521,0.9754426896386695
10,smooth,0.008,two_sided_straddle,0.24,0.0066603475813590786,0.005619127380952943,0.9696,0.07142857142857142,26,2,17,580,0.0448,0.9285714285714286,0.6046511627906976,0.02847571189279732,0.9500478583393157
10,smooth,0.008,evidence_gated,0.24,0.0059161272872313014,0.004743064568096919,0.9728,0.07142857142857142,26,2,15,582,0.0448,0.9285714285714286,0.6341463414634146,0.02512562814070352,0.9517229002153625
10,waviness,0.003,uncertainty_only,0.24,0.005477620829543356,0.004228511424650535,0.952,0.45161290322580644,34,28,2,561,0.0992,0.5483870967741935,0.9444444444444444,0.003552397868561279,0.7724173494528161
10,waviness,0.003,two_sided_straddle,0.24,0.009505757714839755,0.006893407818360592,0.9568,0.3709677419354839,39,23,4,559,0.0992,0.6290322580645161,0.9069767441860465,0.007104795737122558,0.8109637311636968
10,waviness,0.003,evidence_gated,0.24,0.00939221075300719,0.006357935620174028,0.952,0.43548387096774194,35,27,3,560,0.0992,0.5645161290322581,0.9210526315789473,0.0053285968028419185,0.7795937661147081
10,waviness,0.008,uncertainty_only,0.24,0.008587605897474641,0.00693543378464199,0.9376,0.6129032258064516,24,38,1,562,0.0992,0.3870967741935484,0.96,0.0017761989342806395,0.6926602876296339
10,waviness,0.008,two_sided_straddle,0.24,0.012124910793149937,0.009650452066441937,0.9392,0.5645161290322581,27,35,3,560,0.0992,0.43548387096774194,0.9,0.0053285968028419185,0.71507763708245
10,waviness,0.008,evidence_gated,0.24,0.010225414189266795,0.008215462603121393,0.944,0.5483870967741935,28,34,1,562,0.0992,0.45161290322580644,0.9655172413793104,0.0017761989342806395,0.724918352145763
10,local_defect,0.003,uncertainty_only,0.24,0.004956203456076705,0.0028658488072059968,0.976,0.42857142857142855,12,9,6,598,0.0336,0.5714285714285714,0.6666666666666666,0.009933774834437087,0.7807473982970672
10,local_defect,0.003,two_sided_straddle,0.24,0.005877551553112922,0.0028172542327325636,0.9904,0.2857142857142857,15,6,0,604,0.0336,0.7142857142857143,1.0,0.0,0.8571428571428572
10,local_defect,0.003,evidence_gated,0.24,0.006237936681313877,0.0030298827768430827,0.9856,0.38095238095238093,13,8,1,603,0.0336,0.6190476190476191,0.9285714285714286,0.0016556291390728477,0.8086959949542731
10,local_defect,0.008,uncertainty_only,0.24,0.007834085041196297,0.005421122153265012,0.96,0.47619047619047616,11,10,15,589,0.0336,0.5238095238095238,0.4230769230769231,0.024834437086092714,0.7494875433617156
10,local_defect,0.008,two_sided_straddle,0.24,0.009711461107530326,0.00634710040938364,0.984,0.2857142857142857,15,6,4,600,0.0336,0.7142857142857143,0.7894736842105263,0.006622516556291391,0.8538315988647114
10,local_defect,0.008,evidence_gated,0.24,0.007842447049326795,0.005621970384860227,0.976,0.3333333333333333,14,7,8,596,0.0336,0.6666666666666666,0.6363636363636364,0.013245033112582781,0.826710816777042
10,mixed,0.003,uncertainty_only,0.24,0.0045716367168452616,0.0031034614479325357,0.9808,0.23076923076923078,20,6,6,593,0.0416,0.7692307692307693,0.7692307692307693,0.01001669449081803,0.8796070373699756
10,mixed,0.003,two_sided_straddle,0.24,0.010870913250880417,0.005654581185397116,0.968,0.6153846153846154,10,16,4,595,0.0416,0.38461538461538464,0.7142857142857143,0.00667779632721202,0.6889687941440863
10,mixed,0.003,evidence_gated,0.24,0.005126284195428855,0.003741844859918561,0.9888,0.11538461538461539,23,3,4,595,0.0416,0.8846153846153846,0.8518518518518519,0.00667779632721202,0.9389687941440863
10,mixed,0.008,uncertainty_only,0.24,0.007066735680045971,0.00547314109013577,0.9712,0.4230769230769231,15,11,7,592,0.0416,0.5769230769230769,0.6818181818181818,0.011686143572621035,0.7826184666752279
10,mixed,0.008,two_sided_straddle,0.24,0.00917050466252676,0.006698221454738335,0.9824,0.4230769230769231,15,11,0,599,0.0416,0.5769230769230769,1.0,0.0,0.7884615384615384
10,mixed,0.008,evidence_gated,0.24,0.00833347134095032,0.006520178510723502,0.9808,0.15384615384615385,22,4,8,591,0.0416,0.8461538461538461,0.7333333333333333,0.01335559265442404,0.9163991267497111
11,smooth,0.003,uncertainty_only,0.24,0.0022835510342944544,0.00178463738196577,0.9888,0.1,9,1,6,609,0.016,0.9,0.6,0.00975609756097561,0.9451219512195121
11,smooth,0.003,two_sided_straddle,0.24,0.0027020534860546026,0.0021518490748917473,0.984,0.1,9,1,9,606,0.016,0.9,0.5,0.014634146341463415,0.9426829268292682
11,smooth,0.003,evidence_gated,0.24,0.0025910023217810157,0.002063587534787891,0.9872,0.1,9,1,7,608,0.016,0.9,0.5625,0.011382113821138212,0.9443089430894309
11,smooth,0.008,uncertainty_only,0.24,0.005944131451901397,0.004718342117691847,0.968,0.9,1,9,11,604,0.016,0.1,0.08333333333333333,0.01788617886178862,0.5410569105691057
11,smooth,0.008,two_sided_straddle,0.24,0.005934359697519682,0.0045732100757194805,0.984,0.4,6,4,6,609,0.016,0.6,0.5,0.00975609756097561,0.7951219512195122
11,smooth,0.008,evidence_gated,0.24,0.006644466636217004,0.005517311623483968,0.9776,0.9,1,9,5,610,0.016,0.1,0.16666666666666666,0.008130081300813009,0.5459349593495935
11,waviness,0.003,uncertainty_only,0.24,0.00678300750162557,0.005207098172310896,0.9632,0.5476190476190477,19,23,0,583,0.0672,0.4523809523809524,1.0,0.0,0.7261904761904762
11,waviness,0.003,two_sided_straddle,0.24,0.0113532758969256,0.007896090142091186,0.9712,0.38095238095238093,26,16,2,581,0.0672,0.6190476190476191,0.9285714285714286,0.003430531732418525,0.8078085436576004
11,waviness,0.003,evidence_gated,0.24,0.008779006588664064,0.0063678843930939835,0.9648,0.47619047619047616,22,20,2,581,0.0672,0.5238095238095238,0.9166666666666666,0.003430531732418525,0.7601894960385527
11,waviness,0.008,uncertainty_only,0.24,0.009542450637000535,0.007649870543931157,0.9648,0.47619047619047616,22,20,2,581,0.0672,0.5238095238095238,0.9166666666666666,0.003430531732418525,0.7601894960385527
11,waviness,0.008,two_sided_straddle,0.24,0.013241705512591068,0.010242360369864317,0.9552,0.5238095238095238,20,22,6,577,0.0672,0.47619047619047616,0.7692307692307693,0.010291595197255575,0.7329494404966104
11,waviness,0.008,evidence_gated,0.24,0.011792085779855296,0.00924062175124501,0.952,0.6666666666666666,14,28,2,581,0.0672,0.3333333333333333,0.875,0.003430531732418525,0.6649514008004574
11,local_defect,0.003,uncertainty_only,0.24,0.004664646939959129,0.0027804780975349604,0.9904,1.0,0,6,0,619,0.0096,0.0,0.0,0.0,0.5
11,local_defect,0.003,two_sided_straddle,0.24,0.003602178397664361,0.002887090955082335,1.0,0.0,6,0,0,619,0.0096,1.0,1.0,0.0,1.0
11,local_defect,0.003,evidence_gated,0.24,0.0035697885079763202,0.002708349785093995,0.9984,0.0,6,0,1,618,0.0096,1.0,0.8571428571428571,0.0016155088852988692,0.9991922455573505
11,local_defect,0.008,uncertainty_only,0.24,0.006673174204348148,0.004751696294315093,0.9904,1.0,0,6,0,619,0.0096,0.0,0.0,0.0,0.5
11,local_defect,0.008,two_sided_straddle,0.24,0.006139114863522303,0.004978874843598095,1.0,0.0,6,0,0,619,0.0096,1.0,1.0,0.0,1.0
11,local_defect,0.008,evidence_gated,0.24,0.005788454126436822,0.00465954138359195,0.9968,0.0,6,0,2,617,0.0096,1.0,0.75,0.0032310177705977385,0.9983844911147011
11,mixed,0.003,uncertainty_only,0.24,0.005372144374031415,0.0031775608390956418,0.9744,0.46153846153846156,14,12,4,595,0.0416,0.5384615384615384,0.7777777777777778,0.00667779632721202,0.7658918710671632
11,mixed,0.003,two_sided_straddle,0.24,0.007687998333826928,0.005647843410983356,0.9888,0.11538461538461539,23,3,4,595,0.0416,0.8846153846153846,0.8518518518518519,0.00667779632721202,0.9389687941440863
11,mixed,0.003,evidence_gated,0.24,0.00426017792464826,0.0032756621380278413,0.9856,0.11538461538461539,23,3,6,593,0.0416,0.8846153846153846,0.7931034482758621,0.01001669449081803,0.9372993450622833
11,mixed,0.008,uncertainty_only,0.24,0.008741454431180917,0.006063283807848405,0.9616,0.6153846153846154,10,16,8,591,0.0416,0.38461538461538464,0.5555555555555556,0.01335559265442404,0.6856298959804803
11,mixed,0.008,two_sided_straddle,0.24,0.01022985827749447,0.008110583203387301,0.9904,0.11538461538461539,23,3,3,596,0.0416,0.8846153846153846,0.8846153846153846,0.005008347245409015,0.9398035186849878
11,mixed,0.008,evidence_gated,0.24,0.008976439656021446,0.0066059510584325605,0.9712,0.5,13,13,5,594,0.0416,0.5,0.7222222222222222,0.008347245409015025,0.7458263772954925
12,smooth,0.003,uncertainty_only,0.24,0.002900494043293502,0.002270446061522344,0.9872,0.3181818181818182,15,7,1,602,0.0352,0.6818181818181818,0.9375,0.001658374792703151,0.8400799035127393
12,smooth,0.003,two_sided_straddle,0.24,0.003038635992752702,0.0022299035413540897,0.9936,0.0,22,0,4,599,0.0352,1.0,0.8461538461538461,0.006633499170812604,0.9966832504145937
12,smooth,0.003,evidence_gated,0.24,0.003144006695004677,0.002461153393796856,0.992,0.045454545454545456,21,1,4,599,0.0352,0.9545454545454546,0.84,0.006633499170812604,0.973955977687321
12,smooth,0.008,uncertainty_only,0.24,0.0052158666853949435,0.004151138945855365,0.9648,0.45454545454545453,12,10,12,591,0.0352,0.5454545454545454,0.5,0.01990049751243781,0.7627770239710538
12,smooth,0.008,two_sided_straddle,0.24,0.007200354214221871,0.0054748615793019425,0.9728,0.4090909090909091,13,9,8,595,0.0352,0.5909090909090909,0.6190476190476191,0.013266998341625208,0.7888210462837328
12,smooth,0.008,evidence_gated,0.24,0.0070247869663338895,0.005713453308183582,0.9728,0.36363636363636365,14,8,9,594,0.0352,0.6363636363636364,0.6086956521739131,0.014925373134328358,0.810719131614654
12,waviness,0.003,uncertainty_only,0.24,0.006304319644135837,0.004702680290698308,0.9376,0.5135135135135135,36,38,1,550,0.1184,0.4864864864864865,0.972972972972973,0.0018148820326678765,0.7423358022269093
12,waviness,0.003,two_sided_straddle,0.24,0.011480330560893037,0.007673591724750032,0.9456,0.4189189189189189,43,31,3,548,0.1184,0.581081081081081,0.9347826086956522,0.0054446460980036296,0.7878182174915387
12,waviness,0.003,evidence_gated,0.24,0.009560853690001673,0.006838413623147181,0.952,0.36486486486486486,47,27,3,548,0.1184,0.6351351351351351,0.94,0.0054446460980036296,0.8148452445185657
12,waviness,0.008,uncertainty_only,0.24,0.01030058618063205,0.008056289196565002,0.9136,0.7027027027027027,22,52,2,549,0.1184,0.2972972972972973,0.9166666666666666,0.003629764065335753,0.6468337666159808
12,waviness,0.008,two_sided_straddle,0.24,0.013541184421753644,0.009928926363698262,0.936,0.4594594594594595,40,34,6,545,0.1184,0.5405405405405406,0.8695652173913043,0.010889292196007259,0.7648256241722666
12,waviness,0.008,evidence_gated,0.24,0.010262416082078176,0.007887473382002432,0.9312,0.5135135135135135,36,38,5,546,0.1184,0.4864864864864865,0.8780487804878049,0.009074410163339383,0.7387060381615735
12,local_defect,0.003,uncertainty_only,0.24,0.0032576171690683565,0.0022750658580605564,0.9968,0.043478260869565216,22,1,1,601,0.0368,0.9565217391304348,0.9565217391304348,0.0016611295681063123,0.9774303047811643
12,local_defect,0.003,two_sided_straddle,0.24,0.003154073236255551,0.0022249318042969245,0.9968,0.0,23,0,2,600,0.0368,1.0,0.92,0.0033222591362126247,0.9983388704318936
12,local_defect,0.003,evidence_gated,0.24,0.00325958255184131,0.0024514018355737454,0.9968,0.043478260869565216,22,1,1,601,0.0368,0.9565217391304348,0.9565217391304348,0.0016611295681063123,0.9774303047811643
12,local_defect,0.008,uncertainty_only,0.24,0.007071240034977114,0.005700027121283184,0.9712,0.043478260869565216,22,1,17,585,0.0368,0.9565217391304348,0.5641025641025641,0.02823920265780731,0.9641412682363137
12,local_defect,0.008,two_sided_straddle,0.24,0.006315920570597329,0.004982867358248961,0.9888,0.0,23,0,7,595,0.0368,1.0,0.7666666666666667,0.011627906976744186,0.9941860465116279
12,local_defect,0.008,evidence_gated,0.24,0.0072016419364213675,0.005931998732118595,0.9824,0.0,23,0,11,591,0.0368,1.0,0.6764705882352942,0.018272425249169437,0.9908637873754154
12,mixed,0.003,uncertainty_only,0.24,0.0038961960497999343,0.00281833324497735,0.9824,0.4166666666666667,14,10,1,600,0.0384,0.5833333333333334,0.9333333333333333,0.0016638935108153079,0.7908347199112591
12,mixed,0.003,two_sided_straddle,0.24,0.005690661871516041,0.004120970455802541,0.9904,0.16666666666666666,20,4,2,599,0.0384,0.8333333333333334,0.9090909090909091,0.0033277870216306157,0.9150027731558514
12,mixed,0.003,evidence_gated,0.24,0.004420099704377197,0.00335919967066974,0.9856,0.25,18,6,3,598,0.0384,0.75,0.8571428571428571,0.004991680532445923,0.872504159733777
12,mixed,0.008,uncertainty_only,0.24,0.00852956708744355,0.0067296034438684045,0.9744,0.5416666666666666,11,13,3,598,0.0384,0.4583333333333333,0.7857142857142857,0.004991680532445923,0.7266708264004437
12,mixed,0.008,two_sided_straddle,0.24,0.008750101840717521,0.006759114329017674,0.9776,0.3333333333333333,16,8,6,595,0.0384,0.6666666666666666,0.7272727272727273,0.009983361064891847,0.8283416528008873
12,mixed,0.008,evidence_gated,0.24,0.009095574676383876,0.0070817367132584704,0.976,0.3333333333333333,16,8,7,594,0.0384,0.6666666666666666,0.6956521739130435,0.011647254575707155,0.8275097060454797
13,smooth,0.003,uncertainty_only,0.24,0.0027434320801591645,0.0021868364383740603,0.984,0.24,19,6,4,596,0.04,0.76,0.8260869565217391,0.006666666666666667,0.8766666666666667
13,smooth,0.003,two_sided_straddle,0.24,0.0034357138084190903,0.002707287279217657,0.9904,0.24,19,6,0,600,0.04,0.76,1.0,0.0,0.88
13,smooth,0.003,evidence_gated,0.24,0.0027949689696760054,0.002213187605722885,0.9856,0.28,18,7,2,598,0.04,0.72,0.9,0.0033333333333333335,0.8583333333333334
13,smooth,0.008,uncertainty_only,0.24,0.00618677651426039,0.004843067590699892,0.9568,0.68,8,17,10,590,0.04,0.32,0.4444444444444444,0.016666666666666666,0.6516666666666666
13,smooth,0.008,two_sided_straddle,0.24,0.0065713151149395,0.005095821144519733,0.9824,0.32,17,8,3,597,0.04,0.68,0.85,0.005,0.8375
13,smooth,0.008,evidence_gated,0.24,0.00573202260677859,0.004339209298457227,0.9776,0.44,14,11,3,597,0.04,0.56,0.8235294117647058,0.005,0.7775000000000001
13,waviness,0.003,uncertainty_only,0.24,0.006556773142110327,0.004867963010268346,0.9328,0.6610169491525424,20,39,3,563,0.0944,0.3389830508474576,0.8695652173913043,0.00530035335689046,0.6668413487452836
13,waviness,0.003,two_sided_straddle,0.24,0.01195314491346421,0.0082978097213234,0.9504,0.5084745762711864,29,30,1,565,0.0944,0.4915254237288136,0.9666666666666667,0.0017667844522968198,0.7448793196382584
13,waviness,0.003,evidence_gated,0.24,0.008468764223364957,0.006235001981794381,0.9488,0.4915254237288136,30,29,3,563,0.0944,0.5084745762711864,0.9090909090909091,0.00530035335689046,0.751587111457148
13,waviness,0.008,uncertainty_only,0.24,0.009926540560991253,0.007791401994981707,0.9136,0.8813559322033898,7,52,2,564,0.0944,0.11864406779661017,0.7777777777777778,0.0035335689045936395,0.5575552494460082
13,waviness,0.008,two_sided_straddle,0.24,0.013699348123245381,0.010623782246311428,0.9264,0.711864406779661,17,42,4,562,0.0944,0.288135593220339,0.8095238095238095,0.007067137809187279,0.6405342277055759
13,waviness,0.008,evidence_gated,0.24,0.013468181196348922,0.010209527861113748,0.9296,0.711864406779661,17,42,2,564,0.0944,0.288135593220339,0.8947368421052632,0.0035335689045936395,0.6423010121578727
13,local_defect,0.003,uncertainty_only,0.24,0.004669854148766767,0.0028408156989972147,0.9808,0.0,30,0,12,583,0.048,1.0,0.7142857142857143,0.020168067226890758,0.9899159663865547
13,local_defect,0.003,two_sided_straddle,0.24,0.005289713414747198,0.003063887274884263,0.992,0.03333333333333333,29,1,4,591,0.048,0.9666666666666667,0.8787878787878788,0.0067226890756302525,0.9799719887955183
13,local_defect,0.003,evidence_gated,0.24,0.0027774130350498912,0.0019499565280728859,0.9968,0.0,30,0,2,593,0.048,1.0,0.9375,0.0033613445378151263,0.9983193277310924
13,local_defect,0.008,uncertainty_only,0.24,0.006052210971212937,0.004588576571373725,0.9888,0.0,30,0,7,588,0.048,1.0,0.8108108108108109,0.011764705882352941,0.9941176470588236
13,local_defect,0.008,two_sided_straddle,0.24,0.006916620586276386,0.005229778720809594,0.9968,0.0,30,0,2,593,0.048,1.0,0.9375,0.0033613445378151263,0.9983193277310924
13,local_defect,0.008,evidence_gated,0.24,0.007076355678681267,0.005077557797163185,0.9968,0.0,30,0,2,593,0.048,1.0,0.9375,0.0033613445378151263,0.9983193277310924
13,mixed,0.003,uncertainty_only,0.24,0.004809175497243656,0.0031806983320305736,0.9712,0.41379310344827586,17,12,6,590,0.0464,0.5862068965517241,0.7391304347826086,0.010067114093959731,0.7880698912288822
13,mixed,0.003,two_sided_straddle,0.24,0.007169767890011496,0.004758164849714645,0.9904,0.13793103448275862,25,4,2,594,0.0464,0.8620689655172413,0.9259259259259259,0.003355704697986577,0.9293566304096273
13,mixed,0.003,evidence_gated,0.24,0.005287189622828102,0.0039099130169081234,0.9872,0.10344827586206896,26,3,5,591,0.0464,0.896551724137931,0.8387096774193549,0.008389261744966443,0.9440812311964824
13,mixed,0.008,uncertainty_only,0.24,0.006806092566250178,0.005088946983167352,0.9648,0.4827586206896552,15,14,8,588,0.0464,0.5172413793103449,0.6521739130434783,0.013422818791946308,0.7519092802591993
13,mixed,0.008,two_sided_straddle,0.24,0.008295817411780869,0.0063900341735523905,0.9696,0.3448275862068966,19,10,9,587,0.0464,0.6551724137931034,0.6785714285714286,0.015100671140939598,0.8200358713260819
13,mixed,0.008,evidence_gated,0.24,0.00839002801270817,0.0067772440930182224,0.968,0.2413793103448276,22,7,13,583,0.0464,0.7586206896551724,0.6285714285714286,0.02181208053691275,0.8684043045591299
14,smooth,0.003,uncertainty_only,0.24,0.0029574756747854803,0.002415318049093405,0.9952,0.041666666666666664,23,1,2,599,0.0384,0.9583333333333334,0.92,0.0033277870216306157,0.9775027731558514
14,smooth,0.003,two_sided_straddle,0.24,0.003656826285912105,0.0028469824478541362,0.9936,0.041666666666666664,23,1,3,598,0.0384,0.9583333333333334,0.8846153846153846,0.004991680532445923,0.9766708264004438
14,smooth,0.003,evidence_gated,0.24,0.002744762198710909,0.0022068643731717897,0.9888,0.041666666666666664,23,1,6,595,0.0384,0.9583333333333334,0.7931034482758621,0.009983361064891847,0.9741749861342208
14,smooth,0.008,uncertainty_only,0.24,0.006133733563768035,0.004886629789683584,0.9904,0.20833333333333334,19,5,1,600,0.0384,0.7916666666666666,0.95,0.0016638935108153079,0.8950013865779256
14,smooth,0.008,two_sided_straddle,0.24,0.006338469849106957,0.004957207794798811,0.9744,0.20833333333333334,19,5,11,590,0.0384,0.7916666666666666,0.6333333333333333,0.018302828618968387,0.8866819190238491
14,smooth,0.008,evidence_gated,0.24,0.005710936214014244,0.004419209338409441,0.9936,0.08333333333333333,22,2,2,599,0.0384,0.9166666666666666,0.9166666666666666,0.0033277870216306157,0.956669439822518
14,waviness,0.003,uncertainty_only,0.24,0.006030483285602249,0.004625715589908984,0.9456,0.5423728813559322,27,32,2,564,0.0944,0.4576271186440678,0.9310344827586207,0.0035335689045936395,0.7270467748697371
14,waviness,0.003,two_sided_straddle,0.24,0.012747268278090518,0.009218850882534753,0.9456,0.4915254237288136,30,29,5,561,0.0944,0.5084745762711864,0.8571428571428571,0.0088339222614841,0.7498203270048511
14,waviness,0.003,evidence_gated,0.24,0.010468571713113136,0.007440494871268119,0.9536,0.4406779661016949,33,26,3,563,0.0944,0.559322033898305,0.9166666666666666,0.00530035335689046,0.7770108402707072
14,waviness,0.008,uncertainty_only,0.24,0.009959778936510568,0.00786864231982188,0.9264,0.7457627118644068,15,44,2,564,0.0944,0.2542372881355932,0.8823529411764706,0.0035335689045936395,0.6253518596154998
14,waviness,0.008,two_sided_straddle,0.24,0.012828916847345082,0.009536240007191945,0.9296,0.6779661016949152,19,40,4,562,0.0944,0.3220338983050847,0.8260869565217391,0.007067137809187279,0.6574833802479487
14,waviness,0.008,evidence_gated,0.24,0.01348272068576806,0.010343970246016675,0.9264,0.711864406779661,17,42,4,562,0.0944,0.288135593220339,0.8095238095238095,0.007067137809187279,0.6405342277055759
14,local_defect,0.003,uncertainty_only,0.24,0.0030749010805026364,0.002271594642010395,0.9952,0.0,10,0,3,612,0.016,1.0,0.7692307692307693,0.004878048780487805,0.9975609756097561
14,local_defect,0.003,two_sided_straddle,0.24,0.0027577619392531376,0.0021661845838274246,0.9984,0.0,10,0,1,614,0.016,1.0,0.9090909090909091,0.0016260162601626016,0.9991869918699188
14,local_defect,0.003,evidence_gated,0.24,0.002837236963544766,0.0022760717382320026,0.9984,0.0,10,0,1,614,0.016,1.0,0.9090909090909091,0.0016260162601626016,0.9991869918699188
14,local_defect,0.008,uncertainty_only,0.24,0.0062644365361069895,0.004653404484086436,0.9904,0.4,6,4,2,613,0.016,0.6,0.75,0.0032520325203252032,0.7983739837398374
14,local_defect,0.008,two_sided_straddle,0.24,0.005897519382156501,0.0046254521737714395,0.9968,0.1,9,1,1,614,0.016,0.9,0.9,0.0016260162601626016,0.9491869918699187
14,local_defect,0.008,evidence_gated,0.24,0.00495216269381862,0.0038171020080844864,0.9952,0.2,8,2,1,614,0.016,0.8,0.8888888888888888,0.0016260162601626016,0.8991869918699187
14,mixed,0.003,uncertainty_only,0.24,0.003779986380589421,0.0029577853274173147,0.9904,0.46153846153846156,7,6,0,612,0.0208,0.5384615384615384,1.0,0.0,0.7692307692307692
14,mixed,0.003,two_sided_straddle,0.24,0.005572476742747761,0.004312421461238987,0.9872,0.15384615384615385,11,2,6,606,0.0208,0.8461538461538461,0.6470588235294118,0.00980392156862745,0.9181749622926094
14,mixed,0.003,evidence_gated,0.24,0.004146024783083218,0.0033140786895756854,0.9888,0.07692307692307693,12,1,6,606,0.0208,0.9230769230769231,0.6666666666666666,0.00980392156862745,0.9566365007541479
14,mixed,0.008,uncertainty_only,0.24,0.006195133550286817,0.004942277340465776,0.984,0.6923076923076923,4,9,1,611,0.0208,0.3076923076923077,0.8,0.0016339869281045752,0.6530291603821016
14,mixed,0.008,two_sided_straddle,0.24,0.00794670451068919,0.006121990202507262,0.9872,0.46153846153846156,7,6,2,610,0.0208,0.5384615384615384,0.7777777777777778,0.0032679738562091504,0.7675967823026646
14,mixed,0.008,evidence_gated,0.24,0.0066590546826422676,0.005265668130967526,0.9888,0.46153846153846156,7,6,1,611,0.0208,0.5384615384615384,0.875,0.0016339869281045752,0.7684137757667169
